#
# There is insufficient memory for the Java Runtime Environment to continue.
# Native memory allocation (malloc) failed to allocate 2056016 bytes for Chunk::new
# Possible reasons:
#   The system is out of physical RAM or swap space
#   The process is running with CompressedOops enabled, and the Java Heap may be blocking the growth of the native heap
# Possible solutions:
#   Reduce memory load on the system
#   Increase physical memory or swap space
#   Check if swap backing store is full
#   Decrease Java heap size (-Xmx/-Xms)
#   Decrease number of Java threads
#   Decrease Java thread stack sizes (-Xss)
#   Set larger code cache with -XX:ReservedCodeCacheSize=
#   JVM is running with Unscaled Compressed Oops mode in which the Java heap is
#     placed in the first 4GB address space. The Java Heap base address is the
#     maximum limit for the native heap growth. Please use -XX:HeapBaseMinAddress
#     to set the Java Heap base and to place the Java Heap above 4GB virtual address.
# This output file may be truncated or incomplete.
#
#  Out of Memory Error (arena.cpp:189), pid=812, tid=23692
#
# JRE version: Java(TM) SE Runtime Environment (17.0.12+8) (build 17.0.12+8-LTS-286)
# Java VM: Java HotSpot(TM) 64-Bit Server VM (17.0.12+8-LTS-286, mixed mode, sharing, tiered, compressed oops, compressed class ptrs, g1 gc, windows-amd64)
# No core dump will be written. Minidumps are not enabled by default on client versions of Windows
#

---------------  S U M M A R Y ------------

Command Line: --add-opens=java.base/java.lang=ALL-UNNAMED --add-opens=java.base/java.lang.invoke=ALL-UNNAMED --add-opens=java.base/java.util=ALL-UNNAMED --add-opens=java.prefs/java.util.prefs=ALL-UNNAMED --add-exports=jdk.compiler/com.sun.tools.javac.api=ALL-UNNAMED --add-exports=jdk.compiler/com.sun.tools.javac.util=ALL-UNNAMED --add-opens=java.base/java.util=ALL-UNNAMED --add-opens=java.prefs/java.util.prefs=ALL-UNNAMED --add-opens=java.base/java.nio.charset=ALL-UNNAMED --add-opens=java.base/java.net=ALL-UNNAMED --add-opens=java.base/java.util.concurrent.atomic=ALL-UNNAMED --add-opens=java.xml/javax.xml.namespace=ALL-UNNAMED -XX:MaxMetaspaceSize=512m -Xmx1024m -Dfile.encoding=UTF-8 -Duser.country=KR -Duser.language=ko -Duser.variant -javaagent:C:\Users\psm30\.gradle\wrapper\dists\gradle-8.11.1-bin\bpt9gzteqjrbo1mjrsomdt32c\gradle-8.11.1\lib\agents\gradle-instrumentation-agent-8.11.1.jar org.gradle.launcher.daemon.bootstrap.GradleDaemon 8.11.1

Host: Intel(R) Core(TM) i7-8565U CPU @ 1.80GHz, 8 cores, 3G,  Windows 11 , 64 bit Build 26100 (10.0.26100.9168)
Time: Fri Aug 21 09:00:04 2026  Windows 11 , 64 bit Build 26100 (10.0.26100.9168) elapsed time: 294.675777 seconds (0d 0h 4m 54s)

---------------  T H R E A D  ---------------

Current thread (0x00000177401b35b0):  JavaThread "C2 CompilerThread1" daemon [_thread_in_native, id=23692, stack(0x0000003135f00000,0x0000003136000000)]


Current CompileTask:
C2: 294676 23678   !   4       org.jetbrains.kotlin.metadata.ProtoBuf$Function::<init> (1410 bytes)

Stack: [0x0000003135f00000,0x0000003136000000]
Native frames: (J=compiled Java code, j=interpreted, Vv=VM code, C=native code)
V  [jvm.dll+0x67a04a]
V  [jvm.dll+0x7da4ed]
V  [jvm.dll+0x7dbe33]
V  [jvm.dll+0x7dc4a3]
V  [jvm.dll+0x24508f]
V  [jvm.dll+0xab773]
V  [jvm.dll+0xabd3c]
V  [jvm.dll+0x361b9f]
V  [jvm.dll+0x32c431]
V  [jvm.dll+0x32b8ca]
V  [jvm.dll+0x21683f]
V  [jvm.dll+0x215c6f]
V  [jvm.dll+0x1a2960]
V  [jvm.dll+0x22610b]
V  [jvm.dll+0x2242ab]
V  [jvm.dll+0x79075c]
V  [jvm.dll+0x78abea]
V  [jvm.dll+0x678f35]
C  [ucrtbase.dll+0x2cd30]
C  [KERNEL32.DLL+0x2ccb7]
C  [ntdll.dll+0xaad6c]


---------------  P R O C E S S  ---------------

Threads class SMR info:
_java_thread_list=0x00000177327ad390, length=67, elements={
0x0000017772257e20, 0x000001777eb0f480, 0x000001777eb10ac0, 0x000001777eb26290,
0x000001777eb28b70, 0x000001777eb29fb0, 0x000001777eb33400, 0x000001777eb3f3f0,
0x000001777eb612b0, 0x000001777eb69bd0, 0x000001777ed08b40, 0x000001777ee539e0,
0x0000017730d60050, 0x000001773045d3a0, 0x0000017730e0c400, 0x000001777f15cf00,
0x0000017730fb6490, 0x000001773080fa90, 0x000001773080f580, 0x00000177308118f0,
0x00000177308109c0, 0x0000017730811e00, 0x000001773080ffa0, 0x00000177308104b0,
0x0000017730810ed0, 0x00000177308113e0, 0x0000017730812310, 0x0000017730812820,
0x000001773080f070, 0x00000177316b08f0, 0x00000177316b3b90, 0x00000177316b1310,
0x00000177316b0e00, 0x00000177316b03e0, 0x00000177316b2750, 0x00000177316b3170,
0x00000177316b1d30, 0x00000177316b2240, 0x00000177316b5f00, 0x0000017733c728c0,
0x0000017735cdbd30, 0x0000017735cdb820, 0x0000017735cdd170, 0x0000017735cda8f0,
0x0000017735cdc240, 0x0000017735cd9ed0, 0x0000017735cdae00, 0x0000017733c70040,
0x00000177359e6db0, 0x00000177359e72c0, 0x00000177359e5970, 0x00000177359e4530,
0x00000177359e77d0, 0x00000177359e5e80, 0x00000177359e68a0, 0x00000177359e9120,
0x00000177359e9b40, 0x00000177359eb9a0, 0x00000177316b6e30, 0x00000177359e81f0,
0x00000177329c9bc0, 0x00000177329cd370, 0x00000177329ca0d0, 0x0000017740219600,
0x000001774021a020, 0x000001774021aa40, 0x00000177401b35b0
}

Java Threads: ( => current thread )
  0x0000017772257e20 JavaThread "main" [_thread_blocked, id=2528, stack(0x0000003131500000,0x0000003131600000)]
  0x000001777eb0f480 JavaThread "Reference Handler" daemon [_thread_blocked, id=16884, stack(0x0000003131c00000,0x0000003131d00000)]
  0x000001777eb10ac0 JavaThread "Finalizer" daemon [_thread_blocked, id=12104, stack(0x0000003131d00000,0x0000003131e00000)]
  0x000001777eb26290 JavaThread "Signal Dispatcher" daemon [_thread_blocked, id=19584, stack(0x0000003131e00000,0x0000003131f00000)]
  0x000001777eb28b70 JavaThread "Attach Listener" daemon [_thread_blocked, id=18104, stack(0x0000003131f00000,0x0000003132000000)]
  0x000001777eb29fb0 JavaThread "Service Thread" daemon [_thread_blocked, id=14760, stack(0x0000003132000000,0x0000003132100000)]
  0x000001777eb33400 JavaThread "Monitor Deflation Thread" daemon [_thread_blocked, id=21356, stack(0x0000003132100000,0x0000003132200000)]
  0x000001777eb3f3f0 JavaThread "C2 CompilerThread0" daemon [_thread_blocked, id=17512, stack(0x0000003132200000,0x0000003132300000)]
  0x000001777eb612b0 JavaThread "C1 CompilerThread0" daemon [_thread_blocked, id=10256, stack(0x0000003132300000,0x0000003132400000)]
  0x000001777eb69bd0 JavaThread "Sweeper thread" daemon [_thread_blocked, id=13804, stack(0x0000003132400000,0x0000003132500000)]
  0x000001777ed08b40 JavaThread "Common-Cleaner" daemon [_thread_blocked, id=24264, stack(0x0000003132500000,0x0000003132600000)]
  0x000001777ee539e0 JavaThread "Notification Thread" daemon [_thread_blocked, id=19988, stack(0x0000003132700000,0x0000003132800000)]
  0x0000017730d60050 JavaThread "Daemon health stats" [_thread_blocked, id=11852, stack(0x0000003132e00000,0x0000003132f00000)]
  0x000001773045d3a0 JavaThread "Incoming local TCP Connector on port 53235" [_thread_in_native, id=16636, stack(0x0000003132c00000,0x0000003132d00000)]
  0x0000017730e0c400 JavaThread "Daemon periodic checks" [_thread_blocked, id=11292, stack(0x0000003132f00000,0x0000003133000000)]
  0x000001777f15cf00 JavaThread "Daemon" [_thread_blocked, id=10476, stack(0x0000003133000000,0x0000003133100000)]
  0x0000017730fb6490 JavaThread "Handler for socket connection from /127.0.0.1:53235 to /127.0.0.1:53237" [_thread_in_native, id=13468, stack(0x0000003133100000,0x0000003133200000)]
  0x000001773080fa90 JavaThread "Cancel handler" [_thread_blocked, id=23568, stack(0x0000003133200000,0x0000003133300000)]
  0x000001773080f580 JavaThread "Daemon worker" [_thread_blocked, id=11136, stack(0x0000003133300000,0x0000003133400000)]
  0x00000177308118f0 JavaThread "Asynchronous log dispatcher for DefaultDaemonConnection: socket connection from /127.0.0.1:53235 to /127.0.0.1:53237" [_thread_blocked, id=18236, stack(0x0000003133400000,0x0000003133500000)]
  0x00000177308109c0 JavaThread "Stdin handler" [_thread_blocked, id=23700, stack(0x0000003133500000,0x0000003133600000)]
  0x0000017730811e00 JavaThread "Daemon client event forwarder" [_thread_blocked, id=8272, stack(0x0000003133600000,0x0000003133700000)]
  0x000001773080ffa0 JavaThread "Cache worker for journal cache (C:\Users\psm30\.gradle\caches\journal-1)" [_thread_blocked, id=3280, stack(0x0000003133900000,0x0000003133a00000)]
  0x00000177308104b0 JavaThread "File lock request listener" [_thread_in_native, id=21244, stack(0x0000003133a00000,0x0000003133b00000)]
  0x0000017730810ed0 JavaThread "Cache worker for file hash cache (C:\Users\psm30\.gradle\caches\8.11.1\fileHashes)" [_thread_blocked, id=7712, stack(0x0000003133b00000,0x0000003133c00000)]
  0x00000177308113e0 JavaThread "Cache worker for file content cache (C:\Users\psm30\.gradle\caches\8.11.1\fileContent)" [_thread_blocked, id=13844, stack(0x0000003133c00000,0x0000003133d00000)]
  0x0000017730812310 JavaThread "Cache worker for file hash cache (C:\workspace\Hackathon\Android\.gradle\8.11.1\fileHashes)" [_thread_blocked, id=7204, stack(0x0000003133d00000,0x0000003133e00000)]
  0x0000017730812820 JavaThread "Cache worker for Build Output Cleanup Cache (C:\workspace\Hackathon\Android\.gradle\buildOutputCleanup)" [_thread_blocked, id=10140, stack(0x0000003133e00000,0x0000003133f00000)]
  0x000001773080f070 JavaThread "File watcher server" daemon [_thread_in_native, id=12380, stack(0x0000003134000000,0x0000003134100000)]
  0x00000177316b08f0 JavaThread "File watcher consumer" daemon [_thread_blocked, id=14896, stack(0x0000003134100000,0x0000003134200000)]
  0x00000177316b3b90 JavaThread "Cache worker for checksums cache (C:\workspace\Hackathon\Android\.gradle\8.11.1\checksums)" [_thread_blocked, id=13724, stack(0x0000003134200000,0x0000003134300000)]
  0x00000177316b1310 JavaThread "Cache worker for cache directory md-rule (C:\Users\psm30\.gradle\caches\8.11.1\md-rule)" [_thread_blocked, id=19164, stack(0x0000003134300000,0x0000003134400000)]
  0x00000177316b0e00 JavaThread "Cache worker for cache directory md-supplier (C:\Users\psm30\.gradle\caches\8.11.1\md-supplier)" [_thread_blocked, id=19168, stack(0x0000003134400000,0x0000003134500000)]
  0x00000177316b03e0 JavaThread "Unconstrained build operations" [_thread_blocked, id=23636, stack(0x0000003134500000,0x0000003134600000)]
  0x00000177316b2750 JavaThread "Unconstrained build operations Thread 2" [_thread_blocked, id=6496, stack(0x0000003134600000,0x0000003134700000)]
  0x00000177316b3170 JavaThread "Unconstrained build operations Thread 3" [_thread_blocked, id=6724, stack(0x0000003134700000,0x0000003134800000)]
  0x00000177316b1d30 JavaThread "Memory manager" [_thread_blocked, id=9508, stack(0x0000003134b00000,0x0000003134c00000)]
  0x00000177316b2240 JavaThread "build event listener" [_thread_blocked, id=17544, stack(0x0000003134c00000,0x0000003134d00000)]
  0x00000177316b5f00 JavaThread "build event listener" [_thread_blocked, id=20108, stack(0x0000003134d00000,0x0000003134e00000)]
  0x0000017733c728c0 JavaThread "Problems report writer" [_thread_blocked, id=6540, stack(0x0000003134e00000,0x0000003134f00000)]
  0x0000017735cdbd30 JavaThread "pool-3-thread-1" [_thread_blocked, id=22744, stack(0x0000003134800000,0x0000003134900000)]
  0x0000017735cdb820 JavaThread "build event listener" [_thread_blocked, id=22608, stack(0x0000003134f00000,0x0000003135000000)]
  0x0000017735cdd170 JavaThread "included builds" [_thread_blocked, id=17852, stack(0x0000003135000000,0x0000003135100000)]
  0x0000017735cda8f0 JavaThread "Cache worker for execution history cache (C:\workspace\Hackathon\Android\.gradle\8.11.1\executionHistory)" [_thread_blocked, id=12516, stack(0x0000003135100000,0x0000003135200000)]
  0x0000017735cdc240 JavaThread "Unconstrained build operations Thread 4" [_thread_blocked, id=14136, stack(0x0000003135300000,0x0000003135400000)]
  0x0000017735cd9ed0 JavaThread "Unconstrained build operations Thread 5" [_thread_blocked, id=6036, stack(0x0000003131300000,0x0000003131400000)]
  0x0000017735cdae00 JavaThread "Unconstrained build operations Thread 6" [_thread_blocked, id=20156, stack(0x0000003131400000,0x0000003131500000)]
  0x0000017733c70040 JavaThread "Unconstrained build operations Thread 7" [_thread_blocked, id=6180, stack(0x0000003135200000,0x0000003135300000)]
  0x00000177359e6db0 JavaThread "Unconstrained build operations Thread 8" [_thread_blocked, id=18288, stack(0x0000003135400000,0x0000003135500000)]
  0x00000177359e72c0 JavaThread "WorkerExecutor Queue" [_thread_in_native, id=24408, stack(0x0000003131200000,0x0000003131300000)]
  0x00000177359e5970 JavaThread "Unconstrained build operations Thread 9" [_thread_blocked, id=1072, stack(0x0000003135500000,0x0000003135600000)]
  0x00000177359e4530 JavaThread "Unconstrained build operations Thread 10" [_thread_blocked, id=20112, stack(0x0000003135600000,0x0000003135700000)]
  0x00000177359e77d0 JavaThread "pool-4-thread-1" [_thread_blocked, id=24284, stack(0x0000003135700000,0x0000003135800000)]
  0x00000177359e5e80 JavaThread "stderr" [_thread_in_native, id=14872, stack(0x0000003135800000,0x0000003135900000)]
  0x00000177359e68a0 JavaThread "stdout" [_thread_in_native, id=23352, stack(0x0000003135900000,0x0000003135a00000)]
  0x00000177359e9120 JavaThread "RMI Scheduler(0)" daemon [_thread_blocked, id=1536, stack(0x0000003135a00000,0x0000003135b00000)]
  0x00000177359e9b40 JavaThread "RMI GC Daemon" daemon [_thread_blocked, id=10916, stack(0x0000003135c00000,0x0000003135d00000)]
  0x00000177359eb9a0 JavaThread "RMI TCP Accept-0" daemon [_thread_in_native, id=22936, stack(0x0000003135d00000,0x0000003135e00000)]
  0x00000177316b6e30 JavaThread "RMI Reaper" [_thread_blocked, id=21644, stack(0x0000003135e00000,0x0000003135f00000)]
  0x00000177359e81f0 JavaThread "Cache worker for Java compile cache (C:\Users\psm30\.gradle\caches\8.11.1\javaCompile)" [_thread_blocked, id=19424, stack(0x0000003135b00000,0x0000003135c00000)]
  0x00000177329c9bc0 JavaThread "Build operations" [_thread_blocked, id=4548, stack(0x0000003136000000,0x0000003136100000)]
  0x00000177329cd370 JavaThread "Periodic tasks thread" daemon [_thread_blocked, id=3656, stack(0x0000003136300000,0x0000003136400000)]
  0x00000177329ca0d0 JavaThread "ApplicationImpl pooled thread 1" [_thread_blocked, id=10444, stack(0x0000003136400000,0x0000003136500000)]
  0x0000017740219600 JavaThread "ForkJoinPool.commonPool-worker-1" daemon [_thread_blocked, id=24384, stack(0x0000003136200000,0x0000003136300000)]
  0x000001774021a020 JavaThread "Java2D Disposer" daemon [_thread_blocked, id=15928, stack(0x0000003136500000,0x0000003136600000)]
  0x000001774021aa40 JavaThread "AWT-Windows" daemon [_thread_in_native, id=10304, stack(0x0000003136700000,0x0000003136800000)]
=>0x00000177401b35b0 JavaThread "C2 CompilerThread1" daemon [_thread_in_native, id=23692, stack(0x0000003135f00000,0x0000003136000000)]

Other Threads:
  0x000001777eb092b0 VMThread "VM Thread" [stack: 0x0000003131b00000,0x0000003131c00000] [id=9852]
  0x00000177722be230 WatcherThread [stack: 0x0000003132800000,0x0000003132900000] [id=18496]
  0x0000017772296ee0 GCTaskThread "GC Thread#0" [stack: 0x0000003131600000,0x0000003131700000] [id=16984]
  0x000001777efe36e0 GCTaskThread "GC Thread#1" [stack: 0x0000003132900000,0x0000003132a00000] [id=7432]
  0x000001777f4e8960 GCTaskThread "GC Thread#2" [stack: 0x0000003132a00000,0x0000003132b00000] [id=21752]
  0x0000017730341250 GCTaskThread "GC Thread#3" [stack: 0x0000003132600000,0x0000003132700000] [id=21512]
  0x0000017730341510 GCTaskThread "GC Thread#4" [stack: 0x0000003132b00000,0x0000003132c00000] [id=14728]
  0x00000177304f9c00 GCTaskThread "GC Thread#5" [stack: 0x0000003132d00000,0x0000003132e00000] [id=12800]
  0x00000177305b4530 GCTaskThread "GC Thread#6" [stack: 0x0000003133700000,0x0000003133800000] [id=1016]
  0x0000017730fa7f00 GCTaskThread "GC Thread#7" [stack: 0x0000003133800000,0x0000003133900000] [id=17096]
  0x000001777229fd40 ConcurrentGCThread "G1 Main Marker" [stack: 0x0000003131700000,0x0000003131800000] [id=15604]
  0x00000177722a1330 ConcurrentGCThread "G1 Conc#0" [stack: 0x0000003131800000,0x0000003131900000] [id=5872]
  0x0000017731f9e490 ConcurrentGCThread "G1 Conc#1" [stack: 0x0000003133f00000,0x0000003134000000] [id=8660]
  0x0000017772308b30 ConcurrentGCThread "G1 Refine#0" [stack: 0x0000003131900000,0x0000003131a00000] [id=7748]
  0x0000017732c49690 ConcurrentGCThread "G1 Refine#1" [stack: 0x0000003136100000,0x0000003136200000] [id=6588]
  0x000001773ba203b0 ConcurrentGCThread "G1 Refine#2" [stack: 0x0000003136600000,0x0000003136700000] [id=15372]
  0x0000017772309470 ConcurrentGCThread "G1 Service" [stack: 0x0000003131a00000,0x0000003131b00000] [id=14924]

Threads with active compile tasks:
C2 CompilerThread1   294826 23678   !   4       org.jetbrains.kotlin.metadata.ProtoBuf$Function::<init> (1410 bytes)

VM state: not at safepoint (normal execution)

VM Mutex/Monitor currently owned by a thread: None

Heap address: 0x00000000c0000000, size: 1024 MB, Compressed Oops mode: 32-bit

CDS archive(s) mapped at: [0x0000017711000000-0x0000017711bd0000-0x0000017711bd0000), size 12386304, SharedBaseAddress: 0x0000017711000000, ArchiveRelocationMode: 1.
Compressed class space mapped at: 0x0000017712000000-0x000001772c000000, reserved size: 436207616
Narrow klass base: 0x0000017711000000, Narrow klass shift: 0, Narrow klass range: 0x100000000

GC Precious Log:
 CPUs: 8 total, 8 available
 Memory: 3987M
 Large Page Support: Disabled
 NUMA Support: Disabled
 Compressed Oops: Enabled (32-bit)
 Heap Region Size: 1M
 Heap Min Capacity: 8M
 Heap Initial Capacity: 64M
 Heap Max Capacity: 1G
 Pre-touch: Disabled
 Parallel Workers: 8
 Concurrent Workers: 2
 Concurrent Refinement Workers: 8
 Periodic GC: Disabled

Heap:
 garbage-first heap   total 566272K, used 279979K [0x00000000c0000000, 0x0000000100000000)
  region size 1024K, 19 young (19456K), 10 survivors (10240K)
 Metaspace       used 196713K, committed 198080K, reserved 622592K
  class space    used 25197K, committed 25792K, reserved 425984K

Heap Regions: E=young(eden), S=young(survivor), O=old, HS=humongous(starts), HC=humongous(continues), CS=collection set, F=free, OA=open archive, CA=closed archive, TAMS=top-at-mark-start (previous, next)
|   0|0x00000000c0000000, 0x00000000c0100000, 0x00000000c0100000|100%| O|  |TAMS 0x00000000c0100000, 0x00000000c0000000| Untracked 
|   1|0x00000000c0100000, 0x00000000c0200000, 0x00000000c0200000|100%|HS|  |TAMS 0x00000000c0200000, 0x00000000c0100000| Complete 
|   2|0x00000000c0200000, 0x00000000c0300000, 0x00000000c0300000|100%|HC|  |TAMS 0x00000000c0300000, 0x00000000c0200000| Complete 
|   3|0x00000000c0300000, 0x00000000c0400000, 0x00000000c0400000|100%|HC|  |TAMS 0x00000000c0400000, 0x00000000c0300000| Complete 
|   4|0x00000000c0400000, 0x00000000c0500000, 0x00000000c0500000|100%| O|  |TAMS 0x00000000c0500000, 0x00000000c0400000| Untracked 
|   5|0x00000000c0500000, 0x00000000c0600000, 0x00000000c0600000|100%| O|  |TAMS 0x00000000c0600000, 0x00000000c0500000| Untracked 
|   6|0x00000000c0600000, 0x00000000c0700000, 0x00000000c0700000|100%| O|  |TAMS 0x00000000c0700000, 0x00000000c0600000| Untracked 
|   7|0x00000000c0700000, 0x00000000c0800000, 0x00000000c0800000|100%| O|  |TAMS 0x00000000c0800000, 0x00000000c0700000| Untracked 
|   8|0x00000000c0800000, 0x00000000c0900000, 0x00000000c0900000|100%| O|  |TAMS 0x00000000c0900000, 0x00000000c0800000| Untracked 
|   9|0x00000000c0900000, 0x00000000c0a00000, 0x00000000c0a00000|100%| O|  |TAMS 0x00000000c0a00000, 0x00000000c0900000| Untracked 
|  10|0x00000000c0a00000, 0x00000000c0b00000, 0x00000000c0b00000|100%| O|  |TAMS 0x00000000c0b00000, 0x00000000c0a00000| Untracked 
|  11|0x00000000c0b00000, 0x00000000c0c00000, 0x00000000c0c00000|100%| O|  |TAMS 0x00000000c0c00000, 0x00000000c0b00000| Untracked 
|  12|0x00000000c0c00000, 0x00000000c0d00000, 0x00000000c0d00000|100%|HS|  |TAMS 0x00000000c0d00000, 0x00000000c0c00000| Complete 
|  13|0x00000000c0d00000, 0x00000000c0e00000, 0x00000000c0e00000|100%| O|  |TAMS 0x00000000c0e00000, 0x00000000c0d00000| Untracked 
|  14|0x00000000c0e00000, 0x00000000c0f00000, 0x00000000c0f00000|100%| O|  |TAMS 0x00000000c0f00000, 0x00000000c0e00000| Untracked 
|  15|0x00000000c0f00000, 0x00000000c1000000, 0x00000000c1000000|100%| O|  |TAMS 0x00000000c1000000, 0x00000000c0f00000| Untracked 
|  16|0x00000000c1000000, 0x00000000c1100000, 0x00000000c1100000|100%| O|  |TAMS 0x00000000c1100000, 0x00000000c1000000| Untracked 
|  17|0x00000000c1100000, 0x00000000c1200000, 0x00000000c1200000|100%| O|  |TAMS 0x00000000c1200000, 0x00000000c1100000| Untracked 
|  18|0x00000000c1200000, 0x00000000c1300000, 0x00000000c1300000|100%| O|  |TAMS 0x00000000c1300000, 0x00000000c1200000| Untracked 
|  19|0x00000000c1300000, 0x00000000c1400000, 0x00000000c1400000|100%| O|  |TAMS 0x00000000c1400000, 0x00000000c1300000| Untracked 
|  20|0x00000000c1400000, 0x00000000c1500000, 0x00000000c1500000|100%| O|  |TAMS 0x00000000c1500000, 0x00000000c1400000| Untracked 
|  21|0x00000000c1500000, 0x00000000c1600000, 0x00000000c1600000|100%| O|  |TAMS 0x00000000c1600000, 0x00000000c1500000| Untracked 
|  22|0x00000000c1600000, 0x00000000c1700000, 0x00000000c1700000|100%| O|  |TAMS 0x00000000c1700000, 0x00000000c1600000| Untracked 
|  23|0x00000000c1700000, 0x00000000c1800000, 0x00000000c1800000|100%| O|  |TAMS 0x00000000c1800000, 0x00000000c1700000| Untracked 
|  24|0x00000000c1800000, 0x00000000c1900000, 0x00000000c1900000|100%| O|  |TAMS 0x00000000c1900000, 0x00000000c1800000| Untracked 
|  25|0x00000000c1900000, 0x00000000c1a00000, 0x00000000c1a00000|100%| O|  |TAMS 0x00000000c1a00000, 0x00000000c1900000| Untracked 
|  26|0x00000000c1a00000, 0x00000000c1b00000, 0x00000000c1b00000|100%| O|  |TAMS 0x00000000c1b00000, 0x00000000c1a00000| Untracked 
|  27|0x00000000c1b00000, 0x00000000c1c00000, 0x00000000c1c00000|100%| O|  |TAMS 0x00000000c1c00000, 0x00000000c1b00000| Untracked 
|  28|0x00000000c1c00000, 0x00000000c1d00000, 0x00000000c1d00000|100%| O|  |TAMS 0x00000000c1d00000, 0x00000000c1c00000| Untracked 
|  29|0x00000000c1d00000, 0x00000000c1e00000, 0x00000000c1e00000|100%| O|  |TAMS 0x00000000c1e00000, 0x00000000c1d00000| Untracked 
|  30|0x00000000c1e00000, 0x00000000c1f00000, 0x00000000c1f00000|100%| O|  |TAMS 0x00000000c1f00000, 0x00000000c1e00000| Untracked 
|  31|0x00000000c1f00000, 0x00000000c2000000, 0x00000000c2000000|100%| O|  |TAMS 0x00000000c2000000, 0x00000000c1f00000| Untracked 
|  32|0x00000000c2000000, 0x00000000c2100000, 0x00000000c2100000|100%| O|  |TAMS 0x00000000c2100000, 0x00000000c2000000| Untracked 
|  33|0x00000000c2100000, 0x00000000c2200000, 0x00000000c2200000|100%| O|  |TAMS 0x00000000c2200000, 0x00000000c2100000| Untracked 
|  34|0x00000000c2200000, 0x00000000c2300000, 0x00000000c2300000|100%|HS|  |TAMS 0x00000000c2300000, 0x00000000c2200000| Complete 
|  35|0x00000000c2300000, 0x00000000c2400000, 0x00000000c2400000|100%| O|  |TAMS 0x00000000c2400000, 0x00000000c2300000| Untracked 
|  36|0x00000000c2400000, 0x00000000c2500000, 0x00000000c2500000|100%| O|  |TAMS 0x00000000c2500000, 0x00000000c2400000| Untracked 
|  37|0x00000000c2500000, 0x00000000c2600000, 0x00000000c2600000|100%| O|  |TAMS 0x00000000c2600000, 0x00000000c2500000| Untracked 
|  38|0x00000000c2600000, 0x00000000c2700000, 0x00000000c2700000|100%| O|  |TAMS 0x00000000c2700000, 0x00000000c2600000| Untracked 
|  39|0x00000000c2700000, 0x00000000c2800000, 0x00000000c2800000|100%| O|  |TAMS 0x00000000c2800000, 0x00000000c2700000| Untracked 
|  40|0x00000000c2800000, 0x00000000c2900000, 0x00000000c2900000|100%| O|  |TAMS 0x00000000c2900000, 0x00000000c2800000| Untracked 
|  41|0x00000000c2900000, 0x00000000c2a00000, 0x00000000c2a00000|100%| O|  |TAMS 0x00000000c2a00000, 0x00000000c2900000| Untracked 
|  42|0x00000000c2a00000, 0x00000000c2b00000, 0x00000000c2b00000|100%| O|  |TAMS 0x00000000c2b00000, 0x00000000c2a00000| Untracked 
|  43|0x00000000c2b00000, 0x00000000c2c00000, 0x00000000c2c00000|100%| O|  |TAMS 0x00000000c2c00000, 0x00000000c2b00000| Untracked 
|  44|0x00000000c2c00000, 0x00000000c2d00000, 0x00000000c2d00000|100%|HS|  |TAMS 0x00000000c2d00000, 0x00000000c2c00000| Complete 
|  45|0x00000000c2d00000, 0x00000000c2e00000, 0x00000000c2e00000|100%| O|  |TAMS 0x00000000c2e00000, 0x00000000c2d00000| Untracked 
|  46|0x00000000c2e00000, 0x00000000c2f00000, 0x00000000c2f00000|100%|HS|  |TAMS 0x00000000c2f00000, 0x00000000c2e00000| Complete 
|  47|0x00000000c2f00000, 0x00000000c3000000, 0x00000000c3000000|100%|HS|  |TAMS 0x00000000c3000000, 0x00000000c2f00000| Complete 
|  48|0x00000000c3000000, 0x00000000c3100000, 0x00000000c3100000|100%|HC|  |TAMS 0x00000000c3100000, 0x00000000c3000000| Complete 
|  49|0x00000000c3100000, 0x00000000c3200000, 0x00000000c3200000|100%| O|  |TAMS 0x00000000c3200000, 0x00000000c3100000| Untracked 
|  50|0x00000000c3200000, 0x00000000c3300000, 0x00000000c3300000|100%| O|  |TAMS 0x00000000c3300000, 0x00000000c3200000| Untracked 
|  51|0x00000000c3300000, 0x00000000c3400000, 0x00000000c3400000|100%|HS|  |TAMS 0x00000000c3400000, 0x00000000c3300000| Complete 
|  52|0x00000000c3400000, 0x00000000c3500000, 0x00000000c3500000|100%|HC|  |TAMS 0x00000000c3500000, 0x00000000c3400000| Complete 
|  53|0x00000000c3500000, 0x00000000c3600000, 0x00000000c3600000|100%|HS|  |TAMS 0x00000000c3600000, 0x00000000c3500000| Complete 
|  54|0x00000000c3600000, 0x00000000c3700000, 0x00000000c3700000|100%|HS|  |TAMS 0x00000000c3700000, 0x00000000c3600000| Complete 
|  55|0x00000000c3700000, 0x00000000c3800000, 0x00000000c3800000|100%| O|  |TAMS 0x00000000c3800000, 0x00000000c3700000| Untracked 
|  56|0x00000000c3800000, 0x00000000c3900000, 0x00000000c3900000|100%|HS|  |TAMS 0x00000000c3900000, 0x00000000c3800000| Complete 
|  57|0x00000000c3900000, 0x00000000c3a00000, 0x00000000c3a00000|100%| O|  |TAMS 0x00000000c3a00000, 0x00000000c3900000| Untracked 
|  58|0x00000000c3a00000, 0x00000000c3b00000, 0x00000000c3b00000|100%| O|  |TAMS 0x00000000c3b00000, 0x00000000c3a00000| Untracked 
|  59|0x00000000c3b00000, 0x00000000c3c00000, 0x00000000c3c00000|100%| O|  |TAMS 0x00000000c3c00000, 0x00000000c3b00000| Untracked 
|  60|0x00000000c3c00000, 0x00000000c3d00000, 0x00000000c3d00000|100%| O|  |TAMS 0x00000000c3d00000, 0x00000000c3c00000| Untracked 
|  61|0x00000000c3d00000, 0x00000000c3e00000, 0x00000000c3e00000|100%| O|  |TAMS 0x00000000c3e00000, 0x00000000c3d00000| Untracked 
|  62|0x00000000c3e00000, 0x00000000c3f00000, 0x00000000c3f00000|100%| O|  |TAMS 0x00000000c3f00000, 0x00000000c3e00000| Untracked 
|  63|0x00000000c3f00000, 0x00000000c4000000, 0x00000000c4000000|100%| O|  |TAMS 0x00000000c4000000, 0x00000000c3f00000| Untracked 
|  64|0x00000000c4000000, 0x00000000c4100000, 0x00000000c4100000|100%| O|  |TAMS 0x00000000c4100000, 0x00000000c4000000| Untracked 
|  65|0x00000000c4100000, 0x00000000c4200000, 0x00000000c4200000|100%| O|  |TAMS 0x00000000c4200000, 0x00000000c4100000| Untracked 
|  66|0x00000000c4200000, 0x00000000c4300000, 0x00000000c4300000|100%| O|  |TAMS 0x00000000c4300000, 0x00000000c4200000| Untracked 
|  67|0x00000000c4300000, 0x00000000c4400000, 0x00000000c4400000|100%| O|  |TAMS 0x00000000c4400000, 0x00000000c4300000| Untracked 
|  68|0x00000000c4400000, 0x00000000c4500000, 0x00000000c4500000|100%| O|  |TAMS 0x00000000c4500000, 0x00000000c4400000| Untracked 
|  69|0x00000000c4500000, 0x00000000c4600000, 0x00000000c4600000|100%|HS|  |TAMS 0x00000000c4600000, 0x00000000c4500000| Complete 
|  70|0x00000000c4600000, 0x00000000c4700000, 0x00000000c4700000|100%| O|  |TAMS 0x00000000c4700000, 0x00000000c4600000| Untracked 
|  71|0x00000000c4700000, 0x00000000c4800000, 0x00000000c4800000|100%| O|  |TAMS 0x00000000c4800000, 0x00000000c4700000| Untracked 
|  72|0x00000000c4800000, 0x00000000c4900000, 0x00000000c4900000|100%| O|  |TAMS 0x00000000c4900000, 0x00000000c4800000| Untracked 
|  73|0x00000000c4900000, 0x00000000c4a00000, 0x00000000c4a00000|100%| O|  |TAMS 0x00000000c4a00000, 0x00000000c4900000| Untracked 
|  74|0x00000000c4a00000, 0x00000000c4b00000, 0x00000000c4b00000|100%| O|  |TAMS 0x00000000c4b00000, 0x00000000c4a00000| Untracked 
|  75|0x00000000c4b00000, 0x00000000c4c00000, 0x00000000c4c00000|100%| O|  |TAMS 0x00000000c4c00000, 0x00000000c4b00000| Untracked 
|  76|0x00000000c4c00000, 0x00000000c4d00000, 0x00000000c4d00000|100%| O|  |TAMS 0x00000000c4d00000, 0x00000000c4c00000| Untracked 
|  77|0x00000000c4d00000, 0x00000000c4e00000, 0x00000000c4e00000|100%| O|  |TAMS 0x00000000c4e00000, 0x00000000c4d00000| Untracked 
|  78|0x00000000c4e00000, 0x00000000c4f00000, 0x00000000c4f00000|100%| O|  |TAMS 0x00000000c4f00000, 0x00000000c4e00000| Untracked 
|  79|0x00000000c4f00000, 0x00000000c5000000, 0x00000000c5000000|100%| O|  |TAMS 0x00000000c5000000, 0x00000000c4f00000| Untracked 
|  80|0x00000000c5000000, 0x00000000c5100000, 0x00000000c5100000|100%| O|  |TAMS 0x00000000c5100000, 0x00000000c5000000| Untracked 
|  81|0x00000000c5100000, 0x00000000c5200000, 0x00000000c5200000|100%| O|  |TAMS 0x00000000c5200000, 0x00000000c5100000| Untracked 
|  82|0x00000000c5200000, 0x00000000c5300000, 0x00000000c5300000|100%| O|  |TAMS 0x00000000c5300000, 0x00000000c5200000| Untracked 
|  83|0x00000000c5300000, 0x00000000c5400000, 0x00000000c5400000|100%| O|  |TAMS 0x00000000c5400000, 0x00000000c5300000| Untracked 
|  84|0x00000000c5400000, 0x00000000c5500000, 0x00000000c5500000|100%| O|  |TAMS 0x00000000c5500000, 0x00000000c5400000| Untracked 
|  85|0x00000000c5500000, 0x00000000c5600000, 0x00000000c5600000|100%| O|  |TAMS 0x00000000c5600000, 0x00000000c5500000| Untracked 
|  86|0x00000000c5600000, 0x00000000c5700000, 0x00000000c5700000|100%| O|  |TAMS 0x00000000c5700000, 0x00000000c5600000| Untracked 
|  87|0x00000000c5700000, 0x00000000c5800000, 0x00000000c5800000|100%| O|  |TAMS 0x00000000c5800000, 0x00000000c5700000| Untracked 
|  88|0x00000000c5800000, 0x00000000c5900000, 0x00000000c5900000|100%| O|  |TAMS 0x00000000c5900000, 0x00000000c5800000| Untracked 
|  89|0x00000000c5900000, 0x00000000c5a00000, 0x00000000c5a00000|100%| O|  |TAMS 0x00000000c5a00000, 0x00000000c5900000| Untracked 
|  90|0x00000000c5a00000, 0x00000000c5b00000, 0x00000000c5b00000|100%| O|  |TAMS 0x00000000c5b00000, 0x00000000c5a00000| Untracked 
|  91|0x00000000c5b00000, 0x00000000c5c00000, 0x00000000c5c00000|100%| O|  |TAMS 0x00000000c5c00000, 0x00000000c5b00000| Untracked 
|  92|0x00000000c5c00000, 0x00000000c5d00000, 0x00000000c5d00000|100%| O|  |TAMS 0x00000000c5d00000, 0x00000000c5c00000| Untracked 
|  93|0x00000000c5d00000, 0x00000000c5e00000, 0x00000000c5e00000|100%| O|  |TAMS 0x00000000c5e00000, 0x00000000c5d00000| Untracked 
|  94|0x00000000c5e00000, 0x00000000c5f00000, 0x00000000c5f00000|100%| O|  |TAMS 0x00000000c5f00000, 0x00000000c5e00000| Untracked 
|  95|0x00000000c5f00000, 0x00000000c6000000, 0x00000000c6000000|100%| O|  |TAMS 0x00000000c6000000, 0x00000000c5f00000| Untracked 
|  96|0x00000000c6000000, 0x00000000c6100000, 0x00000000c6100000|100%| O|  |TAMS 0x00000000c6100000, 0x00000000c6000000| Untracked 
|  97|0x00000000c6100000, 0x00000000c6200000, 0x00000000c6200000|100%| O|  |TAMS 0x00000000c6200000, 0x00000000c6100000| Untracked 
|  98|0x00000000c6200000, 0x00000000c6300000, 0x00000000c6300000|100%| O|  |TAMS 0x00000000c6300000, 0x00000000c6200000| Untracked 
|  99|0x00000000c6300000, 0x00000000c6400000, 0x00000000c6400000|100%| O|  |TAMS 0x00000000c6400000, 0x00000000c6300000| Untracked 
| 100|0x00000000c6400000, 0x00000000c6500000, 0x00000000c6500000|100%| O|  |TAMS 0x00000000c6500000, 0x00000000c6400000| Untracked 
| 101|0x00000000c6500000, 0x00000000c6600000, 0x00000000c6600000|100%| O|  |TAMS 0x00000000c6600000, 0x00000000c6500000| Untracked 
| 102|0x00000000c6600000, 0x00000000c6700000, 0x00000000c6700000|100%| O|  |TAMS 0x00000000c6700000, 0x00000000c6600000| Untracked 
| 103|0x00000000c6700000, 0x00000000c6800000, 0x00000000c6800000|100%| O|  |TAMS 0x00000000c6800000, 0x00000000c6700000| Untracked 
| 104|0x00000000c6800000, 0x00000000c6900000, 0x00000000c6900000|100%| O|  |TAMS 0x00000000c6900000, 0x00000000c6800000| Untracked 
| 105|0x00000000c6900000, 0x00000000c6a00000, 0x00000000c6a00000|100%| O|  |TAMS 0x00000000c6a00000, 0x00000000c6900000| Untracked 
| 106|0x00000000c6a00000, 0x00000000c6b00000, 0x00000000c6b00000|100%| O|  |TAMS 0x00000000c6b00000, 0x00000000c6a00000| Untracked 
| 107|0x00000000c6b00000, 0x00000000c6c00000, 0x00000000c6c00000|100%| O|  |TAMS 0x00000000c6c00000, 0x00000000c6b00000| Untracked 
| 108|0x00000000c6c00000, 0x00000000c6d00000, 0x00000000c6d00000|100%| O|  |TAMS 0x00000000c6d00000, 0x00000000c6c00000| Untracked 
| 109|0x00000000c6d00000, 0x00000000c6e00000, 0x00000000c6e00000|100%| O|  |TAMS 0x00000000c6e00000, 0x00000000c6d00000| Untracked 
| 110|0x00000000c6e00000, 0x00000000c6f00000, 0x00000000c6f00000|100%| O|  |TAMS 0x00000000c6f00000, 0x00000000c6e00000| Untracked 
| 111|0x00000000c6f00000, 0x00000000c7000000, 0x00000000c7000000|100%| O|  |TAMS 0x00000000c7000000, 0x00000000c6f00000| Untracked 
| 112|0x00000000c7000000, 0x00000000c7100000, 0x00000000c7100000|100%| O|  |TAMS 0x00000000c7100000, 0x00000000c7000000| Untracked 
| 113|0x00000000c7100000, 0x00000000c7200000, 0x00000000c7200000|100%| O|  |TAMS 0x00000000c7200000, 0x00000000c7100000| Untracked 
| 114|0x00000000c7200000, 0x00000000c7300000, 0x00000000c7300000|100%| O|  |TAMS 0x00000000c7300000, 0x00000000c7200000| Untracked 
| 115|0x00000000c7300000, 0x00000000c7400000, 0x00000000c7400000|100%| O|  |TAMS 0x00000000c7400000, 0x00000000c7300000| Untracked 
| 116|0x00000000c7400000, 0x00000000c7500000, 0x00000000c7500000|100%| O|  |TAMS 0x00000000c7500000, 0x00000000c7400000| Untracked 
| 117|0x00000000c7500000, 0x00000000c7600000, 0x00000000c7600000|100%| O|  |TAMS 0x00000000c7600000, 0x00000000c7500000| Untracked 
| 118|0x00000000c7600000, 0x00000000c7700000, 0x00000000c7700000|100%| O|  |TAMS 0x00000000c7700000, 0x00000000c7600000| Untracked 
| 119|0x00000000c7700000, 0x00000000c7800000, 0x00000000c7800000|100%| O|  |TAMS 0x00000000c7800000, 0x00000000c7700000| Untracked 
| 120|0x00000000c7800000, 0x00000000c7900000, 0x00000000c7900000|100%| O|  |TAMS 0x00000000c7900000, 0x00000000c7800000| Untracked 
| 121|0x00000000c7900000, 0x00000000c7a00000, 0x00000000c7a00000|100%| O|  |TAMS 0x00000000c7a00000, 0x00000000c7900000| Untracked 
| 122|0x00000000c7a00000, 0x00000000c7b00000, 0x00000000c7b00000|100%| O|  |TAMS 0x00000000c7b00000, 0x00000000c7a00000| Untracked 
| 123|0x00000000c7b00000, 0x00000000c7c00000, 0x00000000c7c00000|100%| O|  |TAMS 0x00000000c7c00000, 0x00000000c7b00000| Untracked 
| 124|0x00000000c7c00000, 0x00000000c7d00000, 0x00000000c7d00000|100%| O|  |TAMS 0x00000000c7d00000, 0x00000000c7c00000| Untracked 
| 125|0x00000000c7d00000, 0x00000000c7e00000, 0x00000000c7e00000|100%| O|  |TAMS 0x00000000c7e00000, 0x00000000c7d00000| Untracked 
| 126|0x00000000c7e00000, 0x00000000c7f00000, 0x00000000c7f00000|100%| O|  |TAMS 0x00000000c7f00000, 0x00000000c7e00000| Untracked 
| 127|0x00000000c7f00000, 0x00000000c8000000, 0x00000000c8000000|100%| O|  |TAMS 0x00000000c8000000, 0x00000000c7f00000| Untracked 
| 128|0x00000000c8000000, 0x00000000c8100000, 0x00000000c8100000|100%| O|  |TAMS 0x00000000c8100000, 0x00000000c8000000| Untracked 
| 129|0x00000000c8100000, 0x00000000c8200000, 0x00000000c8200000|100%| O|  |TAMS 0x00000000c8200000, 0x00000000c8100000| Untracked 
| 130|0x00000000c8200000, 0x00000000c8300000, 0x00000000c8300000|100%| O|  |TAMS 0x00000000c8300000, 0x00000000c8200000| Untracked 
| 131|0x00000000c8300000, 0x00000000c8400000, 0x00000000c8400000|100%| O|  |TAMS 0x00000000c8400000, 0x00000000c8300000| Untracked 
| 132|0x00000000c8400000, 0x00000000c8500000, 0x00000000c8500000|100%| O|  |TAMS 0x00000000c8500000, 0x00000000c8400000| Untracked 
| 133|0x00000000c8500000, 0x00000000c8600000, 0x00000000c8600000|100%| O|  |TAMS 0x00000000c8600000, 0x00000000c8500000| Untracked 
| 134|0x00000000c8600000, 0x00000000c8700000, 0x00000000c8700000|100%|HS|  |TAMS 0x00000000c8700000, 0x00000000c8600000| Complete 
| 135|0x00000000c8700000, 0x00000000c8800000, 0x00000000c8800000|100%|HC|  |TAMS 0x00000000c8800000, 0x00000000c8700000| Complete 
| 136|0x00000000c8800000, 0x00000000c8900000, 0x00000000c8900000|100%|HC|  |TAMS 0x00000000c8900000, 0x00000000c8800000| Complete 
| 137|0x00000000c8900000, 0x00000000c8a00000, 0x00000000c8a00000|100%|HC|  |TAMS 0x00000000c8a00000, 0x00000000c8900000| Complete 
| 138|0x00000000c8a00000, 0x00000000c8b00000, 0x00000000c8b00000|100%| O|  |TAMS 0x00000000c8b00000, 0x00000000c8a00000| Untracked 
| 139|0x00000000c8b00000, 0x00000000c8c00000, 0x00000000c8c00000|100%| O|  |TAMS 0x00000000c8c00000, 0x00000000c8b00000| Untracked 
| 140|0x00000000c8c00000, 0x00000000c8d00000, 0x00000000c8d00000|100%| O|  |TAMS 0x00000000c8d00000, 0x00000000c8c00000| Untracked 
| 141|0x00000000c8d00000, 0x00000000c8e00000, 0x00000000c8e00000|100%| O|  |TAMS 0x00000000c8e00000, 0x00000000c8d00000| Untracked 
| 142|0x00000000c8e00000, 0x00000000c8f00000, 0x00000000c8f00000|100%| O|  |TAMS 0x00000000c8f00000, 0x00000000c8e00000| Untracked 
| 143|0x00000000c8f00000, 0x00000000c9000000, 0x00000000c9000000|100%| O|  |TAMS 0x00000000c9000000, 0x00000000c8f00000| Untracked 
| 144|0x00000000c9000000, 0x00000000c9100000, 0x00000000c9100000|100%| O|  |TAMS 0x00000000c9100000, 0x00000000c9000000| Untracked 
| 145|0x00000000c9100000, 0x00000000c9200000, 0x00000000c9200000|100%| O|  |TAMS 0x00000000c9200000, 0x00000000c9100000| Untracked 
| 146|0x00000000c9200000, 0x00000000c9300000, 0x00000000c9300000|100%| O|  |TAMS 0x00000000c9300000, 0x00000000c9200000| Untracked 
| 147|0x00000000c9300000, 0x00000000c9400000, 0x00000000c9400000|100%| O|  |TAMS 0x00000000c9400000, 0x00000000c9300000| Untracked 
| 148|0x00000000c9400000, 0x00000000c9500000, 0x00000000c9500000|100%| O|  |TAMS 0x00000000c9500000, 0x00000000c9400000| Untracked 
| 149|0x00000000c9500000, 0x00000000c9600000, 0x00000000c9600000|100%| O|  |TAMS 0x00000000c9600000, 0x00000000c9500000| Untracked 
| 150|0x00000000c9600000, 0x00000000c9700000, 0x00000000c9700000|100%|HS|  |TAMS 0x00000000c9700000, 0x00000000c9600000| Complete 
| 151|0x00000000c9700000, 0x00000000c9800000, 0x00000000c9800000|100%|HC|  |TAMS 0x00000000c9800000, 0x00000000c9700000| Complete 
| 152|0x00000000c9800000, 0x00000000c9900000, 0x00000000c9900000|100%|HC|  |TAMS 0x00000000c9900000, 0x00000000c9800000| Complete 
| 153|0x00000000c9900000, 0x00000000c9a00000, 0x00000000c9a00000|100%|HS|  |TAMS 0x00000000c9a00000, 0x00000000c9900000| Complete 
| 154|0x00000000c9a00000, 0x00000000c9b00000, 0x00000000c9b00000|100%|HC|  |TAMS 0x00000000c9b00000, 0x00000000c9a00000| Complete 
| 155|0x00000000c9b00000, 0x00000000c9c00000, 0x00000000c9c00000|100%|HC|  |TAMS 0x00000000c9c00000, 0x00000000c9b00000| Complete 
| 156|0x00000000c9c00000, 0x00000000c9d00000, 0x00000000c9d00000|100%| O|  |TAMS 0x00000000c9d00000, 0x00000000c9c00000| Untracked 
| 157|0x00000000c9d00000, 0x00000000c9e00000, 0x00000000c9e00000|100%| O|  |TAMS 0x00000000c9e00000, 0x00000000c9d00000| Untracked 
| 158|0x00000000c9e00000, 0x00000000c9f00000, 0x00000000c9f00000|100%| O|  |TAMS 0x00000000c9f00000, 0x00000000c9e00000| Untracked 
| 159|0x00000000c9f00000, 0x00000000ca000000, 0x00000000ca000000|100%| O|  |TAMS 0x00000000ca000000, 0x00000000c9f00000| Untracked 
| 160|0x00000000ca000000, 0x00000000ca100000, 0x00000000ca100000|100%| O|  |TAMS 0x00000000ca100000, 0x00000000ca000000| Untracked 
| 161|0x00000000ca100000, 0x00000000ca200000, 0x00000000ca200000|100%| O|  |TAMS 0x00000000ca200000, 0x00000000ca100000| Untracked 
| 162|0x00000000ca200000, 0x00000000ca300000, 0x00000000ca300000|100%| O|  |TAMS 0x00000000ca300000, 0x00000000ca200000| Untracked 
| 163|0x00000000ca300000, 0x00000000ca400000, 0x00000000ca400000|100%| O|  |TAMS 0x00000000ca400000, 0x00000000ca300000| Untracked 
| 164|0x00000000ca400000, 0x00000000ca500000, 0x00000000ca500000|100%| O|  |TAMS 0x00000000ca500000, 0x00000000ca400000| Untracked 
| 165|0x00000000ca500000, 0x00000000ca600000, 0x00000000ca600000|100%| O|  |TAMS 0x00000000ca600000, 0x00000000ca500000| Untracked 
| 166|0x00000000ca600000, 0x00000000ca700000, 0x00000000ca700000|100%| O|  |TAMS 0x00000000ca700000, 0x00000000ca600000| Untracked 
| 167|0x00000000ca700000, 0x00000000ca800000, 0x00000000ca800000|100%| O|  |TAMS 0x00000000ca800000, 0x00000000ca700000| Untracked 
| 168|0x00000000ca800000, 0x00000000ca900000, 0x00000000ca900000|100%| O|  |TAMS 0x00000000ca900000, 0x00000000ca800000| Untracked 
| 169|0x00000000ca900000, 0x00000000caa00000, 0x00000000caa00000|100%| O|  |TAMS 0x00000000caa00000, 0x00000000ca900000| Untracked 
| 170|0x00000000caa00000, 0x00000000cab00000, 0x00000000cab00000|100%| O|  |TAMS 0x00000000cab00000, 0x00000000caa00000| Untracked 
| 171|0x00000000cab00000, 0x00000000cac00000, 0x00000000cac00000|100%| O|  |TAMS 0x00000000cac00000, 0x00000000cab00000| Untracked 
| 172|0x00000000cac00000, 0x00000000cad00000, 0x00000000cad00000|100%| O|  |TAMS 0x00000000cad00000, 0x00000000cac00000| Untracked 
| 173|0x00000000cad00000, 0x00000000cae00000, 0x00000000cae00000|100%| O|  |TAMS 0x00000000cae00000, 0x00000000cad00000| Untracked 
| 174|0x00000000cae00000, 0x00000000caf00000, 0x00000000caf00000|100%| O|  |TAMS 0x00000000caf00000, 0x00000000cae00000| Untracked 
| 175|0x00000000caf00000, 0x00000000cb000000, 0x00000000cb000000|100%| O|  |TAMS 0x00000000cb000000, 0x00000000caf00000| Untracked 
| 176|0x00000000cb000000, 0x00000000cb100000, 0x00000000cb100000|100%| O|  |TAMS 0x00000000cb100000, 0x00000000cb000000| Untracked 
| 177|0x00000000cb100000, 0x00000000cb200000, 0x00000000cb200000|100%| O|  |TAMS 0x00000000cb200000, 0x00000000cb100000| Untracked 
| 178|0x00000000cb200000, 0x00000000cb300000, 0x00000000cb300000|100%| O|  |TAMS 0x00000000cb300000, 0x00000000cb200000| Untracked 
| 179|0x00000000cb300000, 0x00000000cb400000, 0x00000000cb400000|100%| O|  |TAMS 0x00000000cb400000, 0x00000000cb300000| Untracked 
| 180|0x00000000cb400000, 0x00000000cb500000, 0x00000000cb500000|100%| O|  |TAMS 0x00000000cb500000, 0x00000000cb400000| Untracked 
| 181|0x00000000cb500000, 0x00000000cb600000, 0x00000000cb600000|100%| O|  |TAMS 0x00000000cb600000, 0x00000000cb500000| Untracked 
| 182|0x00000000cb600000, 0x00000000cb700000, 0x00000000cb700000|100%| O|  |TAMS 0x00000000cb700000, 0x00000000cb600000| Untracked 
| 183|0x00000000cb700000, 0x00000000cb800000, 0x00000000cb800000|100%| O|  |TAMS 0x00000000cb800000, 0x00000000cb700000| Untracked 
| 184|0x00000000cb800000, 0x00000000cb900000, 0x00000000cb900000|100%| O|  |TAMS 0x00000000cb800000, 0x00000000cb800000| Untracked 
| 185|0x00000000cb900000, 0x00000000cba00000, 0x00000000cba00000|100%| O|  |TAMS 0x00000000cb900000, 0x00000000cb900000| Untracked 
| 186|0x00000000cba00000, 0x00000000cbb00000, 0x00000000cbb00000|100%| O|  |TAMS 0x00000000cba00000, 0x00000000cba00000| Untracked 
| 187|0x00000000cbb00000, 0x00000000cbc00000, 0x00000000cbc00000|100%| O|  |TAMS 0x00000000cbb00000, 0x00000000cbb00000| Untracked 
| 188|0x00000000cbc00000, 0x00000000cbd00000, 0x00000000cbd00000|100%| O|  |TAMS 0x00000000cbc00000, 0x00000000cbc00000| Untracked 
| 189|0x00000000cbd00000, 0x00000000cbe00000, 0x00000000cbe00000|100%| O|  |TAMS 0x00000000cbd00000, 0x00000000cbd00000| Untracked 
| 190|0x00000000cbe00000, 0x00000000cbf00000, 0x00000000cbf00000|100%| O|  |TAMS 0x00000000cbf00000, 0x00000000cbe00000| Untracked 
| 191|0x00000000cbf00000, 0x00000000cc000000, 0x00000000cc000000|100%| O|  |TAMS 0x00000000cc000000, 0x00000000cbf00000| Untracked 
| 192|0x00000000cc000000, 0x00000000cc100000, 0x00000000cc100000|100%| O|  |TAMS 0x00000000cc100000, 0x00000000cc000000| Untracked 
| 193|0x00000000cc100000, 0x00000000cc200000, 0x00000000cc200000|100%| O|  |TAMS 0x00000000cc200000, 0x00000000cc100000| Untracked 
| 194|0x00000000cc200000, 0x00000000cc300000, 0x00000000cc300000|100%| O|  |TAMS 0x00000000cc300000, 0x00000000cc200000| Untracked 
| 195|0x00000000cc300000, 0x00000000cc400000, 0x00000000cc400000|100%| O|  |TAMS 0x00000000cc400000, 0x00000000cc300000| Untracked 
| 196|0x00000000cc400000, 0x00000000cc500000, 0x00000000cc500000|100%| O|  |TAMS 0x00000000cc500000, 0x00000000cc400000| Untracked 
| 197|0x00000000cc500000, 0x00000000cc600000, 0x00000000cc600000|100%| O|  |TAMS 0x00000000cc600000, 0x00000000cc500000| Untracked 
| 198|0x00000000cc600000, 0x00000000cc700000, 0x00000000cc700000|100%| O|  |TAMS 0x00000000cc700000, 0x00000000cc600000| Untracked 
| 199|0x00000000cc700000, 0x00000000cc800000, 0x00000000cc800000|100%| O|  |TAMS 0x00000000cc800000, 0x00000000cc700000| Untracked 
| 200|0x00000000cc800000, 0x00000000cc900000, 0x00000000cc900000|100%| O|  |TAMS 0x00000000cc900000, 0x00000000cc800000| Untracked 
| 201|0x00000000cc900000, 0x00000000cca00000, 0x00000000cca00000|100%| O|  |TAMS 0x00000000cca00000, 0x00000000cc900000| Untracked 
| 202|0x00000000cca00000, 0x00000000ccb00000, 0x00000000ccb00000|100%| O|  |TAMS 0x00000000ccb00000, 0x00000000cca00000| Untracked 
| 203|0x00000000ccb00000, 0x00000000ccc00000, 0x00000000ccc00000|100%| O|  |TAMS 0x00000000ccc00000, 0x00000000ccb00000| Untracked 
| 204|0x00000000ccc00000, 0x00000000ccd00000, 0x00000000ccd00000|100%| O|  |TAMS 0x00000000ccd00000, 0x00000000ccc00000| Untracked 
| 205|0x00000000ccd00000, 0x00000000cce00000, 0x00000000cce00000|100%| O|  |TAMS 0x00000000cce00000, 0x00000000ccd00000| Untracked 
| 206|0x00000000cce00000, 0x00000000ccf00000, 0x00000000ccf00000|100%| O|  |TAMS 0x00000000ccf00000, 0x00000000cce00000| Untracked 
| 207|0x00000000ccf00000, 0x00000000cd000000, 0x00000000cd000000|100%| O|  |TAMS 0x00000000cd000000, 0x00000000ccf00000| Untracked 
| 208|0x00000000cd000000, 0x00000000cd100000, 0x00000000cd100000|100%| O|  |TAMS 0x00000000cd100000, 0x00000000cd000000| Untracked 
| 209|0x00000000cd100000, 0x00000000cd200000, 0x00000000cd200000|100%| O|  |TAMS 0x00000000cd200000, 0x00000000cd100000| Untracked 
| 210|0x00000000cd200000, 0x00000000cd300000, 0x00000000cd300000|100%| O|  |TAMS 0x00000000cd300000, 0x00000000cd200000| Untracked 
| 211|0x00000000cd300000, 0x00000000cd400000, 0x00000000cd400000|100%| O|  |TAMS 0x00000000cd400000, 0x00000000cd300000| Untracked 
| 212|0x00000000cd400000, 0x00000000cd500000, 0x00000000cd500000|100%| O|  |TAMS 0x00000000cd500000, 0x00000000cd400000| Untracked 
| 213|0x00000000cd500000, 0x00000000cd600000, 0x00000000cd600000|100%| O|  |TAMS 0x00000000cd600000, 0x00000000cd500000| Untracked 
| 214|0x00000000cd600000, 0x00000000cd700000, 0x00000000cd700000|100%| O|  |TAMS 0x00000000cd700000, 0x00000000cd600000| Untracked 
| 215|0x00000000cd700000, 0x00000000cd800000, 0x00000000cd800000|100%| O|  |TAMS 0x00000000cd800000, 0x00000000cd700000| Untracked 
| 216|0x00000000cd800000, 0x00000000cd900000, 0x00000000cd900000|100%| O|  |TAMS 0x00000000cd900000, 0x00000000cd800000| Untracked 
| 217|0x00000000cd900000, 0x00000000cda00000, 0x00000000cda00000|100%| O|  |TAMS 0x00000000cda00000, 0x00000000cd900000| Untracked 
| 218|0x00000000cda00000, 0x00000000cdb00000, 0x00000000cdb00000|100%| O|  |TAMS 0x00000000cdb00000, 0x00000000cda00000| Untracked 
| 219|0x00000000cdb00000, 0x00000000cdc00000, 0x00000000cdc00000|100%| O|  |TAMS 0x00000000cdc00000, 0x00000000cdb00000| Untracked 
| 220|0x00000000cdc00000, 0x00000000cdd00000, 0x00000000cdd00000|100%| O|  |TAMS 0x00000000cdd00000, 0x00000000cdc00000| Untracked 
| 221|0x00000000cdd00000, 0x00000000cde00000, 0x00000000cde00000|100%| O|  |TAMS 0x00000000cde00000, 0x00000000cdd00000| Complete 
| 222|0x00000000cde00000, 0x00000000cdf00000, 0x00000000cdf00000|100%| O|  |TAMS 0x00000000cdf00000, 0x00000000cde00000| Untracked 
| 223|0x00000000cdf00000, 0x00000000ce000000, 0x00000000ce000000|100%| O|  |TAMS 0x00000000ce000000, 0x00000000cdf00000| Untracked 
| 224|0x00000000ce000000, 0x00000000ce100000, 0x00000000ce100000|100%| O|  |TAMS 0x00000000ce100000, 0x00000000ce000000| Untracked 
| 225|0x00000000ce100000, 0x00000000ce200000, 0x00000000ce200000|100%| O|  |TAMS 0x00000000ce200000, 0x00000000ce100000| Complete 
| 226|0x00000000ce200000, 0x00000000ce300000, 0x00000000ce300000|100%| O|  |TAMS 0x00000000ce300000, 0x00000000ce200000| Complete 
| 227|0x00000000ce300000, 0x00000000ce400000, 0x00000000ce400000|100%| O|  |TAMS 0x00000000ce400000, 0x00000000ce300000| Untracked 
| 228|0x00000000ce400000, 0x00000000ce500000, 0x00000000ce500000|100%| O|  |TAMS 0x00000000ce500000, 0x00000000ce400000| Complete 
| 229|0x00000000ce500000, 0x00000000ce600000, 0x00000000ce600000|100%| O|  |TAMS 0x00000000ce600000, 0x00000000ce500000| Untracked 
| 230|0x00000000ce600000, 0x00000000ce700000, 0x00000000ce700000|100%| O|  |TAMS 0x00000000ce700000, 0x00000000ce600000| Untracked 
| 231|0x00000000ce700000, 0x00000000ce800000, 0x00000000ce800000|100%| O|  |TAMS 0x00000000ce800000, 0x00000000ce700000| Complete 
| 232|0x00000000ce800000, 0x00000000ce900000, 0x00000000ce900000|100%| O|  |TAMS 0x00000000ce900000, 0x00000000ce800000| Complete 
| 233|0x00000000ce900000, 0x00000000cea00000, 0x00000000cea00000|100%| O|  |TAMS 0x00000000cea00000, 0x00000000ce900000| Untracked 
| 234|0x00000000cea00000, 0x00000000ceb00000, 0x00000000ceb00000|100%| O|  |TAMS 0x00000000ceb00000, 0x00000000cea00000| Complete 
| 235|0x00000000ceb00000, 0x00000000cec00000, 0x00000000cec00000|100%| O|  |TAMS 0x00000000cec00000, 0x00000000ceb00000| Complete 
| 236|0x00000000cec00000, 0x00000000ced00000, 0x00000000ced00000|100%| O|  |TAMS 0x00000000ced00000, 0x00000000cec00000| Complete 
| 237|0x00000000ced00000, 0x00000000cee00000, 0x00000000cee00000|100%| O|  |TAMS 0x00000000cee00000, 0x00000000ced00000| Complete 
| 238|0x00000000cee00000, 0x00000000cef00000, 0x00000000cef00000|100%| O|  |TAMS 0x00000000cee72c00, 0x00000000cee00000| Untracked 
| 239|0x00000000cef00000, 0x00000000cf000000, 0x00000000cf000000|100%| O|  |TAMS 0x00000000cef00000, 0x00000000cef00000| Untracked 
| 240|0x00000000cf000000, 0x00000000cf100000, 0x00000000cf100000|100%| O|  |TAMS 0x00000000cf000000, 0x00000000cf000000| Untracked 
| 241|0x00000000cf100000, 0x00000000cf200000, 0x00000000cf200000|100%| O|  |TAMS 0x00000000cf100000, 0x00000000cf100000| Untracked 
| 242|0x00000000cf200000, 0x00000000cf300000, 0x00000000cf300000|100%| O|  |TAMS 0x00000000cf200000, 0x00000000cf200000| Untracked 
| 243|0x00000000cf300000, 0x00000000cf400000, 0x00000000cf400000|100%| O|  |TAMS 0x00000000cf300000, 0x00000000cf300000| Untracked 
| 244|0x00000000cf400000, 0x00000000cf500000, 0x00000000cf500000|100%| O|  |TAMS 0x00000000cf400000, 0x00000000cf400000| Untracked 
| 245|0x00000000cf500000, 0x00000000cf600000, 0x00000000cf600000|100%| O|  |TAMS 0x00000000cf500000, 0x00000000cf500000| Untracked 
| 246|0x00000000cf600000, 0x00000000cf700000, 0x00000000cf700000|100%| O|  |TAMS 0x00000000cf600000, 0x00000000cf600000| Untracked 
| 247|0x00000000cf700000, 0x00000000cf800000, 0x00000000cf800000|100%|HS|  |TAMS 0x00000000cf800000, 0x00000000cf700000| Complete 
| 248|0x00000000cf800000, 0x00000000cf900000, 0x00000000cf900000|100%|HC|  |TAMS 0x00000000cf900000, 0x00000000cf800000| Complete 
| 249|0x00000000cf900000, 0x00000000cfa00000, 0x00000000cfa00000|100%|HS|  |TAMS 0x00000000cfa00000, 0x00000000cf900000| Complete 
| 250|0x00000000cfa00000, 0x00000000cfb00000, 0x00000000cfb00000|100%|HC|  |TAMS 0x00000000cfb00000, 0x00000000cfa00000| Complete 
| 251|0x00000000cfb00000, 0x00000000cfc00000, 0x00000000cfc00000|100%| O|  |TAMS 0x00000000cfb00000, 0x00000000cfb00000| Untracked 
| 252|0x00000000cfc00000, 0x00000000cfd00000, 0x00000000cfd00000|100%| O|  |TAMS 0x00000000cfc00000, 0x00000000cfc00000| Untracked 
| 253|0x00000000cfd00000, 0x00000000cfe00000, 0x00000000cfe00000|100%| O|  |TAMS 0x00000000cfd00000, 0x00000000cfd00000| Untracked 
| 254|0x00000000cfe00000, 0x00000000cff00000, 0x00000000cff00000|100%| O|  |TAMS 0x00000000cfe00000, 0x00000000cfe00000| Untracked 
| 255|0x00000000cff00000, 0x00000000cff6ac00, 0x00000000d0000000| 41%| O|  |TAMS 0x00000000cff00000, 0x00000000cff00000| Untracked 
| 256|0x00000000d0000000, 0x00000000d0000000, 0x00000000d0100000|  0%| F|  |TAMS 0x00000000d0000000, 0x00000000d0000000| Untracked 
| 257|0x00000000d0100000, 0x00000000d0100000, 0x00000000d0200000|  0%| F|  |TAMS 0x00000000d0100000, 0x00000000d0100000| Untracked 
| 258|0x00000000d0200000, 0x00000000d0200000, 0x00000000d0300000|  0%| F|  |TAMS 0x00000000d0200000, 0x00000000d0200000| Untracked 
| 259|0x00000000d0300000, 0x00000000d0300000, 0x00000000d0400000|  0%| F|  |TAMS 0x00000000d0300000, 0x00000000d0300000| Untracked 
| 260|0x00000000d0400000, 0x00000000d0400000, 0x00000000d0500000|  0%| F|  |TAMS 0x00000000d0400000, 0x00000000d0400000| Untracked 
| 261|0x00000000d0500000, 0x00000000d0500000, 0x00000000d0600000|  0%| F|  |TAMS 0x00000000d0500000, 0x00000000d0500000| Untracked 
| 262|0x00000000d0600000, 0x00000000d0600000, 0x00000000d0700000|  0%| F|  |TAMS 0x00000000d0600000, 0x00000000d0600000| Untracked 
| 263|0x00000000d0700000, 0x00000000d0700000, 0x00000000d0800000|  0%| F|  |TAMS 0x00000000d0700000, 0x00000000d0700000| Untracked 
| 264|0x00000000d0800000, 0x00000000d0800000, 0x00000000d0900000|  0%| F|  |TAMS 0x00000000d0800000, 0x00000000d0800000| Untracked 
| 265|0x00000000d0900000, 0x00000000d0900000, 0x00000000d0a00000|  0%| F|  |TAMS 0x00000000d0900000, 0x00000000d0900000| Untracked 
| 266|0x00000000d0a00000, 0x00000000d0a00000, 0x00000000d0b00000|  0%| F|  |TAMS 0x00000000d0a00000, 0x00000000d0a00000| Untracked 
| 267|0x00000000d0b00000, 0x00000000d0b00000, 0x00000000d0c00000|  0%| F|  |TAMS 0x00000000d0b00000, 0x00000000d0b00000| Untracked 
| 268|0x00000000d0c00000, 0x00000000d0c00000, 0x00000000d0d00000|  0%| F|  |TAMS 0x00000000d0c00000, 0x00000000d0c00000| Untracked 
| 269|0x00000000d0d00000, 0x00000000d0d00000, 0x00000000d0e00000|  0%| F|  |TAMS 0x00000000d0d00000, 0x00000000d0d00000| Untracked 
| 270|0x00000000d0e00000, 0x00000000d0e00000, 0x00000000d0f00000|  0%| F|  |TAMS 0x00000000d0e00000, 0x00000000d0e00000| Untracked 
| 271|0x00000000d0f00000, 0x00000000d0f00000, 0x00000000d1000000|  0%| F|  |TAMS 0x00000000d0f00000, 0x00000000d0f00000| Untracked 
| 272|0x00000000d1000000, 0x00000000d1000000, 0x00000000d1100000|  0%| F|  |TAMS 0x00000000d1000000, 0x00000000d1000000| Untracked 
| 273|0x00000000d1100000, 0x00000000d1100000, 0x00000000d1200000|  0%| F|  |TAMS 0x00000000d1100000, 0x00000000d1100000| Untracked 
| 274|0x00000000d1200000, 0x00000000d1200000, 0x00000000d1300000|  0%| F|  |TAMS 0x00000000d1200000, 0x00000000d1200000| Untracked 
| 275|0x00000000d1300000, 0x00000000d1300000, 0x00000000d1400000|  0%| F|  |TAMS 0x00000000d1300000, 0x00000000d1300000| Untracked 
| 276|0x00000000d1400000, 0x00000000d1400000, 0x00000000d1500000|  0%| F|  |TAMS 0x00000000d1400000, 0x00000000d1400000| Untracked 
| 277|0x00000000d1500000, 0x00000000d1500000, 0x00000000d1600000|  0%| F|  |TAMS 0x00000000d1500000, 0x00000000d1500000| Untracked 
| 278|0x00000000d1600000, 0x00000000d1600000, 0x00000000d1700000|  0%| F|  |TAMS 0x00000000d1600000, 0x00000000d1600000| Untracked 
| 279|0x00000000d1700000, 0x00000000d1700000, 0x00000000d1800000|  0%| F|  |TAMS 0x00000000d1700000, 0x00000000d1700000| Untracked 
| 280|0x00000000d1800000, 0x00000000d1800000, 0x00000000d1900000|  0%| F|  |TAMS 0x00000000d1800000, 0x00000000d1800000| Untracked 
| 281|0x00000000d1900000, 0x00000000d1900000, 0x00000000d1a00000|  0%| F|  |TAMS 0x00000000d1900000, 0x00000000d1900000| Untracked 
| 282|0x00000000d1a00000, 0x00000000d1a00000, 0x00000000d1b00000|  0%| F|  |TAMS 0x00000000d1a00000, 0x00000000d1a00000| Untracked 
| 283|0x00000000d1b00000, 0x00000000d1b00000, 0x00000000d1c00000|  0%| F|  |TAMS 0x00000000d1b00000, 0x00000000d1b00000| Untracked 
| 284|0x00000000d1c00000, 0x00000000d1c00000, 0x00000000d1d00000|  0%| F|  |TAMS 0x00000000d1c00000, 0x00000000d1c00000| Untracked 
| 285|0x00000000d1d00000, 0x00000000d1d00000, 0x00000000d1e00000|  0%| F|  |TAMS 0x00000000d1d00000, 0x00000000d1d00000| Untracked 
| 286|0x00000000d1e00000, 0x00000000d1e00000, 0x00000000d1f00000|  0%| F|  |TAMS 0x00000000d1e00000, 0x00000000d1e00000| Untracked 
| 287|0x00000000d1f00000, 0x00000000d1f00000, 0x00000000d2000000|  0%| F|  |TAMS 0x00000000d1f00000, 0x00000000d1f00000| Untracked 
| 288|0x00000000d2000000, 0x00000000d2000000, 0x00000000d2100000|  0%| F|  |TAMS 0x00000000d2000000, 0x00000000d2000000| Untracked 
| 289|0x00000000d2100000, 0x00000000d2100000, 0x00000000d2200000|  0%| F|  |TAMS 0x00000000d2100000, 0x00000000d2100000| Untracked 
| 290|0x00000000d2200000, 0x00000000d2200000, 0x00000000d2300000|  0%| F|  |TAMS 0x00000000d2200000, 0x00000000d2200000| Untracked 
| 291|0x00000000d2300000, 0x00000000d2300000, 0x00000000d2400000|  0%| F|  |TAMS 0x00000000d2300000, 0x00000000d2300000| Untracked 
| 292|0x00000000d2400000, 0x00000000d2400000, 0x00000000d2500000|  0%| F|  |TAMS 0x00000000d2400000, 0x00000000d2400000| Untracked 
| 293|0x00000000d2500000, 0x00000000d2500000, 0x00000000d2600000|  0%| F|  |TAMS 0x00000000d2500000, 0x00000000d2500000| Untracked 
| 294|0x00000000d2600000, 0x00000000d2600000, 0x00000000d2700000|  0%| F|  |TAMS 0x00000000d2600000, 0x00000000d2600000| Untracked 
| 295|0x00000000d2700000, 0x00000000d2700000, 0x00000000d2800000|  0%| F|  |TAMS 0x00000000d2700000, 0x00000000d2700000| Untracked 
| 296|0x00000000d2800000, 0x00000000d2800000, 0x00000000d2900000|  0%| F|  |TAMS 0x00000000d2800000, 0x00000000d2800000| Untracked 
| 297|0x00000000d2900000, 0x00000000d2900000, 0x00000000d2a00000|  0%| F|  |TAMS 0x00000000d2900000, 0x00000000d2900000| Untracked 
| 298|0x00000000d2a00000, 0x00000000d2a00000, 0x00000000d2b00000|  0%| F|  |TAMS 0x00000000d2a00000, 0x00000000d2a00000| Untracked 
| 299|0x00000000d2b00000, 0x00000000d2b00000, 0x00000000d2c00000|  0%| F|  |TAMS 0x00000000d2b00000, 0x00000000d2b00000| Untracked 
| 300|0x00000000d2c00000, 0x00000000d2c00000, 0x00000000d2d00000|  0%| F|  |TAMS 0x00000000d2c00000, 0x00000000d2c00000| Untracked 
| 301|0x00000000d2d00000, 0x00000000d2d00000, 0x00000000d2e00000|  0%| F|  |TAMS 0x00000000d2d00000, 0x00000000d2d00000| Untracked 
| 302|0x00000000d2e00000, 0x00000000d2e00000, 0x00000000d2f00000|  0%| F|  |TAMS 0x00000000d2e00000, 0x00000000d2e00000| Untracked 
| 303|0x00000000d2f00000, 0x00000000d2f00000, 0x00000000d3000000|  0%| F|  |TAMS 0x00000000d2f00000, 0x00000000d2f00000| Untracked 
| 304|0x00000000d3000000, 0x00000000d3000000, 0x00000000d3100000|  0%| F|  |TAMS 0x00000000d3000000, 0x00000000d3000000| Untracked 
| 305|0x00000000d3100000, 0x00000000d3100000, 0x00000000d3200000|  0%| F|  |TAMS 0x00000000d3100000, 0x00000000d3100000| Untracked 
| 306|0x00000000d3200000, 0x00000000d3200000, 0x00000000d3300000|  0%| F|  |TAMS 0x00000000d3200000, 0x00000000d3200000| Untracked 
| 307|0x00000000d3300000, 0x00000000d3300000, 0x00000000d3400000|  0%| F|  |TAMS 0x00000000d3300000, 0x00000000d3300000| Untracked 
| 308|0x00000000d3400000, 0x00000000d3400000, 0x00000000d3500000|  0%| F|  |TAMS 0x00000000d3400000, 0x00000000d3400000| Untracked 
| 309|0x00000000d3500000, 0x00000000d3500000, 0x00000000d3600000|  0%| F|  |TAMS 0x00000000d3500000, 0x00000000d3500000| Untracked 
| 310|0x00000000d3600000, 0x00000000d3600000, 0x00000000d3700000|  0%| F|  |TAMS 0x00000000d3600000, 0x00000000d3600000| Untracked 
| 311|0x00000000d3700000, 0x00000000d3700000, 0x00000000d3800000|  0%| F|  |TAMS 0x00000000d3700000, 0x00000000d3700000| Untracked 
| 312|0x00000000d3800000, 0x00000000d3800000, 0x00000000d3900000|  0%| F|  |TAMS 0x00000000d3800000, 0x00000000d3800000| Untracked 
| 313|0x00000000d3900000, 0x00000000d3900000, 0x00000000d3a00000|  0%| F|  |TAMS 0x00000000d3900000, 0x00000000d3900000| Untracked 
| 314|0x00000000d3a00000, 0x00000000d3a00000, 0x00000000d3b00000|  0%| F|  |TAMS 0x00000000d3a00000, 0x00000000d3a00000| Untracked 
| 315|0x00000000d3b00000, 0x00000000d3b00000, 0x00000000d3c00000|  0%| F|  |TAMS 0x00000000d3b00000, 0x00000000d3b00000| Untracked 
| 316|0x00000000d3c00000, 0x00000000d3c00000, 0x00000000d3d00000|  0%| F|  |TAMS 0x00000000d3c00000, 0x00000000d3c00000| Untracked 
| 317|0x00000000d3d00000, 0x00000000d3d00000, 0x00000000d3e00000|  0%| F|  |TAMS 0x00000000d3d00000, 0x00000000d3d00000| Untracked 
| 318|0x00000000d3e00000, 0x00000000d3e00000, 0x00000000d3f00000|  0%| F|  |TAMS 0x00000000d3e00000, 0x00000000d3e00000| Untracked 
| 319|0x00000000d3f00000, 0x00000000d3f00000, 0x00000000d4000000|  0%| F|  |TAMS 0x00000000d3f00000, 0x00000000d3f00000| Untracked 
| 320|0x00000000d4000000, 0x00000000d4000000, 0x00000000d4100000|  0%| F|  |TAMS 0x00000000d4000000, 0x00000000d4000000| Untracked 
| 321|0x00000000d4100000, 0x00000000d4100000, 0x00000000d4200000|  0%| F|  |TAMS 0x00000000d4100000, 0x00000000d4100000| Untracked 
| 322|0x00000000d4200000, 0x00000000d4200000, 0x00000000d4300000|  0%| F|  |TAMS 0x00000000d4200000, 0x00000000d4200000| Untracked 
| 323|0x00000000d4300000, 0x00000000d4300000, 0x00000000d4400000|  0%| F|  |TAMS 0x00000000d4300000, 0x00000000d4300000| Untracked 
| 324|0x00000000d4400000, 0x00000000d4400000, 0x00000000d4500000|  0%| F|  |TAMS 0x00000000d4400000, 0x00000000d4400000| Untracked 
| 325|0x00000000d4500000, 0x00000000d4500000, 0x00000000d4600000|  0%| F|  |TAMS 0x00000000d4500000, 0x00000000d4500000| Untracked 
| 326|0x00000000d4600000, 0x00000000d4600000, 0x00000000d4700000|  0%| F|  |TAMS 0x00000000d4600000, 0x00000000d4600000| Untracked 
| 327|0x00000000d4700000, 0x00000000d4700000, 0x00000000d4800000|  0%| F|  |TAMS 0x00000000d4700000, 0x00000000d4700000| Untracked 
| 328|0x00000000d4800000, 0x00000000d4800000, 0x00000000d4900000|  0%| F|  |TAMS 0x00000000d4800000, 0x00000000d4800000| Untracked 
| 329|0x00000000d4900000, 0x00000000d4900000, 0x00000000d4a00000|  0%| F|  |TAMS 0x00000000d4900000, 0x00000000d4900000| Untracked 
| 330|0x00000000d4a00000, 0x00000000d4a00000, 0x00000000d4b00000|  0%| F|  |TAMS 0x00000000d4a00000, 0x00000000d4a00000| Untracked 
| 331|0x00000000d4b00000, 0x00000000d4b00000, 0x00000000d4c00000|  0%| F|  |TAMS 0x00000000d4b00000, 0x00000000d4b00000| Untracked 
| 332|0x00000000d4c00000, 0x00000000d4c00000, 0x00000000d4d00000|  0%| F|  |TAMS 0x00000000d4c00000, 0x00000000d4c00000| Untracked 
| 333|0x00000000d4d00000, 0x00000000d4d00000, 0x00000000d4e00000|  0%| F|  |TAMS 0x00000000d4d00000, 0x00000000d4d00000| Untracked 
| 334|0x00000000d4e00000, 0x00000000d4e00000, 0x00000000d4f00000|  0%| F|  |TAMS 0x00000000d4e00000, 0x00000000d4e00000| Untracked 
| 335|0x00000000d4f00000, 0x00000000d4f00000, 0x00000000d5000000|  0%| F|  |TAMS 0x00000000d4f00000, 0x00000000d4f00000| Untracked 
| 336|0x00000000d5000000, 0x00000000d5000000, 0x00000000d5100000|  0%| F|  |TAMS 0x00000000d5000000, 0x00000000d5000000| Untracked 
| 337|0x00000000d5100000, 0x00000000d5100000, 0x00000000d5200000|  0%| F|  |TAMS 0x00000000d5100000, 0x00000000d5100000| Untracked 
| 338|0x00000000d5200000, 0x00000000d5200000, 0x00000000d5300000|  0%| F|  |TAMS 0x00000000d5200000, 0x00000000d5200000| Untracked 
| 339|0x00000000d5300000, 0x00000000d5300000, 0x00000000d5400000|  0%| F|  |TAMS 0x00000000d5300000, 0x00000000d5300000| Untracked 
| 340|0x00000000d5400000, 0x00000000d5400000, 0x00000000d5500000|  0%| F|  |TAMS 0x00000000d5400000, 0x00000000d5400000| Untracked 
| 341|0x00000000d5500000, 0x00000000d5500000, 0x00000000d5600000|  0%| F|  |TAMS 0x00000000d5500000, 0x00000000d5500000| Untracked 
| 342|0x00000000d5600000, 0x00000000d5600000, 0x00000000d5700000|  0%| F|  |TAMS 0x00000000d5600000, 0x00000000d5600000| Untracked 
| 343|0x00000000d5700000, 0x00000000d5700000, 0x00000000d5800000|  0%| F|  |TAMS 0x00000000d5700000, 0x00000000d5700000| Untracked 
| 344|0x00000000d5800000, 0x00000000d5800000, 0x00000000d5900000|  0%| F|  |TAMS 0x00000000d5800000, 0x00000000d5800000| Untracked 
| 345|0x00000000d5900000, 0x00000000d5900000, 0x00000000d5a00000|  0%| F|  |TAMS 0x00000000d5900000, 0x00000000d5900000| Untracked 
| 346|0x00000000d5a00000, 0x00000000d5a00000, 0x00000000d5b00000|  0%| F|  |TAMS 0x00000000d5a00000, 0x00000000d5a00000| Untracked 
| 347|0x00000000d5b00000, 0x00000000d5b00000, 0x00000000d5c00000|  0%| F|  |TAMS 0x00000000d5b00000, 0x00000000d5b00000| Untracked 
| 348|0x00000000d5c00000, 0x00000000d5c00000, 0x00000000d5d00000|  0%| F|  |TAMS 0x00000000d5c00000, 0x00000000d5c00000| Untracked 
| 349|0x00000000d5d00000, 0x00000000d5d00000, 0x00000000d5e00000|  0%| F|  |TAMS 0x00000000d5d00000, 0x00000000d5d00000| Untracked 
| 350|0x00000000d5e00000, 0x00000000d5e00000, 0x00000000d5f00000|  0%| F|  |TAMS 0x00000000d5e00000, 0x00000000d5e00000| Untracked 
| 351|0x00000000d5f00000, 0x00000000d5f00000, 0x00000000d6000000|  0%| F|  |TAMS 0x00000000d5f00000, 0x00000000d5f00000| Untracked 
| 352|0x00000000d6000000, 0x00000000d6000000, 0x00000000d6100000|  0%| F|  |TAMS 0x00000000d6000000, 0x00000000d6000000| Untracked 
| 353|0x00000000d6100000, 0x00000000d6100000, 0x00000000d6200000|  0%| F|  |TAMS 0x00000000d6100000, 0x00000000d6100000| Untracked 
| 354|0x00000000d6200000, 0x00000000d6200000, 0x00000000d6300000|  0%| F|  |TAMS 0x00000000d6200000, 0x00000000d6200000| Untracked 
| 355|0x00000000d6300000, 0x00000000d6300000, 0x00000000d6400000|  0%| F|  |TAMS 0x00000000d6300000, 0x00000000d6300000| Untracked 
| 356|0x00000000d6400000, 0x00000000d6400000, 0x00000000d6500000|  0%| F|  |TAMS 0x00000000d6400000, 0x00000000d6400000| Untracked 
| 357|0x00000000d6500000, 0x00000000d6500000, 0x00000000d6600000|  0%| F|  |TAMS 0x00000000d6500000, 0x00000000d6500000| Untracked 
| 358|0x00000000d6600000, 0x00000000d6600000, 0x00000000d6700000|  0%| F|  |TAMS 0x00000000d6600000, 0x00000000d6600000| Untracked 
| 359|0x00000000d6700000, 0x00000000d6700000, 0x00000000d6800000|  0%| F|  |TAMS 0x00000000d6700000, 0x00000000d6700000| Untracked 
| 360|0x00000000d6800000, 0x00000000d6800000, 0x00000000d6900000|  0%| F|  |TAMS 0x00000000d6800000, 0x00000000d6800000| Untracked 
| 361|0x00000000d6900000, 0x00000000d6900000, 0x00000000d6a00000|  0%| F|  |TAMS 0x00000000d6900000, 0x00000000d6900000| Untracked 
| 362|0x00000000d6a00000, 0x00000000d6a00000, 0x00000000d6b00000|  0%| F|  |TAMS 0x00000000d6a00000, 0x00000000d6a00000| Untracked 
| 363|0x00000000d6b00000, 0x00000000d6b00000, 0x00000000d6c00000|  0%| F|  |TAMS 0x00000000d6b00000, 0x00000000d6b00000| Untracked 
| 364|0x00000000d6c00000, 0x00000000d6c00000, 0x00000000d6d00000|  0%| F|  |TAMS 0x00000000d6c00000, 0x00000000d6c00000| Untracked 
| 365|0x00000000d6d00000, 0x00000000d6d00000, 0x00000000d6e00000|  0%| F|  |TAMS 0x00000000d6d00000, 0x00000000d6d00000| Untracked 
| 366|0x00000000d6e00000, 0x00000000d6e00000, 0x00000000d6f00000|  0%| F|  |TAMS 0x00000000d6e00000, 0x00000000d6e00000| Untracked 
| 367|0x00000000d6f00000, 0x00000000d6f00000, 0x00000000d7000000|  0%| F|  |TAMS 0x00000000d6f00000, 0x00000000d6f00000| Untracked 
| 368|0x00000000d7000000, 0x00000000d7000000, 0x00000000d7100000|  0%| F|  |TAMS 0x00000000d7000000, 0x00000000d7000000| Untracked 
| 369|0x00000000d7100000, 0x00000000d7100000, 0x00000000d7200000|  0%| F|  |TAMS 0x00000000d7100000, 0x00000000d7100000| Untracked 
| 370|0x00000000d7200000, 0x00000000d7200000, 0x00000000d7300000|  0%| F|  |TAMS 0x00000000d7200000, 0x00000000d7200000| Untracked 
| 371|0x00000000d7300000, 0x00000000d7300000, 0x00000000d7400000|  0%| F|  |TAMS 0x00000000d7300000, 0x00000000d7300000| Untracked 
| 372|0x00000000d7400000, 0x00000000d7400000, 0x00000000d7500000|  0%| F|  |TAMS 0x00000000d7400000, 0x00000000d7400000| Untracked 
| 373|0x00000000d7500000, 0x00000000d7500000, 0x00000000d7600000|  0%| F|  |TAMS 0x00000000d7500000, 0x00000000d7500000| Untracked 
| 374|0x00000000d7600000, 0x00000000d7600000, 0x00000000d7700000|  0%| F|  |TAMS 0x00000000d7600000, 0x00000000d7600000| Untracked 
| 375|0x00000000d7700000, 0x00000000d7700000, 0x00000000d7800000|  0%| F|  |TAMS 0x00000000d7700000, 0x00000000d7700000| Untracked 
| 376|0x00000000d7800000, 0x00000000d7800000, 0x00000000d7900000|  0%| F|  |TAMS 0x00000000d7800000, 0x00000000d7800000| Untracked 
| 377|0x00000000d7900000, 0x00000000d7900000, 0x00000000d7a00000|  0%| F|  |TAMS 0x00000000d7900000, 0x00000000d7900000| Untracked 
| 378|0x00000000d7a00000, 0x00000000d7a00000, 0x00000000d7b00000|  0%| F|  |TAMS 0x00000000d7a00000, 0x00000000d7a00000| Untracked 
| 379|0x00000000d7b00000, 0x00000000d7b00000, 0x00000000d7c00000|  0%| F|  |TAMS 0x00000000d7b00000, 0x00000000d7b00000| Untracked 
| 380|0x00000000d7c00000, 0x00000000d7c00000, 0x00000000d7d00000|  0%| F|  |TAMS 0x00000000d7c00000, 0x00000000d7c00000| Untracked 
| 381|0x00000000d7d00000, 0x00000000d7d00000, 0x00000000d7e00000|  0%| F|  |TAMS 0x00000000d7d00000, 0x00000000d7d00000| Untracked 
| 382|0x00000000d7e00000, 0x00000000d7e00000, 0x00000000d7f00000|  0%| F|  |TAMS 0x00000000d7e00000, 0x00000000d7e00000| Untracked 
| 383|0x00000000d7f00000, 0x00000000d7f00000, 0x00000000d8000000|  0%| F|  |TAMS 0x00000000d7f00000, 0x00000000d7f00000| Untracked 
| 384|0x00000000d8000000, 0x00000000d8000000, 0x00000000d8100000|  0%| F|  |TAMS 0x00000000d8000000, 0x00000000d8000000| Untracked 
| 385|0x00000000d8100000, 0x00000000d8100000, 0x00000000d8200000|  0%| F|  |TAMS 0x00000000d8100000, 0x00000000d8100000| Untracked 
| 386|0x00000000d8200000, 0x00000000d8200000, 0x00000000d8300000|  0%| F|  |TAMS 0x00000000d8200000, 0x00000000d8200000| Untracked 
| 387|0x00000000d8300000, 0x00000000d8300000, 0x00000000d8400000|  0%| F|  |TAMS 0x00000000d8300000, 0x00000000d8300000| Untracked 
| 388|0x00000000d8400000, 0x00000000d8400000, 0x00000000d8500000|  0%| F|  |TAMS 0x00000000d8400000, 0x00000000d8400000| Untracked 
| 389|0x00000000d8500000, 0x00000000d8500000, 0x00000000d8600000|  0%| F|  |TAMS 0x00000000d8500000, 0x00000000d8500000| Untracked 
| 390|0x00000000d8600000, 0x00000000d8600000, 0x00000000d8700000|  0%| F|  |TAMS 0x00000000d8600000, 0x00000000d8600000| Untracked 
| 391|0x00000000d8700000, 0x00000000d8700000, 0x00000000d8800000|  0%| F|  |TAMS 0x00000000d8700000, 0x00000000d8700000| Untracked 
| 392|0x00000000d8800000, 0x00000000d8800000, 0x00000000d8900000|  0%| F|  |TAMS 0x00000000d8800000, 0x00000000d8800000| Untracked 
| 393|0x00000000d8900000, 0x00000000d8900000, 0x00000000d8a00000|  0%| F|  |TAMS 0x00000000d8900000, 0x00000000d8900000| Untracked 
| 394|0x00000000d8a00000, 0x00000000d8a00000, 0x00000000d8b00000|  0%| F|  |TAMS 0x00000000d8a00000, 0x00000000d8a00000| Untracked 
| 395|0x00000000d8b00000, 0x00000000d8b00000, 0x00000000d8c00000|  0%| F|  |TAMS 0x00000000d8b00000, 0x00000000d8b00000| Untracked 
| 396|0x00000000d8c00000, 0x00000000d8c00000, 0x00000000d8d00000|  0%| F|  |TAMS 0x00000000d8c00000, 0x00000000d8c00000| Untracked 
| 397|0x00000000d8d00000, 0x00000000d8d00000, 0x00000000d8e00000|  0%| F|  |TAMS 0x00000000d8d00000, 0x00000000d8d00000| Untracked 
| 398|0x00000000d8e00000, 0x00000000d8e00000, 0x00000000d8f00000|  0%| F|  |TAMS 0x00000000d8e00000, 0x00000000d8e00000| Untracked 
| 399|0x00000000d8f00000, 0x00000000d8f00000, 0x00000000d9000000|  0%| F|  |TAMS 0x00000000d8f00000, 0x00000000d8f00000| Untracked 
| 400|0x00000000d9000000, 0x00000000d9000000, 0x00000000d9100000|  0%| F|  |TAMS 0x00000000d9000000, 0x00000000d9000000| Untracked 
| 401|0x00000000d9100000, 0x00000000d9100000, 0x00000000d9200000|  0%| F|  |TAMS 0x00000000d9100000, 0x00000000d9100000| Untracked 
| 402|0x00000000d9200000, 0x00000000d9200000, 0x00000000d9300000|  0%| F|  |TAMS 0x00000000d9200000, 0x00000000d9200000| Untracked 
| 403|0x00000000d9300000, 0x00000000d9300000, 0x00000000d9400000|  0%| F|  |TAMS 0x00000000d9300000, 0x00000000d9300000| Untracked 
| 404|0x00000000d9400000, 0x00000000d9400000, 0x00000000d9500000|  0%| F|  |TAMS 0x00000000d9400000, 0x00000000d9400000| Untracked 
| 405|0x00000000d9500000, 0x00000000d9500000, 0x00000000d9600000|  0%| F|  |TAMS 0x00000000d9500000, 0x00000000d9500000| Untracked 
| 406|0x00000000d9600000, 0x00000000d9600000, 0x00000000d9700000|  0%| F|  |TAMS 0x00000000d9600000, 0x00000000d9600000| Untracked 
| 407|0x00000000d9700000, 0x00000000d9700000, 0x00000000d9800000|  0%| F|  |TAMS 0x00000000d9700000, 0x00000000d9700000| Untracked 
| 408|0x00000000d9800000, 0x00000000d9800000, 0x00000000d9900000|  0%| F|  |TAMS 0x00000000d9800000, 0x00000000d9800000| Untracked 
| 409|0x00000000d9900000, 0x00000000d9900000, 0x00000000d9a00000|  0%| F|  |TAMS 0x00000000d9900000, 0x00000000d9900000| Untracked 
| 410|0x00000000d9a00000, 0x00000000d9a00000, 0x00000000d9b00000|  0%| F|  |TAMS 0x00000000d9a00000, 0x00000000d9a00000| Untracked 
| 411|0x00000000d9b00000, 0x00000000d9b00000, 0x00000000d9c00000|  0%| F|  |TAMS 0x00000000d9b00000, 0x00000000d9b00000| Untracked 
| 412|0x00000000d9c00000, 0x00000000d9c00000, 0x00000000d9d00000|  0%| F|  |TAMS 0x00000000d9c00000, 0x00000000d9c00000| Untracked 
| 413|0x00000000d9d00000, 0x00000000d9d00000, 0x00000000d9e00000|  0%| F|  |TAMS 0x00000000d9d00000, 0x00000000d9d00000| Untracked 
| 414|0x00000000d9e00000, 0x00000000d9e00000, 0x00000000d9f00000|  0%| F|  |TAMS 0x00000000d9e00000, 0x00000000d9e00000| Untracked 
| 415|0x00000000d9f00000, 0x00000000d9f00000, 0x00000000da000000|  0%| F|  |TAMS 0x00000000d9f00000, 0x00000000d9f00000| Untracked 
| 416|0x00000000da000000, 0x00000000da000000, 0x00000000da100000|  0%| F|  |TAMS 0x00000000da000000, 0x00000000da000000| Untracked 
| 417|0x00000000da100000, 0x00000000da100000, 0x00000000da200000|  0%| F|  |TAMS 0x00000000da100000, 0x00000000da100000| Untracked 
| 418|0x00000000da200000, 0x00000000da200000, 0x00000000da300000|  0%| F|  |TAMS 0x00000000da200000, 0x00000000da200000| Untracked 
| 419|0x00000000da300000, 0x00000000da300000, 0x00000000da400000|  0%| F|  |TAMS 0x00000000da300000, 0x00000000da300000| Untracked 
| 420|0x00000000da400000, 0x00000000da400000, 0x00000000da500000|  0%| F|  |TAMS 0x00000000da400000, 0x00000000da400000| Untracked 
| 421|0x00000000da500000, 0x00000000da500000, 0x00000000da600000|  0%| F|  |TAMS 0x00000000da500000, 0x00000000da500000| Untracked 
| 422|0x00000000da600000, 0x00000000da600000, 0x00000000da700000|  0%| F|  |TAMS 0x00000000da600000, 0x00000000da600000| Untracked 
| 423|0x00000000da700000, 0x00000000da700000, 0x00000000da800000|  0%| F|  |TAMS 0x00000000da700000, 0x00000000da700000| Untracked 
| 424|0x00000000da800000, 0x00000000da800000, 0x00000000da900000|  0%| F|  |TAMS 0x00000000da800000, 0x00000000da800000| Untracked 
| 425|0x00000000da900000, 0x00000000da900000, 0x00000000daa00000|  0%| F|  |TAMS 0x00000000da900000, 0x00000000da900000| Untracked 
| 426|0x00000000daa00000, 0x00000000daa00000, 0x00000000dab00000|  0%| F|  |TAMS 0x00000000daa00000, 0x00000000daa00000| Untracked 
| 427|0x00000000dab00000, 0x00000000dab00000, 0x00000000dac00000|  0%| F|  |TAMS 0x00000000dab00000, 0x00000000dab00000| Untracked 
| 428|0x00000000dac00000, 0x00000000dac00000, 0x00000000dad00000|  0%| F|  |TAMS 0x00000000dac00000, 0x00000000dac00000| Untracked 
| 429|0x00000000dad00000, 0x00000000dad00000, 0x00000000dae00000|  0%| F|  |TAMS 0x00000000dad00000, 0x00000000dad00000| Untracked 
| 430|0x00000000dae00000, 0x00000000dae00000, 0x00000000daf00000|  0%| F|  |TAMS 0x00000000dae00000, 0x00000000dae00000| Untracked 
| 431|0x00000000daf00000, 0x00000000daf00000, 0x00000000db000000|  0%| F|  |TAMS 0x00000000daf00000, 0x00000000daf00000| Untracked 
| 432|0x00000000db000000, 0x00000000db000000, 0x00000000db100000|  0%| F|  |TAMS 0x00000000db000000, 0x00000000db000000| Untracked 
| 433|0x00000000db100000, 0x00000000db100000, 0x00000000db200000|  0%| F|  |TAMS 0x00000000db100000, 0x00000000db100000| Untracked 
| 434|0x00000000db200000, 0x00000000db200000, 0x00000000db300000|  0%| F|  |TAMS 0x00000000db200000, 0x00000000db200000| Untracked 
| 435|0x00000000db300000, 0x00000000db300000, 0x00000000db400000|  0%| F|  |TAMS 0x00000000db300000, 0x00000000db300000| Untracked 
| 436|0x00000000db400000, 0x00000000db400000, 0x00000000db500000|  0%| F|  |TAMS 0x00000000db400000, 0x00000000db400000| Untracked 
| 437|0x00000000db500000, 0x00000000db500000, 0x00000000db600000|  0%| F|  |TAMS 0x00000000db500000, 0x00000000db500000| Untracked 
| 438|0x00000000db600000, 0x00000000db600000, 0x00000000db700000|  0%| F|  |TAMS 0x00000000db600000, 0x00000000db600000| Untracked 
| 439|0x00000000db700000, 0x00000000db700000, 0x00000000db800000|  0%| F|  |TAMS 0x00000000db700000, 0x00000000db700000| Untracked 
| 440|0x00000000db800000, 0x00000000db800000, 0x00000000db900000|  0%| F|  |TAMS 0x00000000db800000, 0x00000000db800000| Untracked 
| 441|0x00000000db900000, 0x00000000db900000, 0x00000000dba00000|  0%| F|  |TAMS 0x00000000db900000, 0x00000000db900000| Untracked 
| 442|0x00000000dba00000, 0x00000000dba00000, 0x00000000dbb00000|  0%| F|  |TAMS 0x00000000dba00000, 0x00000000dba00000| Untracked 
| 443|0x00000000dbb00000, 0x00000000dbb00000, 0x00000000dbc00000|  0%| F|  |TAMS 0x00000000dbb00000, 0x00000000dbb00000| Untracked 
| 444|0x00000000dbc00000, 0x00000000dbc00000, 0x00000000dbd00000|  0%| F|  |TAMS 0x00000000dbc00000, 0x00000000dbc00000| Untracked 
| 445|0x00000000dbd00000, 0x00000000dbd00000, 0x00000000dbe00000|  0%| F|  |TAMS 0x00000000dbd00000, 0x00000000dbd00000| Untracked 
| 446|0x00000000dbe00000, 0x00000000dbe00000, 0x00000000dbf00000|  0%| F|  |TAMS 0x00000000dbe00000, 0x00000000dbe00000| Untracked 
| 447|0x00000000dbf00000, 0x00000000dbf00000, 0x00000000dc000000|  0%| F|  |TAMS 0x00000000dbf00000, 0x00000000dbf00000| Untracked 
| 448|0x00000000dc000000, 0x00000000dc000000, 0x00000000dc100000|  0%| F|  |TAMS 0x00000000dc000000, 0x00000000dc000000| Untracked 
| 449|0x00000000dc100000, 0x00000000dc100000, 0x00000000dc200000|  0%| F|  |TAMS 0x00000000dc100000, 0x00000000dc100000| Untracked 
| 450|0x00000000dc200000, 0x00000000dc200000, 0x00000000dc300000|  0%| F|  |TAMS 0x00000000dc200000, 0x00000000dc200000| Untracked 
| 451|0x00000000dc300000, 0x00000000dc300000, 0x00000000dc400000|  0%| F|  |TAMS 0x00000000dc300000, 0x00000000dc300000| Untracked 
| 452|0x00000000dc400000, 0x00000000dc400000, 0x00000000dc500000|  0%| F|  |TAMS 0x00000000dc400000, 0x00000000dc400000| Untracked 
| 453|0x00000000dc500000, 0x00000000dc500000, 0x00000000dc600000|  0%| F|  |TAMS 0x00000000dc500000, 0x00000000dc500000| Untracked 
| 454|0x00000000dc600000, 0x00000000dc600000, 0x00000000dc700000|  0%| F|  |TAMS 0x00000000dc600000, 0x00000000dc600000| Untracked 
| 455|0x00000000dc700000, 0x00000000dc700000, 0x00000000dc800000|  0%| F|  |TAMS 0x00000000dc700000, 0x00000000dc700000| Untracked 
| 456|0x00000000dc800000, 0x00000000dc800000, 0x00000000dc900000|  0%| F|  |TAMS 0x00000000dc800000, 0x00000000dc800000| Untracked 
| 457|0x00000000dc900000, 0x00000000dc900000, 0x00000000dca00000|  0%| F|  |TAMS 0x00000000dc900000, 0x00000000dc900000| Untracked 
| 458|0x00000000dca00000, 0x00000000dca00000, 0x00000000dcb00000|  0%| F|  |TAMS 0x00000000dca00000, 0x00000000dca00000| Untracked 
| 459|0x00000000dcb00000, 0x00000000dcb00000, 0x00000000dcc00000|  0%| F|  |TAMS 0x00000000dcb00000, 0x00000000dcb00000| Untracked 
| 460|0x00000000dcc00000, 0x00000000dcc00000, 0x00000000dcd00000|  0%| F|  |TAMS 0x00000000dcc00000, 0x00000000dcc00000| Untracked 
| 461|0x00000000dcd00000, 0x00000000dcd00000, 0x00000000dce00000|  0%| F|  |TAMS 0x00000000dcd00000, 0x00000000dcd00000| Untracked 
| 462|0x00000000dce00000, 0x00000000dce00000, 0x00000000dcf00000|  0%| F|  |TAMS 0x00000000dce00000, 0x00000000dce00000| Untracked 
| 463|0x00000000dcf00000, 0x00000000dcf00000, 0x00000000dd000000|  0%| F|  |TAMS 0x00000000dcf00000, 0x00000000dcf00000| Untracked 
| 464|0x00000000dd000000, 0x00000000dd000000, 0x00000000dd100000|  0%| F|  |TAMS 0x00000000dd000000, 0x00000000dd000000| Untracked 
| 465|0x00000000dd100000, 0x00000000dd100000, 0x00000000dd200000|  0%| F|  |TAMS 0x00000000dd100000, 0x00000000dd100000| Untracked 
| 466|0x00000000dd200000, 0x00000000dd200000, 0x00000000dd300000|  0%| F|  |TAMS 0x00000000dd200000, 0x00000000dd200000| Untracked 
| 467|0x00000000dd300000, 0x00000000dd400000, 0x00000000dd400000|100%| S|CS|TAMS 0x00000000dd300000, 0x00000000dd300000| Complete 
| 468|0x00000000dd400000, 0x00000000dd500000, 0x00000000dd500000|100%| S|CS|TAMS 0x00000000dd400000, 0x00000000dd400000| Complete 
| 469|0x00000000dd500000, 0x00000000dd600000, 0x00000000dd600000|100%| S|CS|TAMS 0x00000000dd500000, 0x00000000dd500000| Complete 
| 470|0x00000000dd600000, 0x00000000dd700000, 0x00000000dd700000|100%| S|CS|TAMS 0x00000000dd600000, 0x00000000dd600000| Complete 
| 471|0x00000000dd700000, 0x00000000dd800000, 0x00000000dd800000|100%| S|CS|TAMS 0x00000000dd700000, 0x00000000dd700000| Complete 
| 472|0x00000000dd800000, 0x00000000dd900000, 0x00000000dd900000|100%| S|CS|TAMS 0x00000000dd800000, 0x00000000dd800000| Complete 
| 473|0x00000000dd900000, 0x00000000dda00000, 0x00000000dda00000|100%| S|CS|TAMS 0x00000000dd900000, 0x00000000dd900000| Complete 
| 474|0x00000000dda00000, 0x00000000ddb00000, 0x00000000ddb00000|100%| S|CS|TAMS 0x00000000dda00000, 0x00000000dda00000| Complete 
| 475|0x00000000ddb00000, 0x00000000ddc00000, 0x00000000ddc00000|100%| S|CS|TAMS 0x00000000ddb00000, 0x00000000ddb00000| Complete 
| 476|0x00000000ddc00000, 0x00000000ddd00000, 0x00000000ddd00000|100%| S|CS|TAMS 0x00000000ddc00000, 0x00000000ddc00000| Complete 
| 477|0x00000000ddd00000, 0x00000000ddd00000, 0x00000000dde00000|  0%| F|  |TAMS 0x00000000ddd00000, 0x00000000ddd00000| Untracked 
| 478|0x00000000dde00000, 0x00000000dde00000, 0x00000000ddf00000|  0%| F|  |TAMS 0x00000000dde00000, 0x00000000dde00000| Untracked 
| 479|0x00000000ddf00000, 0x00000000ddf00000, 0x00000000de000000|  0%| F|  |TAMS 0x00000000ddf00000, 0x00000000ddf00000| Untracked 
| 480|0x00000000de000000, 0x00000000de000000, 0x00000000de100000|  0%| F|  |TAMS 0x00000000de000000, 0x00000000de000000| Untracked 
| 481|0x00000000de100000, 0x00000000de100000, 0x00000000de200000|  0%| F|  |TAMS 0x00000000de100000, 0x00000000de100000| Untracked 
| 482|0x00000000de200000, 0x00000000de200000, 0x00000000de300000|  0%| F|  |TAMS 0x00000000de200000, 0x00000000de200000| Untracked 
| 483|0x00000000de300000, 0x00000000de300000, 0x00000000de400000|  0%| F|  |TAMS 0x00000000de300000, 0x00000000de300000| Untracked 
| 484|0x00000000de400000, 0x00000000de400000, 0x00000000de500000|  0%| F|  |TAMS 0x00000000de400000, 0x00000000de400000| Untracked 
| 485|0x00000000de500000, 0x00000000de500000, 0x00000000de600000|  0%| F|  |TAMS 0x00000000de500000, 0x00000000de500000| Untracked 
| 486|0x00000000de600000, 0x00000000de600000, 0x00000000de700000|  0%| F|  |TAMS 0x00000000de600000, 0x00000000de600000| Untracked 
| 487|0x00000000de700000, 0x00000000de700000, 0x00000000de800000|  0%| F|  |TAMS 0x00000000de700000, 0x00000000de700000| Untracked 
| 488|0x00000000de800000, 0x00000000de800000, 0x00000000de900000|  0%| F|  |TAMS 0x00000000de800000, 0x00000000de800000| Untracked 
| 489|0x00000000de900000, 0x00000000de900000, 0x00000000dea00000|  0%| F|  |TAMS 0x00000000de900000, 0x00000000de900000| Untracked 
| 490|0x00000000dea00000, 0x00000000dea00000, 0x00000000deb00000|  0%| F|  |TAMS 0x00000000dea00000, 0x00000000dea00000| Untracked 
| 491|0x00000000deb00000, 0x00000000deb00000, 0x00000000dec00000|  0%| F|  |TAMS 0x00000000deb00000, 0x00000000deb00000| Untracked 
| 492|0x00000000dec00000, 0x00000000dec00000, 0x00000000ded00000|  0%| F|  |TAMS 0x00000000dec00000, 0x00000000dec00000| Untracked 
| 493|0x00000000ded00000, 0x00000000ded00000, 0x00000000dee00000|  0%| F|  |TAMS 0x00000000ded00000, 0x00000000ded00000| Untracked 
| 494|0x00000000dee00000, 0x00000000dee00000, 0x00000000def00000|  0%| F|  |TAMS 0x00000000dee00000, 0x00000000dee00000| Untracked 
| 495|0x00000000def00000, 0x00000000def00000, 0x00000000df000000|  0%| F|  |TAMS 0x00000000def00000, 0x00000000def00000| Untracked 
| 496|0x00000000df000000, 0x00000000df000000, 0x00000000df100000|  0%| F|  |TAMS 0x00000000df000000, 0x00000000df000000| Untracked 
| 497|0x00000000df100000, 0x00000000df100000, 0x00000000df200000|  0%| F|  |TAMS 0x00000000df100000, 0x00000000df100000| Untracked 
| 498|0x00000000df200000, 0x00000000df200000, 0x00000000df300000|  0%| F|  |TAMS 0x00000000df200000, 0x00000000df200000| Untracked 
| 499|0x00000000df300000, 0x00000000df300000, 0x00000000df400000|  0%| F|  |TAMS 0x00000000df300000, 0x00000000df300000| Untracked 
| 500|0x00000000df400000, 0x00000000df400000, 0x00000000df500000|  0%| F|  |TAMS 0x00000000df400000, 0x00000000df400000| Untracked 
| 501|0x00000000df500000, 0x00000000df500000, 0x00000000df600000|  0%| F|  |TAMS 0x00000000df500000, 0x00000000df500000| Untracked 
| 502|0x00000000df600000, 0x00000000df600000, 0x00000000df700000|  0%| F|  |TAMS 0x00000000df600000, 0x00000000df600000| Untracked 
| 503|0x00000000df700000, 0x00000000df700000, 0x00000000df800000|  0%| F|  |TAMS 0x00000000df700000, 0x00000000df700000| Untracked 
| 504|0x00000000df800000, 0x00000000df800000, 0x00000000df900000|  0%| F|  |TAMS 0x00000000df800000, 0x00000000df800000| Untracked 
| 505|0x00000000df900000, 0x00000000df900000, 0x00000000dfa00000|  0%| F|  |TAMS 0x00000000df900000, 0x00000000df900000| Untracked 
| 506|0x00000000dfa00000, 0x00000000dfa00000, 0x00000000dfb00000|  0%| F|  |TAMS 0x00000000dfa00000, 0x00000000dfa00000| Untracked 
| 507|0x00000000dfb00000, 0x00000000dfb00000, 0x00000000dfc00000|  0%| F|  |TAMS 0x00000000dfb00000, 0x00000000dfb00000| Untracked 
| 508|0x00000000dfc00000, 0x00000000dfc00000, 0x00000000dfd00000|  0%| F|  |TAMS 0x00000000dfc00000, 0x00000000dfc00000| Untracked 
| 509|0x00000000dfd00000, 0x00000000dfd00000, 0x00000000dfe00000|  0%| F|  |TAMS 0x00000000dfd00000, 0x00000000dfd00000| Untracked 
| 510|0x00000000dfe00000, 0x00000000dfe00000, 0x00000000dff00000|  0%| F|  |TAMS 0x00000000dfe00000, 0x00000000dfe00000| Untracked 
| 511|0x00000000dff00000, 0x00000000dff00000, 0x00000000e0000000|  0%| F|  |TAMS 0x00000000dff00000, 0x00000000dff00000| Untracked 
| 512|0x00000000e0000000, 0x00000000e0000000, 0x00000000e0100000|  0%| F|  |TAMS 0x00000000e0000000, 0x00000000e0000000| Untracked 
| 513|0x00000000e0100000, 0x00000000e0100000, 0x00000000e0200000|  0%| F|  |TAMS 0x00000000e0100000, 0x00000000e0100000| Untracked 
| 514|0x00000000e0200000, 0x00000000e0200000, 0x00000000e0300000|  0%| F|  |TAMS 0x00000000e0200000, 0x00000000e0200000| Untracked 
| 515|0x00000000e0300000, 0x00000000e0300000, 0x00000000e0400000|  0%| F|  |TAMS 0x00000000e0300000, 0x00000000e0300000| Untracked 
| 516|0x00000000e0400000, 0x00000000e0400000, 0x00000000e0500000|  0%| F|  |TAMS 0x00000000e0400000, 0x00000000e0400000| Untracked 
| 517|0x00000000e0500000, 0x00000000e0500000, 0x00000000e0600000|  0%| F|  |TAMS 0x00000000e0500000, 0x00000000e0500000| Untracked 
| 518|0x00000000e0600000, 0x00000000e0600000, 0x00000000e0700000|  0%| F|  |TAMS 0x00000000e0600000, 0x00000000e0600000| Untracked 
| 519|0x00000000e0700000, 0x00000000e0700000, 0x00000000e0800000|  0%| F|  |TAMS 0x00000000e0700000, 0x00000000e0700000| Untracked 
| 520|0x00000000e0800000, 0x00000000e0800000, 0x00000000e0900000|  0%| F|  |TAMS 0x00000000e0800000, 0x00000000e0800000| Untracked 
| 521|0x00000000e0900000, 0x00000000e0900000, 0x00000000e0a00000|  0%| F|  |TAMS 0x00000000e0900000, 0x00000000e0900000| Untracked 
| 522|0x00000000e0a00000, 0x00000000e0a00000, 0x00000000e0b00000|  0%| F|  |TAMS 0x00000000e0a00000, 0x00000000e0a00000| Untracked 
| 523|0x00000000e0b00000, 0x00000000e0b00000, 0x00000000e0c00000|  0%| F|  |TAMS 0x00000000e0b00000, 0x00000000e0b00000| Untracked 
| 524|0x00000000e0c00000, 0x00000000e0c00000, 0x00000000e0d00000|  0%| F|  |TAMS 0x00000000e0c00000, 0x00000000e0c00000| Untracked 
| 525|0x00000000e0d00000, 0x00000000e0d00000, 0x00000000e0e00000|  0%| F|  |TAMS 0x00000000e0d00000, 0x00000000e0d00000| Untracked 
| 526|0x00000000e0e00000, 0x00000000e0e00000, 0x00000000e0f00000|  0%| F|  |TAMS 0x00000000e0e00000, 0x00000000e0e00000| Untracked 
| 527|0x00000000e0f00000, 0x00000000e0f00000, 0x00000000e1000000|  0%| F|  |TAMS 0x00000000e0f00000, 0x00000000e0f00000| Untracked 
| 528|0x00000000e1000000, 0x00000000e1000000, 0x00000000e1100000|  0%| F|  |TAMS 0x00000000e1000000, 0x00000000e1000000| Untracked 
| 529|0x00000000e1100000, 0x00000000e1100000, 0x00000000e1200000|  0%| F|  |TAMS 0x00000000e1100000, 0x00000000e1100000| Untracked 
| 530|0x00000000e1200000, 0x00000000e1200000, 0x00000000e1300000|  0%| F|  |TAMS 0x00000000e1200000, 0x00000000e1200000| Untracked 
| 531|0x00000000e1300000, 0x00000000e1300000, 0x00000000e1400000|  0%| F|  |TAMS 0x00000000e1300000, 0x00000000e1300000| Untracked 
| 532|0x00000000e1400000, 0x00000000e1400000, 0x00000000e1500000|  0%| F|  |TAMS 0x00000000e1400000, 0x00000000e1400000| Untracked 
| 533|0x00000000e1500000, 0x00000000e1500000, 0x00000000e1600000|  0%| F|  |TAMS 0x00000000e1500000, 0x00000000e1500000| Untracked 
| 534|0x00000000e1600000, 0x00000000e1600000, 0x00000000e1700000|  0%| F|  |TAMS 0x00000000e1600000, 0x00000000e1600000| Untracked 
| 535|0x00000000e1700000, 0x00000000e1700000, 0x00000000e1800000|  0%| F|  |TAMS 0x00000000e1700000, 0x00000000e1700000| Untracked 
| 536|0x00000000e1800000, 0x00000000e1800000, 0x00000000e1900000|  0%| F|  |TAMS 0x00000000e1800000, 0x00000000e1800000| Untracked 
| 537|0x00000000e1900000, 0x00000000e1900000, 0x00000000e1a00000|  0%| F|  |TAMS 0x00000000e1900000, 0x00000000e1900000| Untracked 
| 538|0x00000000e1a00000, 0x00000000e1a00000, 0x00000000e1b00000|  0%| F|  |TAMS 0x00000000e1a00000, 0x00000000e1a00000| Untracked 
| 539|0x00000000e1b00000, 0x00000000e1b00000, 0x00000000e1c00000|  0%| F|  |TAMS 0x00000000e1b00000, 0x00000000e1b00000| Untracked 
| 540|0x00000000e1c00000, 0x00000000e1c00000, 0x00000000e1d00000|  0%| F|  |TAMS 0x00000000e1c00000, 0x00000000e1c00000| Untracked 
| 541|0x00000000e1d00000, 0x00000000e1d00000, 0x00000000e1e00000|  0%| F|  |TAMS 0x00000000e1d00000, 0x00000000e1d00000| Untracked 
| 542|0x00000000e1e00000, 0x00000000e1e00000, 0x00000000e1f00000|  0%| F|  |TAMS 0x00000000e1e00000, 0x00000000e1e00000| Untracked 
| 543|0x00000000e1f00000, 0x00000000e2000000, 0x00000000e2000000|100%| E|  |TAMS 0x00000000e1f00000, 0x00000000e1f00000| Complete 
| 544|0x00000000e2000000, 0x00000000e2100000, 0x00000000e2100000|100%| E|CS|TAMS 0x00000000e2000000, 0x00000000e2000000| Complete 
| 545|0x00000000e2100000, 0x00000000e2200000, 0x00000000e2200000|100%| E|CS|TAMS 0x00000000e2100000, 0x00000000e2100000| Complete 
| 546|0x00000000e2200000, 0x00000000e2300000, 0x00000000e2300000|100%| E|CS|TAMS 0x00000000e2200000, 0x00000000e2200000| Complete 
| 547|0x00000000e2300000, 0x00000000e2400000, 0x00000000e2400000|100%| E|CS|TAMS 0x00000000e2300000, 0x00000000e2300000| Complete 
| 548|0x00000000e2400000, 0x00000000e2500000, 0x00000000e2500000|100%| E|CS|TAMS 0x00000000e2400000, 0x00000000e2400000| Complete 
| 549|0x00000000e2500000, 0x00000000e2600000, 0x00000000e2600000|100%| E|CS|TAMS 0x00000000e2500000, 0x00000000e2500000| Complete 
| 550|0x00000000e2600000, 0x00000000e2700000, 0x00000000e2700000|100%| E|CS|TAMS 0x00000000e2600000, 0x00000000e2600000| Complete 
| 551|0x00000000e2700000, 0x00000000e2800000, 0x00000000e2800000|100%| E|CS|TAMS 0x00000000e2700000, 0x00000000e2700000| Complete 
| 552|0x00000000e2800000, 0x00000000e2900000, 0x00000000e2900000|100%| E|CS|TAMS 0x00000000e2800000, 0x00000000e2800000| Complete 

Card table byte_map: [0x000001777bd60000,0x000001777bf60000] _byte_map_base: 0x000001777b760000

Marking Bits (Prev, Next): (CMBitMap*) 0x0000017772297410, (CMBitMap*) 0x0000017772297450
 Prev Bits: [0x000001777c160000, 0x000001777d160000)
 Next Bits: [0x000001777d160000, 0x000001777e160000)

Polling page: 0x0000017771f70000

Metaspace:

Usage:
  Non-class:    167.68 MB used.
      Class:     24.64 MB used.
       Both:    192.31 MB used.

Virtual space:
  Non-class space:      192.00 MB reserved,     168.44 MB ( 88%) committed,  3 nodes.
      Class space:      416.00 MB reserved,      25.25 MB (  6%) committed,  1 nodes.
             Both:      608.00 MB reserved,     193.69 MB ( 32%) committed. 

Chunk freelists:
   Non-Class:  7.61 MB
       Class:  6.73 MB
        Both:  14.34 MB

MaxMetaspaceSize: 512.00 MB
CompressedClassSpaceSize: 416.00 MB
Initial GC threshold: 21.00 MB
Current GC threshold: 313.06 MB
CDS: on
MetaspaceReclaimPolicy: balanced
 - commit_granule_bytes: 65536.
 - commit_granule_words: 8192.
 - virtual_space_node_default_size: 8388608.
 - enlarge_chunks_in_place: 1.
 - new_chunks_are_fully_committed: 0.
 - uncommit_free_chunks: 1.
 - use_allocation_guard: 0.
 - handle_deallocations: 1.


Internal statistics:

num_allocs_failed_limit: 45.
num_arena_births: 1930.
num_arena_deaths: 8.
num_vsnodes_births: 4.
num_vsnodes_deaths: 0.
num_space_committed: 3098.
num_space_uncommitted: 2.
num_chunks_returned_to_freelist: 85.
num_chunks_taken_from_freelist: 9842.
num_chunk_merges: 54.
num_chunk_splits: 7123.
num_chunks_enlarged: 5294.
num_inconsistent_stats: 0.

CodeHeap 'non-profiled nmethods': size=120000Kb used=12153Kb max_used=12454Kb free=107846Kb
 bounds [0x0000017707ad0000, 0x0000017708700000, 0x000001770f000000]
CodeHeap 'profiled nmethods': size=120000Kb used=37939Kb max_used=37976Kb free=82060Kb
 bounds [0x0000017700000000, 0x0000017702550000, 0x0000017707530000]
CodeHeap 'non-nmethods': size=5760Kb used=1966Kb max_used=2029Kb free=3793Kb
 bounds [0x0000017707530000, 0x00000177077a0000, 0x0000017707ad0000]
 total_blobs=20075 nmethods=18964 adapters=1021
 compilation: enabled
              stopped_count=0, restarted_count=0
 full_count=0

Compilation events (20 events):
Event: 293.652 Thread 0x000001777eb612b0 23834       3       kotlin.collections.builders.ListBuilder::registerModification (11 bytes)
Event: 293.652 Thread 0x000001777eb612b0 nmethod 23834 0x0000017701d70990 code [0x0000017701d70b20, 0x0000017701d70c38]
Event: 293.652 Thread 0x000001777eb612b0 23835       3       kotlin.collections.builders.ListBuilder::insertAtInternal (50 bytes)
Event: 293.654 Thread 0x000001777eb612b0 nmethod 23835 0x0000017701dbd090 code [0x0000017701dbd240, 0x0000017701dbd458]
Event: 293.654 Thread 0x000001777eb612b0 23836       1       org.jetbrains.kotlin.resolve.calls.inference.model.MutableConstraintStorage::setMaxTypeDepthFromInitialConstraints (6 bytes)
Event: 293.654 Thread 0x000001777eb612b0 nmethod 23836 0x00000177085b9910 code [0x00000177085b9aa0, 0x00000177085b9b78]
Event: 293.654 Thread 0x000001777eb612b0 23838       3       org.jetbrains.kotlin.fir.declarations.impl.FirResolvedDeclarationStatusImpl::getVisibility (5 bytes)
Event: 293.654 Thread 0x000001777eb612b0 nmethod 23838 0x0000017701d73510 code [0x0000017701d736a0, 0x0000017701d737b8]
Event: 293.654 Thread 0x000001777eb612b0 23837       1       org.jetbrains.kotlin.fir.declarations.FirTowerDataElement::isLocal (5 bytes)
Event: 293.654 Thread 0x000001777eb612b0 nmethod 23837 0x00000177085b9610 code [0x00000177085b97a0, 0x00000177085b9878]
Event: 293.654 Thread 0x000001777eb612b0 23839       1       org.jetbrains.kotlin.config.MavenComparableVersion$ListItem::getType (2 bytes)
Event: 293.655 Thread 0x000001777eb612b0 nmethod 23839 0x00000177085b9310 code [0x00000177085b94a0, 0x00000177085b9578]
Event: 293.655 Thread 0x000001777eb612b0 23840       1       org.jetbrains.kotlin.config.MavenComparableVersion$IntegerItem::getType (2 bytes)
Event: 293.655 Thread 0x000001777eb612b0 nmethod 23840 0x00000177085b9010 code [0x00000177085b91a0, 0x00000177085b9278]
Event: 293.656 Thread 0x000001777eb612b0 23841       3       kotlinx.collections.immutable.internal.MutabilityOwnership::<init> (5 bytes)
Event: 293.656 Thread 0x000001777eb612b0 nmethod 23841 0x0000017701d77d90 code [0x0000017701d77f20, 0x0000017701d78078]
Event: 293.656 Thread 0x000001777eb612b0 23842       1       org.jetbrains.kotlin.fir.resolve.calls.candidate.CallInfo::getArgumentList (5 bytes)
Event: 293.656 Thread 0x000001777eb612b0 nmethod 23842 0x00000177085b8d10 code [0x00000177085b8ea0, 0x00000177085b8f78]
Event: 293.656 Thread 0x000001777eb612b0 23843       1       org.jetbrains.kotlin.fir.expressions.impl.FirPropertyAccessExpressionImpl::getCalleeReference (5 bytes)
Event: 293.656 Thread 0x000001777eb612b0 nmethod 23843 0x00000177085b8a10 code [0x00000177085b8ba0, 0x00000177085b8c78]

GC Heap History (20 events):
Event: 216.849 GC heap before
{Heap before GC invocations=95 (full 0):
 garbage-first heap   total 566272K, used 298803K [0x00000000c0000000, 0x0000000100000000)
  region size 1024K, 135 young (138240K), 16 survivors (16384K)
 Metaspace       used 149896K, committed 150976K, reserved 557056K
  class space    used 19658K, committed 20160K, reserved 425984K
}
Event: 216.877 GC heap after
{Heap after GC invocations=96 (full 0):
 garbage-first heap   total 566272K, used 187208K [0x00000000c0000000, 0x0000000100000000)
  region size 1024K, 12 young (12288K), 12 survivors (12288K)
 Metaspace       used 149896K, committed 150976K, reserved 557056K
  class space    used 19658K, committed 20160K, reserved 425984K
}
Event: 218.679 GC heap before
{Heap before GC invocations=96 (full 0):
 garbage-first heap   total 566272K, used 378696K [0x00000000c0000000, 0x0000000100000000)
  region size 1024K, 194 young (198656K), 12 survivors (12288K)
 Metaspace       used 157621K, committed 158656K, reserved 622592K
  class space    used 20741K, committed 21248K, reserved 425984K
}
Event: 218.708 GC heap after
{Heap after GC invocations=97 (full 0):
 garbage-first heap   total 566272K, used 204553K [0x00000000c0000000, 0x0000000100000000)
  region size 1024K, 25 young (25600K), 25 survivors (25600K)
 Metaspace       used 157621K, committed 158656K, reserved 622592K
  class space    used 20741K, committed 21248K, reserved 425984K
}
Event: 228.175 GC heap before
{Heap before GC invocations=97 (full 0):
 garbage-first heap   total 566272K, used 481033K [0x00000000c0000000, 0x0000000100000000)
  region size 1024K, 267 young (273408K), 25 survivors (25600K)
 Metaspace       used 164979K, committed 166208K, reserved 622592K
  class space    used 21411K, committed 22016K, reserved 425984K
}
Event: 228.360 GC heap after
{Heap after GC invocations=98 (full 0):
 garbage-first heap   total 566272K, used 219499K [0x00000000c0000000, 0x0000000100000000)
  region size 1024K, 29 young (29696K), 29 survivors (29696K)
 Metaspace       used 164979K, committed 166208K, reserved 622592K
  class space    used 21411K, committed 22016K, reserved 425984K
}
Event: 235.871 GC heap before
{Heap before GC invocations=98 (full 0):
 garbage-first heap   total 566272K, used 400747K [0x00000000c0000000, 0x0000000100000000)
  region size 1024K, 192 young (196608K), 29 survivors (29696K)
 Metaspace       used 166116K, committed 167360K, reserved 622592K
  class space    used 21516K, committed 22080K, reserved 425984K
}
Event: 236.054 GC heap after
{Heap after GC invocations=99 (full 0):
 garbage-first heap   total 566272K, used 241844K [0x00000000c0000000, 0x0000000100000000)
  region size 1024K, 24 young (24576K), 24 survivors (24576K)
 Metaspace       used 166116K, committed 167360K, reserved 622592K
  class space    used 21516K, committed 22080K, reserved 425984K
}
Event: 236.445 GC heap before
{Heap before GC invocations=99 (full 0):
 garbage-first heap   total 566272K, used 362676K [0x00000000c0000000, 0x0000000100000000)
  region size 1024K, 142 young (145408K), 24 survivors (24576K)
 Metaspace       used 166121K, committed 167360K, reserved 622592K
  class space    used 21516K, committed 22080K, reserved 425984K
}
Event: 236.576 GC heap after
{Heap after GC invocations=100 (full 0):
 garbage-first heap   total 566272K, used 248267K [0x00000000c0000000, 0x0000000100000000)
  region size 1024K, 4 young (4096K), 4 survivors (4096K)
 Metaspace       used 166121K, committed 167360K, reserved 622592K
  class space    used 21516K, committed 22080K, reserved 425984K
}
Event: 237.364 GC heap before
{Heap before GC invocations=100 (full 0):
 garbage-first heap   total 566272K, used 465355K [0x00000000c0000000, 0x0000000100000000)
  region size 1024K, 216 young (221184K), 4 survivors (4096K)
 Metaspace       used 166121K, committed 167360K, reserved 622592K
  class space    used 21516K, committed 22080K, reserved 425984K
}
Event: 237.378 GC heap after
{Heap after GC invocations=101 (full 0):
 garbage-first heap   total 566272K, used 245851K [0x00000000c0000000, 0x0000000100000000)
  region size 1024K, 2 young (2048K), 2 survivors (2048K)
 Metaspace       used 166121K, committed 167360K, reserved 622592K
  class space    used 21516K, committed 22080K, reserved 425984K
}
Event: 237.944 GC heap before
{Heap before GC invocations=101 (full 0):
 garbage-first heap   total 566272K, used 477275K [0x00000000c0000000, 0x0000000100000000)
  region size 1024K, 222 young (227328K), 2 survivors (2048K)
 Metaspace       used 166144K, committed 167360K, reserved 622592K
  class space    used 21516K, committed 22080K, reserved 425984K
}
Event: 237.949 GC heap after
{Heap after GC invocations=102 (full 0):
 garbage-first heap   total 566272K, used 251817K [0x00000000c0000000, 0x0000000100000000)
  region size 1024K, 2 young (2048K), 2 survivors (2048K)
 Metaspace       used 166144K, committed 167360K, reserved 622592K
  class space    used 21516K, committed 22080K, reserved 425984K
}
Event: 262.085 GC heap before
{Heap before GC invocations=102 (full 0):
 garbage-first heap   total 566272K, used 461737K [0x00000000c0000000, 0x0000000100000000)
  region size 1024K, 199 young (203776K), 2 survivors (2048K)
 Metaspace       used 187499K, committed 188800K, reserved 622592K
  class space    used 23937K, committed 24576K, reserved 425984K
}
Event: 263.059 GC heap after
{Heap after GC invocations=103 (full 0):
 garbage-first heap   total 566272K, used 256828K [0x00000000c0000000, 0x0000000100000000)
  region size 1024K, 15 young (15360K), 15 survivors (15360K)
 Metaspace       used 187499K, committed 188800K, reserved 622592K
  class space    used 23937K, committed 24576K, reserved 425984K
}
Event: 264.695 GC heap before
{Heap before GC invocations=103 (full 0):
 garbage-first heap   total 566272K, used 269116K [0x00000000c0000000, 0x0000000100000000)
  region size 1024K, 27 young (27648K), 15 survivors (15360K)
 Metaspace       used 189391K, committed 190720K, reserved 622592K
  class space    used 24168K, committed 24768K, reserved 425984K
}
Event: 264.762 GC heap after
{Heap after GC invocations=104 (full 0):
 garbage-first heap   total 566272K, used 261135K [0x00000000c0000000, 0x0000000100000000)
  region size 1024K, 4 young (4096K), 4 survivors (4096K)
 Metaspace       used 189391K, committed 190720K, reserved 622592K
  class space    used 24168K, committed 24768K, reserved 425984K
}
Event: 293.007 GC heap before
{Heap before GC invocations=105 (full 0):
 garbage-first heap   total 566272K, used 333839K [0x00000000c0000000, 0x0000000100000000)
  region size 1024K, 76 young (77824K), 4 survivors (4096K)
 Metaspace       used 196425K, committed 197824K, reserved 622592K
  class space    used 25162K, committed 25792K, reserved 425984K
}
Event: 293.200 GC heap after
{Heap after GC invocations=106 (full 0):
 garbage-first heap   total 566272K, used 271787K [0x00000000c0000000, 0x0000000100000000)
  region size 1024K, 10 young (10240K), 10 survivors (10240K)
 Metaspace       used 196425K, committed 197824K, reserved 622592K
  class space    used 25162K, committed 25792K, reserved 425984K
}

Deoptimization events (20 events):
Event: 292.888 Thread 0x00000177359e72c0 DEOPT PACKING pc=0x00000177023a6e93 sp=0x00000031312f6ea0
Event: 292.888 Thread 0x00000177359e72c0 DEOPT UNPACKING pc=0x0000017707582b43 sp=0x00000031312f63a8 mode 0
Event: 292.892 Thread 0x00000177359e72c0 DEOPT PACKING pc=0x0000017702432c54 sp=0x00000031312f64e0
Event: 292.892 Thread 0x00000177359e72c0 DEOPT UNPACKING pc=0x0000017707582b43 sp=0x00000031312f5948 mode 0
Event: 292.940 Thread 0x00000177359e72c0 DEOPT PACKING pc=0x000001770245d1f5 sp=0x00000031312f6980
Event: 292.940 Thread 0x00000177359e72c0 DEOPT UNPACKING pc=0x0000017707582b43 sp=0x00000031312f5e10 mode 0
Event: 292.993 Thread 0x00000177359e72c0 DEOPT PACKING pc=0x0000017702432c54 sp=0x00000031312f6290
Event: 292.993 Thread 0x00000177359e72c0 DEOPT UNPACKING pc=0x0000017707582b43 sp=0x00000031312f56f8 mode 0
Event: 293.204 Thread 0x00000177359e72c0 DEOPT PACKING pc=0x000001770245d1f5 sp=0x00000031312f6730
Event: 293.204 Thread 0x00000177359e72c0 DEOPT UNPACKING pc=0x0000017707582b43 sp=0x00000031312f5bc0 mode 0
Event: 293.262 Thread 0x00000177359e72c0 DEOPT PACKING pc=0x000001770245d1f5 sp=0x00000031312f6730
Event: 293.262 Thread 0x00000177359e72c0 DEOPT UNPACKING pc=0x0000017707582b43 sp=0x00000031312f5bc0 mode 0
Event: 293.526 Thread 0x00000177359e72c0 Uncommon trap: trap_request=0xffffff45 fr.pc=0x00000177086a7a90 relative=0x00000000000001f0
Event: 293.526 Thread 0x00000177359e72c0 Uncommon trap: reason=unstable_if action=reinterpret pc=0x00000177086a7a90 method=org.jetbrains.kotlin.protobuf.ByteString$Output.flushLastBuffer()V @ 16 c2
Event: 293.527 Thread 0x00000177359e72c0 DEOPT PACKING pc=0x00000177086a7a90 sp=0x00000031312f27a0
Event: 293.527 Thread 0x00000177359e72c0 DEOPT UNPACKING pc=0x00000177075823a3 sp=0x00000031312f26f8 mode 2
Event: 293.544 Thread 0x00000177359e72c0 Uncommon trap: trap_request=0xffffff45 fr.pc=0x0000017707bebb98 relative=0x0000000000000078
Event: 293.544 Thread 0x00000177359e72c0 Uncommon trap: reason=unstable_if action=reinterpret pc=0x0000017707bebb98 method=org.jetbrains.kotlin.load.kotlin.FileBasedKotlinClass$3$1.visit(Ljava/lang/String;Ljava/lang/Object;)V @ 12 c2
Event: 293.544 Thread 0x00000177359e72c0 DEOPT PACKING pc=0x0000017707bebb98 sp=0x00000031312f1cb0
Event: 293.544 Thread 0x00000177359e72c0 DEOPT UNPACKING pc=0x00000177075823a3 sp=0x00000031312f1c38 mode 2

Classes unloaded (20 events):
Event: 266.469 Thread 0x000001777eb092b0 Unloading class 0x00000177130d3800 'jdk/internal/jimage/ImageHeader'
Event: 266.469 Thread 0x000001777eb092b0 Unloading class 0x00000177130d2dc8 'jdk/internal/jimage/BasicImageReader$2'
Event: 266.469 Thread 0x000001777eb092b0 Unloading class 0x00000177130d2b98 'jdk/internal/jimage/BasicImageReader$1'
Event: 266.469 Thread 0x000001777eb092b0 Unloading class 0x00000177130d2930 'jdk/internal/jimage/ImageReader$Resource'
Event: 266.469 Thread 0x000001777eb092b0 Unloading class 0x00000177130d26c8 'jdk/internal/jimage/ImageReader$LinkNode'
Event: 266.469 Thread 0x000001777eb092b0 Unloading class 0x00000177130d2460 'jdk/internal/jimage/ImageReader$Directory'
Event: 266.470 Thread 0x000001777eb092b0 Unloading class 0x00000177130d21f8 'jdk/internal/jimage/ImageReader$Node'
Event: 266.470 Thread 0x000001777eb092b0 Unloading class 0x00000177130d2000 'jdk/internal/jimage/ImageStrings'
Event: 266.470 Thread 0x000001777eb092b0 Unloading class 0x00000177130d1b50 'jdk/internal/jimage/ImageReader$SharedImageReader'
Event: 266.470 Thread 0x000001777eb092b0 Unloading class 0x00000177130d1890 'jdk/internal/jimage/BasicImageReader'
Event: 266.470 Thread 0x000001777eb092b0 Unloading class 0x00000177130d1670 'jdk/internal/jimage/ImageReader'
Event: 266.470 Thread 0x000001777eb092b0 Unloading class 0x00000177130d1448 'jdk/internal/jrtfs/SystemImage$2'
Event: 266.470 Thread 0x000001777eb092b0 Unloading class 0x00000177130d1230 'jdk/internal/jrtfs/SystemImage$$Lambda$2141+0x00000177130d1230'
Event: 266.470 Thread 0x000001777eb092b0 Unloading class 0x00000177130d1000 'jdk/internal/jrtfs/ExplodedImage'
Event: 266.470 Thread 0x000001777eb092b0 Unloading class 0x00000177130d0dc8 'jdk/internal/jrtfs/SystemImage$1'
Event: 266.471 Thread 0x000001777eb092b0 Unloading class 0x00000177130d0bb0 'jdk/internal/jrtfs/SystemImage'
Event: 266.471 Thread 0x000001777eb092b0 Unloading class 0x00000177130d0950 'jdk/internal/jrtfs/JrtFileStore'
Event: 266.471 Thread 0x000001777eb092b0 Unloading class 0x00000177130d05d8 'jdk/internal/jrtfs/JrtPath'
Event: 266.471 Thread 0x000001777eb092b0 Unloading class 0x00000177130d02e0 'jdk/internal/jrtfs/JrtFileSystem'
Event: 266.471 Thread 0x000001777eb092b0 Unloading class 0x00000177130d0000 'jdk/internal/jrtfs/JrtFileSystemProvider'

Classes redefined (0 events):
No events

Internal exceptions (20 events):
Event: 241.492 Thread 0x00000177359e72c0 Implicit null exception at 0x00000177081967ee to 0x000001770819d84c
Event: 242.233 Thread 0x00000177359e72c0 Exception <a 'java/lang/NoSuchMethodError'{0x00000000df025440}: 'int java.lang.invoke.DirectMethodHandle$Holder.invokeStatic(java.lang.Object, java.lang.Object, java.lang.Object, java.lang.Object, java.lang.Object, java.lang.Object)'> (0x00000000df025440) 
thrown [s\open\src\hotspot\share\interpreter\linkResolver.cpp, line 759]
Event: 243.113 Thread 0x00000177359e72c0 Exception <a 'java/lang/NoSuchMethodError'{0x00000000de84f1a0}: 'void java.lang.invoke.DirectMethodHandle$Holder.invokeSpecial(java.lang.Object, java.lang.Object, int, java.lang.Object)'> (0x00000000de84f1a0) 
thrown [s\open\src\hotspot\share\interpreter\linkResolver.cpp, line 759]
Event: 244.573 Thread 0x00000177359e72c0 Exception <a 'java/lang/NoSuchMethodError'{0x00000000de31a338}: 'java.lang.Object java.lang.invoke.DirectMethodHandle$Holder.invokeStatic(java.lang.Object, java.lang.Object, int, java.lang.Object, java.lang.Object, java.lang.Object)'> (0x00000000de31a338) 
thrown [s\open\src\hotspot\share\interpreter\linkResolver.cpp, line 759]
Event: 244.625 Thread 0x00000177329ca0d0 Exception <a 'java/lang/NoSuchMethodError'{0x00000000de38f080}: 'java.lang.Object java.lang.invoke.DirectMethodHandle$Holder.invokeStatic(java.lang.Object, int, java.lang.Object, java.lang.Object)'> (0x00000000de38f080) 
thrown [s\open\src\hotspot\share\interpreter\linkResolver.cpp, line 759]
Event: 250.489 Thread 0x00000177359e72c0 Exception <a 'java/lang/ClassNotFoundException'{0x00000000da7b0f90}: sun/awt/resources/spi/awtProvider> (0x00000000da7b0f90) 
thrown [s\open\src\hotspot\share\classfile\systemDictionary.cpp, line 256]
Event: 250.710 Thread 0x00000177359e72c0 Exception <a 'java/io/FileNotFoundException'{0x00000000da7b7a88}> (0x00000000da7b7a88) 
thrown [s\open\src\hotspot\share\prims\jni.cpp, line 516]
Event: 250.721 Thread 0x00000177359e72c0 Exception <a 'java/io/FileNotFoundException'{0x00000000da7b9708}> (0x00000000da7b9708) 
thrown [s\open\src\hotspot\share\prims\jni.cpp, line 516]
Event: 251.758 Thread 0x00000177359e72c0 Exception <a 'java/lang/NoSuchMethodError'{0x00000000da413010}: 'long java.lang.invoke.DirectMethodHandle$Holder.invokeStatic(java.lang.Object, int)'> (0x00000000da413010) 
thrown [s\open\src\hotspot\share\interpreter\linkResolver.cpp, line 759]
Event: 251.765 Thread 0x00000177359e72c0 Exception <a 'java/lang/NoSuchMethodError'{0x00000000da41a838}: 'void java.lang.invoke.DelegatingMethodHandle$Holder.reinvoke_L(java.lang.Object, java.lang.Object, java.lang.Object, long)'> (0x00000000da41a838) 
thrown [s\open\src\hotspot\share\interpreter\linkResolver.cpp, line 759]
Event: 255.930 Thread 0x00000177359e72c0 Exception <a 'java/lang/NoSuchMethodError'{0x00000000d8f0ce38}: 'java.lang.Object java.lang.invoke.DirectMethodHandle$Holder.newInvokeSpecial(java.lang.Object, java.lang.Object, java.lang.Object, int, java.lang.Object)'> (0x00000000d8f0ce38) 
thrown [s\open\src\hotspot\share\interpreter\linkResolver.cpp, line 759]
Event: 255.940 Thread 0x00000177359e72c0 Exception <a 'java/lang/NoSuchMethodError'{0x00000000d8f10db8}: 'java.lang.Object java.lang.invoke.Invokers$Holder.linkToTargetMethod(java.lang.Object, java.lang.Object, int, java.lang.Object, java.lang.Object)'> (0x00000000d8f10db8) 
thrown [s\open\src\hotspot\share\interpreter\linkResolver.cpp, line 759]
Event: 259.749 Thread 0x00000177359e72c0 Exception <a 'java/lang/IncompatibleClassChangeError'{0x00000000d7325dd8}: Found class java.lang.Object, but interface was expected> (0x00000000d7325dd8) 
thrown [s\open\src\hotspot\share\interpreter\linkResolver.cpp, line 826]
Event: 267.318 Thread 0x00000177359e72c0 Exception <a 'java/lang/NoSuchMethodError'{0x00000000e1f9b460}: 'java.lang.Object java.lang.invoke.DirectMethodHandle$Holder.invokeSpecial(java.lang.Object, java.lang.Object, int, java.lang.Object, java.lang.Object)'> (0x00000000e1f9b460) 
thrown [s\open\src\hotspot\share\interpreter\linkResolver.cpp, line 759]
Event: 267.319 Thread 0x00000177359e72c0 Exception <a 'java/lang/NoSuchMethodError'{0x00000000e1f9f098}: 'java.lang.Object java.lang.invoke.Invokers$Holder.linkToTargetMethod(int, java.lang.Object, java.lang.Object, java.lang.Object)'> (0x00000000e1f9f098) 
thrown [s\open\src\hotspot\share\interpreter\linkResolver.cpp, line 759]
Event: 267.564 Thread 0x00000177359e72c0 Implicit null exception at 0x000001770818416f to 0x00000177081846a4
Event: 279.364 Thread 0x00000177359e72c0 Exception <a 'java/lang/NoSuchMethodError'{0x00000000dfcabcd0}: 'int java.lang.invoke.DirectMethodHandle$Holder.invokeStaticInit(java.lang.Object, int)'> (0x00000000dfcabcd0) 
thrown [s\open\src\hotspot\share\interpreter\linkResolver.cpp, line 759]
Event: 286.645 Thread 0x00000177359e72c0 Exception <a 'java/lang/NoSuchMethodError'{0x00000000df28e9a8}: 'java.lang.Object java.lang.invoke.DirectMethodHandle$Holder.invokeStatic(java.lang.Object, java.lang.Object, java.lang.Object, java.lang.Object, int, java.lang.Object, java.lang.Object)'> (0x00000000df28e9a8) 
thrown [s\open\src\hotspot\share\interpreter\linkResolver.cpp, line 759]
Event: 286.714 Thread 0x00000177359e72c0 Exception <a 'java/lang/NoSuchMethodError'{0x00000000df298c50}: 'java.lang.Object java.lang.invoke.DirectMethodHandle$Holder.newInvokeSpecial(java.lang.Object, java.lang.Object, java.lang.Object, java.lang.Object, int, java.lang.Object, java.lang.Object)'> (0x00000000df298c50) 
thrown [s\open\src\hotspot\share\interpreter\linkResolver.cpp, line 759]
Event: 286.762 Thread 0x00000177359e72c0 Exception <a 'java/lang/NoSuchMethodError'{0x00000000df2a2708}: 'java.lang.Object java.lang.invoke.Invokers$Holder.linkToTargetMethod(java.lang.Object, java.lang.Object, java.lang.Object, int, java.lang.Object, java.lang.Object, java.lang.Object)'> (0x00000000df2a2708) 
thrown [s\open\src\hotspot\share\interpreter\linkResolver.cpp, line 759]

VM Operations (20 events):
Event: 286.365 Executing VM operation: Cleanup
Event: 286.365 Executing VM operation: Cleanup done
Event: 287.380 Executing VM operation: Cleanup
Event: 287.396 Executing VM operation: Cleanup done
Event: 288.174 Executing VM operation: HandshakeAllThreads
Event: 288.218 Executing VM operation: HandshakeAllThreads done
Event: 289.220 Executing VM operation: Cleanup
Event: 289.221 Executing VM operation: Cleanup done
Event: 290.233 Executing VM operation: Cleanup
Event: 290.559 Executing VM operation: Cleanup done
Event: 290.559 Executing VM operation: HandshakeAllThreads
Event: 290.567 Executing VM operation: HandshakeAllThreads done
Event: 291.386 Executing VM operation: HandshakeAllThreads
Event: 291.386 Executing VM operation: HandshakeAllThreads done
Event: 292.391 Executing VM operation: Cleanup
Event: 292.594 Executing VM operation: Cleanup done
Event: 293.004 Executing VM operation: G1CollectForAllocation
Event: 293.201 Executing VM operation: G1CollectForAllocation done
Event: 294.212 Executing VM operation: Cleanup
Event: 294.213 Executing VM operation: Cleanup done

Events (20 events):
Event: 293.510 Thread 0x000001777eb69bd0 flushing nmethod 0x0000017702026690
Event: 293.510 Thread 0x000001777eb69bd0 flushing nmethod 0x0000017702028c10
Event: 293.511 Thread 0x000001777eb69bd0 flushing nmethod 0x0000017702054f10
Event: 293.513 Thread 0x000001777eb69bd0 flushing nmethod 0x0000017702070e90
Event: 293.514 Thread 0x000001777eb69bd0 flushing nmethod 0x0000017702085f90
Event: 293.515 Thread 0x000001777eb69bd0 flushing nmethod 0x0000017702098110
Event: 293.517 Thread 0x000001777eb69bd0 flushing nmethod 0x00000177020aa590
Event: 293.518 Thread 0x000001777eb69bd0 flushing nmethod 0x00000177020cf890
Event: 293.518 Thread 0x000001777eb69bd0 flushing nmethod 0x00000177020cfe10
Event: 293.519 Thread 0x000001777eb69bd0 flushing nmethod 0x00000177020ea790
Event: 293.520 Thread 0x000001777eb69bd0 flushing nmethod 0x00000177020ffb10
Event: 293.522 Thread 0x000001777eb69bd0 flushing nmethod 0x0000017702111b10
Event: 293.524 Thread 0x000001777eb69bd0 flushing nmethod 0x0000017702126690
Event: 293.524 Thread 0x000001777eb69bd0 flushing nmethod 0x0000017702126990
Event: 293.524 Thread 0x000001777eb69bd0 flushing nmethod 0x0000017702128a10
Event: 293.526 Thread 0x000001777eb69bd0 flushing nmethod 0x0000017702144d10
Event: 293.526 Thread 0x000001777eb69bd0 flushing nmethod 0x0000017702145f90
Event: 293.531 Thread 0x000001777eb69bd0 flushing nmethod 0x00000177021c3b90
Event: 293.532 Thread 0x000001777eb69bd0 flushing nmethod 0x00000177021c4490
Event: 293.533 Thread 0x000001777eb69bd0 flushing nmethod 0x000001770221d910


Dynamic libraries:
0x00007ff6e5370000 - 0x00007ff6e5380000 	C:\Program Files\Java\jdk-17\bin\java.exe
0x00007ffd5d2a0000 - 0x00007ffd5d506000 	C:\WINDOWS\SYSTEM32\ntdll.dll
0x00007ffd5c4b0000 - 0x00007ffd5c579000 	C:\WINDOWS\System32\KERNEL32.DLL
0x00007ffd5abc0000 - 0x00007ffd5afbf000 	C:\WINDOWS\System32\KERNELBASE.dll
0x00007ffd5a600000 - 0x00007ffd5a74c000 	C:\WINDOWS\System32\ucrtbase.dll
0x00007ffcfb6b0000 - 0x00007ffcfb6c9000 	C:\Program Files\Java\jdk-17\bin\jli.dll
0x00007ffcfb6d0000 - 0x00007ffcfb6eb000 	C:\Program Files\Java\jdk-17\bin\VCRUNTIME140.dll
0x00007ffd5c790000 - 0x00007ffd5c84c000 	C:\WINDOWS\System32\ADVAPI32.dll
0x00007ffd5afd0000 - 0x00007ffd5b079000 	C:\WINDOWS\System32\msvcrt.dll
0x00007ffd5ce90000 - 0x00007ffd5cf3a000 	C:\WINDOWS\System32\sechost.dll
0x00007ffd5b8a0000 - 0x00007ffd5b9b8000 	C:\WINDOWS\System32\RPCRT4.dll
0x00007ffd5cf70000 - 0x00007ffd5d136000 	C:\WINDOWS\System32\USER32.dll
0x00007ffd5a950000 - 0x00007ffd5a977000 	C:\WINDOWS\System32\win32u.dll
0x00007ffd5cf40000 - 0x00007ffd5cf6b000 	C:\WINDOWS\System32\GDI32.dll
0x00007ffd5a760000 - 0x00007ffd5a889000 	C:\WINDOWS\System32\gdi32full.dll
0x00007ffd48910000 - 0x00007ffd48ba1000 	C:\WINDOWS\WinSxS\amd64_microsoft.windows.common-controls_6595b64144ccf1df_6.0.26100.8972_none_3e0da176e32f9d4b\COMCTL32.dll
0x00007ffd5a980000 - 0x00007ffd5aa23000 	C:\WINDOWS\System32\msvcp_win.dll
0x00007ffd4b3b0000 - 0x00007ffd4b3bb000 	C:\WINDOWS\SYSTEM32\VERSION.dll
0x00007ffd5c580000 - 0x00007ffd5c5b2000 	C:\WINDOWS\System32\IMM32.DLL
0x00007ffd50da0000 - 0x00007ffd50dac000 	C:\Program Files\Java\jdk-17\bin\vcruntime140_1.dll
0x00007ffcfb620000 - 0x00007ffcfb6ae000 	C:\Program Files\Java\jdk-17\bin\msvcp140.dll
0x00007ffcc9c60000 - 0x00007ffcca840000 	C:\Program Files\Java\jdk-17\bin\server\jvm.dll
0x00007ffd5c330000 - 0x00007ffd5c338000 	C:\WINDOWS\System32\PSAPI.DLL
0x00007ffd48830000 - 0x00007ffd48866000 	C:\WINDOWS\SYSTEM32\WINMM.dll
0x00007ffd24940000 - 0x00007ffd2494a000 	C:\WINDOWS\SYSTEM32\WSOCK32.dll
0x00007ffd5b080000 - 0x00007ffd5b102000 	C:\WINDOWS\System32\WS2_32.dll
0x00007ffd591a0000 - 0x00007ffd591bb000 	C:\WINDOWS\SYSTEM32\kernel.appcore.dll
0x00007ffd227a0000 - 0x00007ffd227aa000 	C:\Program Files\Java\jdk-17\bin\jimage.dll
0x00007ffd57c60000 - 0x00007ffd57ea2000 	C:\WINDOWS\SYSTEM32\DBGHELP.DLL
0x00007ffd5c970000 - 0x00007ffd5ccf5000 	C:\WINDOWS\System32\combase.dll
0x00007ffd5cd20000 - 0x00007ffd5cdf9000 	C:\WINDOWS\System32\OLEAUT32.dll
0x00007ffd3afb0000 - 0x00007ffd3afeb000 	C:\WINDOWS\SYSTEM32\dbgcore.DLL
0x00007ffd5a890000 - 0x00007ffd5a93c000 	C:\WINDOWS\System32\bcryptPrimitives.dll
0x00007ffcf6e90000 - 0x00007ffcf6e9e000 	C:\Program Files\Java\jdk-17\bin\instrument.dll
0x00007ffcfb5f0000 - 0x00007ffcfb615000 	C:\Program Files\Java\jdk-17\bin\java.dll
0x00007ffccfa00000 - 0x00007ffccfad7000 	C:\Program Files\Java\jdk-17\bin\jsvml.dll
0x00007ffd5b110000 - 0x00007ffd5b898000 	C:\WINDOWS\System32\SHELL32.dll
0x00007ffd57fa0000 - 0x00007ffd5883b000 	C:\WINDOWS\SYSTEM32\windows.storage.dll
0x00007ffd5c620000 - 0x00007ffd5c719000 	C:\WINDOWS\System32\SHCORE.dll
0x00007ffd5c720000 - 0x00007ffd5c786000 	C:\WINDOWS\System32\shlwapi.dll
0x00007ffd5a3d0000 - 0x00007ffd5a3f9000 	C:\WINDOWS\SYSTEM32\profapi.dll
0x00007ffce9bb0000 - 0x00007ffce9bc8000 	C:\Program Files\Java\jdk-17\bin\zip.dll
0x00007ffcfb5d0000 - 0x00007ffcfb5e9000 	C:\Program Files\Java\jdk-17\bin\net.dll
0x00007ffd4ca60000 - 0x00007ffd4cb88000 	C:\WINDOWS\SYSTEM32\WINHTTP.dll
0x00007ffd59750000 - 0x00007ffd597bc000 	C:\WINDOWS\system32\mswsock.dll
0x00007ffcebd80000 - 0x00007ffcebd96000 	C:\Program Files\Java\jdk-17\bin\nio.dll
0x00007ffd1ab60000 - 0x00007ffd1ab70000 	C:\Program Files\Java\jdk-17\bin\verify.dll
0x00007ffd1bed0000 - 0x00007ffd1bef7000 	C:\Users\psm30\.gradle\native\c067742578af261105cb4f569cf0c3c89f3d7b1fecec35dd04571415982c5e48\windows-amd64\native-platform.dll
0x00007ffce9640000 - 0x00007ffce9784000 	C:\Users\psm30\.gradle\native\100fb08df4bc3b14c8652ba06237920a3bd2aa13389f12d3474272988ae205f9\windows-amd64\native-platform-file-events.dll
0x00007ffcfbbf0000 - 0x00007ffcfbbfa000 	C:\Program Files\Java\jdk-17\bin\management.dll
0x00007ffcf9860000 - 0x00007ffcf986b000 	C:\Program Files\Java\jdk-17\bin\management_ext.dll
0x00007ffd59a60000 - 0x00007ffd59a7b000 	C:\WINDOWS\SYSTEM32\CRYPTSP.dll
0x00007ffd59100000 - 0x00007ffd59139000 	C:\WINDOWS\system32\rsaenh.dll
0x00007ffd59800000 - 0x00007ffd59832000 	C:\WINDOWS\SYSTEM32\USERENV.dll
0x00007ffd5a3a0000 - 0x00007ffd5a3ca000 	C:\WINDOWS\SYSTEM32\bcrypt.dll
0x00007ffd59a40000 - 0x00007ffd59a4c000 	C:\WINDOWS\SYSTEM32\CRYPTBASE.dll
0x00007ffd58bc0000 - 0x00007ffd58bf3000 	C:\WINDOWS\SYSTEM32\IPHLPAPI.DLL
0x00007ffd5d250000 - 0x00007ffd5d25a000 	C:\WINDOWS\System32\NSI.dll
0x00007ffd4ca30000 - 0x00007ffd4ca4d000 	C:\WINDOWS\SYSTEM32\dhcpcsvc6.DLL
0x00007ffd4ca00000 - 0x00007ffd4ca25000 	C:\WINDOWS\SYSTEM32\dhcpcsvc.DLL
0x00007ffd58c60000 - 0x00007ffd58db8000 	C:\WINDOWS\SYSTEM32\DNSAPI.dll
0x00007ffd59530000 - 0x00007ffd5953d000 	C:\WINDOWS\SYSTEM32\DSPARSE.dll
0x00007ffcf6ac0000 - 0x00007ffcf6ace000 	C:\Program Files\Java\jdk-17\bin\sunmscapi.dll
0x00007ffd5aa30000 - 0x00007ffd5abae000 	C:\WINDOWS\System32\CRYPT32.dll
0x00007ffd59c80000 - 0x00007ffd59cb0000 	C:\WINDOWS\SYSTEM32\ncrypt.dll
0x00007ffd59c30000 - 0x00007ffd59c6f000 	C:\WINDOWS\SYSTEM32\NTASN1.dll
0x00007ffd4d420000 - 0x00007ffd4d428000 	C:\WINDOWS\system32\wshunix.dll
0x00007ffd54250000 - 0x00007ffd54257000 	C:\Program Files\Java\jdk-17\bin\rmi.dll
0x00007ffccf0f0000 - 0x00007ffccf281000 	C:\Program Files\Java\jdk-17\bin\awt.dll
0x00007ffd56de0000 - 0x00007ffd56e7f000 	C:\WINDOWS\SYSTEM32\apphelp.dll
0x00007ffd57230000 - 0x00007ffd572d8000 	C:\WINDOWS\system32\uxtheme.dll
0x00007ffd5c340000 - 0x00007ffd5c49d000 	C:\WINDOWS\System32\MSCTF.dll
0x00007ffd5bef0000 - 0x00007ffd5c089000 	C:\WINDOWS\System32\ole32.dll

dbghelp: loaded successfully - version: 4.0.5 - missing functions: none
symbol engine: initialized successfully - sym options: 0x614 - pdb path: .;C:\Program Files\Java\jdk-17\bin;C:\WINDOWS\SYSTEM32;C:\WINDOWS\WinSxS\amd64_microsoft.windows.common-controls_6595b64144ccf1df_6.0.26100.8972_none_3e0da176e32f9d4b;C:\Program Files\Java\jdk-17\bin\server;C:\Users\psm30\.gradle\native\c067742578af261105cb4f569cf0c3c89f3d7b1fecec35dd04571415982c5e48\windows-amd64;C:\Users\psm30\.gradle\native\100fb08df4bc3b14c8652ba06237920a3bd2aa13389f12d3474272988ae205f9\windows-amd64

VM Arguments:
jvm_args: --add-opens=java.base/java.lang=ALL-UNNAMED --add-opens=java.base/java.lang.invoke=ALL-UNNAMED --add-opens=java.base/java.util=ALL-UNNAMED --add-opens=java.prefs/java.util.prefs=ALL-UNNAMED --add-exports=jdk.compiler/com.sun.tools.javac.api=ALL-UNNAMED --add-exports=jdk.compiler/com.sun.tools.javac.util=ALL-UNNAMED --add-opens=java.base/java.util=ALL-UNNAMED --add-opens=java.prefs/java.util.prefs=ALL-UNNAMED --add-opens=java.base/java.nio.charset=ALL-UNNAMED --add-opens=java.base/java.net=ALL-UNNAMED --add-opens=java.base/java.util.concurrent.atomic=ALL-UNNAMED --add-opens=java.xml/javax.xml.namespace=ALL-UNNAMED -XX:MaxMetaspaceSize=512m -Xmx1024m -Dfile.encoding=UTF-8 -Duser.country=KR -Duser.language=ko -Duser.variant -javaagent:C:\Users\psm30\.gradle\wrapper\dists\gradle-8.11.1-bin\bpt9gzteqjrbo1mjrsomdt32c\gradle-8.11.1\lib\agents\gradle-instrumentation-agent-8.11.1.jar 
java_command: org.gradle.launcher.daemon.bootstrap.GradleDaemon 8.11.1
java_class_path (initial): C:\Users\psm30\.gradle\wrapper\dists\gradle-8.11.1-bin\bpt9gzteqjrbo1mjrsomdt32c\gradle-8.11.1\lib\gradle-daemon-main-8.11.1.jar
Launcher Type: SUN_STANDARD

[Global flags]
     intx CICompilerCount                          = 4                                         {product} {ergonomic}
   size_t CompressedClassSpaceSize                 = 436207616                                 {product} {ergonomic}
     uint ConcGCThreads                            = 2                                         {product} {ergonomic}
     uint G1ConcRefinementThreads                  = 8                                         {product} {ergonomic}
   size_t G1HeapRegionSize                         = 1048576                                   {product} {ergonomic}
    uintx GCDrainStackTargetSize                   = 64                                        {product} {ergonomic}
   size_t InitialHeapSize                          = 67108864                                  {product} {ergonomic}
   size_t MarkStackSize                            = 4194304                                   {product} {ergonomic}
   size_t MaxHeapSize                              = 1073741824                                {product} {command line}
   size_t MaxMetaspaceSize                         = 536870912                                 {product} {command line}
   size_t MaxNewSize                               = 643825664                                 {product} {ergonomic}
   size_t MinHeapDeltaBytes                        = 1048576                                   {product} {ergonomic}
   size_t MinHeapSize                              = 8388608                                   {product} {ergonomic}
    uintx NonNMethodCodeHeapSize                   = 5839372                                {pd product} {ergonomic}
    uintx NonProfiledCodeHeapSize                  = 122909434                              {pd product} {ergonomic}
    uintx ProfiledCodeHeapSize                     = 122909434                              {pd product} {ergonomic}
    uintx ReservedCodeCacheSize                    = 251658240                              {pd product} {ergonomic}
     bool SegmentedCodeCache                       = true                                      {product} {ergonomic}
   size_t SoftMaxHeapSize                          = 1073741824                             {manageable} {ergonomic}
     bool UseCompressedClassPointers               = true                           {product lp64_product} {ergonomic}
     bool UseCompressedOops                        = true                           {product lp64_product} {ergonomic}
     bool UseG1GC                                  = true                                      {product} {ergonomic}
     bool UseLargePagesIndividualAllocation        = false                                  {pd product} {ergonomic}

Logging:
Log output configuration:
 #0: stdout all=warning uptime,level,tags
 #1: stderr all=off uptime,level,tags

Environment Variables:
CLASSPATH=C:\workspace\Hackathon\Android\\gradle\wrapper\gradle-wrapper.jar
PATH=C:\Users\psm30\.cache\codex-runtimes\codex-primary-runtime\dependencies\native\powershell;C:\Users\psm30\.codex\tmp\arg0\codex-arg0wV8Q6s;C:\Users\psm30\.cache\codex-runtimes\codex-primary-runtime\dependencies\bin\override;C:\Program Files\Common Files\Oracle\Java\javapath;C:\Program Files (x86)\Common Files\Oracle\Java\java8path;C:\Program Files (x86)\Common Files\Oracle\Java\javapath;C:\Program Files (x86)\Intel\Intel(R) Management Engine Components\iCLS\;C:\Program Files\Intel\Intel(R) Management Engine Components\iCLS\;C:\WINDOWS\system32;C:\WINDOWS;C:\WINDOWS\System32\Wbem;C:\WINDOWS\System32\WindowsPowerShell\v1.0\;C:\WINDOWS\System32\OpenSSH\;C:\Program Files (x86)\Intel\Intel(R) Management Engine Components\DAL;C:\Program Files\Intel\Intel(R) Management Engine Components\DAL;C:\Program Files\dotnet\;C:\TDM-GCC-64\bin;C:\Program Files\Git\cmd;C:\Users\psm30\.bun\bin;C:\Program Files\nodejs\;C:\Users\psm30\AppData\Local\Programs\Python\Python310\Scripts\;C:\Users\psm30\AppData\Local\Programs\Python\Python310\;C:\Users\psm30\.cache\codex-runtimes\codex-primary-runtime\dependencies\native\powershell;C:\Users\psm30\AppData\Local\Microsoft\WindowsApps;C:\Users\psm30\AppData\Local\afreeca;C:\Users\psm30\AppData\Local\SOOP;C:\Users\psm30\AppData\Local\Programs\Microsoft VS Code\bin;C:\Program Files\JetBrains\IntelliJ IDEA 2025.3.3\bin;C:\Users\psm30\AppData\Local\Programs\Antigravity\bin;C:\Users\psm30\AppData\Roaming\npm;C:\msys64\ucrt64\bin;C:\Users\psm30\AppData\Local\Programs\Antigravity IDE\bin;C:\Users\psm30\.cache\codex-runtimes\codex-primary-runtime\dependencies\bin\fallback;C:\Users\psm30\.cache\codex-runtimes\codex-primary-runtime\dependencies\native\git\cmd;C:\Users\psm30\AppData\Local\OpenAI\Codex\bin\e8f37168f412cba6;C:\Program Files\WindowsApps\OpenAI.Codex_26.814.5517.0_x64__2p2nqsd0c76g0\app\resources
USERNAME=psm30
LANG=C.UTF-8
LC_ALL=C.UTF-8
LC_CTYPE=C.UTF-8
OS=Windows_NT
PROCESSOR_IDENTIFIER=Intel64 Family 6 Model 142 Stepping 11, GenuineIntel



---------------  S Y S T E M  ---------------

OS:
 Windows 11 , 64 bit Build 26100 (10.0.26100.9168)
OS uptime: 1 days 10:01 hours

CPU: total 8 (initial active 8) (4 cores per cpu, 2 threads per core) family 6 model 142 stepping 11 microcode 0xde, cx8, cmov, fxsr, ht, mmx, 3dnowpref, sse, sse2, sse3, ssse3, sse4.1, sse4.2, popcnt, lzcnt, tsc, tscinvbit, avx, avx2, aes, erms, clmul, bmi1, bmi2, adx, fma, vzeroupper, clflush, clflushopt

Memory: 4k page, system-wide physical 3987M (209M free)
TotalPageFile size 16275M (AvailPageFile size 5M)
current process WorkingSet (physical memory assigned to process): 326M, peak: 626M
current process commit charge ("private bytes"): 1033M, peak: 1035M

vm_info: Java HotSpot(TM) 64-Bit Server VM (17.0.12+8-LTS-286) for windows-amd64 JRE (17.0.12+8-LTS-286), built on Jun  5 2024 06:46:59 by "mach5one" with MS VC++ 17.6 (VS2022)

END.
