productExternalId,rawName,ingredientNameCandidate,displayOrder,amountText,amountStatus,matchStatus
seed_97_ko_official-001,정제수,정제수,1,,unknown,unmatched
seed_97_ko_official-001,부틸렌글라이콜,부틸렌글라이콜,2,,unknown,unmatched
seed_97_ko_official-001,글리세린,글리세린,3,,unknown,unmatched
seed_97_ko_official-001,펜틸렌글라이콜,펜틸렌글라이콜,4,,unknown,unmatched
seed_97_ko_official-001,프로판다이올,프로판다이올,5,,unknown,unmatched
seed_97_ko_official-001,아이리쉬모스추출물,아이리쉬모스추출물,6,,unknown,unmatched
seed_97_ko_official-001,사탕수수추출물,사탕수수추출물,7,,unknown,unmatched
seed_97_ko_official-001,해수,해수,8,,unknown,unmatched
seed_97_ko_official-001,"1,2-헥산다이올","1,2-헥산다이올",9,,unknown,unmatched
seed_97_ko_official-001,프로테아제,프로테아제,10,,unknown,unmatched
seed_97_ko_official-001,베타인,베타인,11,,unknown,unmatched
seed_97_ko_official-001,판테놀,판테놀,12,,unknown,unmatched
seed_97_ko_official-001,에틸헥실글리세린,에틸헥실글리세린,13,,unknown,unmatched
seed_97_ko_official-001,알란토인,알란토인,14,,unknown,unmatched
seed_97_ko_official-001,잔탄검,잔탄검,15,,unknown,unmatched
seed_97_ko_official-001,다이소듐이디티에이,다이소듐이디티에이,16,,unknown,unmatched
seed_97_ko_official-002,정제수,정제수,1,,unknown,unmatched
seed_97_ko_official-002,소듐코코일아이세티오네이트,소듐코코일아이세티오네이트,2,,unknown,unmatched
seed_97_ko_official-002,글리세린,글리세린,3,,unknown,unmatched
seed_97_ko_official-002,소듐메틸코코일타우레이트,소듐메틸코코일타우레이트,4,,unknown,unmatched
seed_97_ko_official-002,코코-베타인,코코-베타인,5,,unknown,unmatched
seed_97_ko_official-002,포타슘코코일글리시네이트,포타슘코코일글리시네이트,6,,unknown,unmatched
seed_97_ko_official-002,포타슘벤조에이트,포타슘벤조에이트,7,,unknown,unmatched
seed_97_ko_official-002,소듐클로라이드,소듐클로라이드,8,,unknown,unmatched
seed_97_ko_official-002,폴리쿼터늄-67,폴리쿼터늄-67,9,,unknown,unmatched
seed_97_ko_official-002,포타슘코코에이트,포타슘코코에이트,10,,unknown,unmatched
seed_97_ko_official-002,시트릭애씨드,시트릭애씨드,11,,unknown,unmatched
seed_97_ko_official-002,프룩토올리고사카라이드,프룩토올리고사카라이드,12,,unknown,unmatched
seed_97_ko_official-002,사카라이드하이드롤리세이트,사카라이드하이드롤리세이트,13,,unknown,unmatched
seed_97_ko_official-002,다이소듐이디티에이,다이소듐이디티에이,14,,unknown,unmatched
seed_97_ko_official-002,풀루란,풀루란,15,,unknown,unmatched
seed_97_ko_official-002,"1,2-헥산다이올","1,2-헥산다이올",16,,unknown,unmatched
seed_97_ko_official-002,알란토인,알란토인,17,,unknown,unmatched
seed_97_ko_official-002,판테놀,판테놀,18,,unknown,unmatched
seed_97_ko_official-002,해수,해수,19,,unknown,unmatched
seed_97_ko_official-002,소듐아세테이트,소듐아세테이트,20,,unknown,unmatched
seed_97_ko_official-002,부틸렌글라이콜,부틸렌글라이콜,21,,unknown,unmatched
seed_97_ko_official-002,캐모마일꽃오일,캐모마일꽃오일,22,,unknown,unmatched
seed_97_ko_official-002,카프릴릭/카프릭트라이글리세라이드,카프릴릭/카프릭트라이글리세라이드,23,,unknown,unmatched
seed_97_ko_official-002,베타-글루칸,베타-글루칸,24,,unknown,unmatched
seed_97_ko_official-002,포스파티딜콜린,포스파티딜콜린,25,,unknown,unmatched
seed_97_ko_official-002,하이알루로닉애씨드,하이알루로닉애씨드,26,,unknown,unmatched
seed_97_ko_official-002,에틸헥실글리세린,에틸헥실글리세린,27,,unknown,unmatched
seed_97_ko_official-002,세라마이드엔피,세라마이드엔피,28,,unknown,unmatched
seed_97_ko_official-002,글라이신,글라이신,29,,unknown,unmatched
seed_97_ko_official-002,하이드롤라이즈드하이알루로닉애씨드,하이드롤라이즈드하이알루로닉애씨드,30,,unknown,unmatched
seed_97_ko_official-002,글루타믹애씨드,글루타믹애씨드,31,,unknown,unmatched
seed_97_ko_official-002,세린,세린,32,,unknown,unmatched
seed_97_ko_official-002,소듐하이알루로네이트,소듐하이알루로네이트,33,,unknown,unmatched
seed_97_ko_official-002,라이신,라이신,34,,unknown,unmatched
seed_97_ko_official-002,알라닌,알라닌,35,,unknown,unmatched
seed_97_ko_official-002,알지닌,알지닌,36,,unknown,unmatched
seed_97_ko_official-002,트레오닌,트레오닌,37,,unknown,unmatched
seed_97_ko_official-002,프롤린,프롤린,38,,unknown,unmatched
seed_97_ko_official-003,정제수,정제수,1,,unknown,unmatched
seed_97_ko_official-003,글리세린,글리세린,2,,unknown,unmatched
seed_97_ko_official-003,카프릴릭/카프릭트라이글리세라이드,카프릴릭/카프릭트라이글리세라이드,3,,unknown,unmatched
seed_97_ko_official-003,다이프로필렌글라이콜,다이프로필렌글라이콜,4,,unknown,unmatched
seed_97_ko_official-003,하이드로제네이티드폴리(C6-14올레핀),하이드로제네이티드폴리(C6-14올레핀),5,,unknown,unmatched
seed_97_ko_official-003,세테아릴알코올,세테아릴알코올,6,,unknown,unmatched
seed_97_ko_official-003,메틸트라이메티콘,메틸트라이메티콘,7,,unknown,unmatched
seed_97_ko_official-003,"1,2-헥산다이올","1,2-헥산다이올",8,,unknown,unmatched
seed_97_ko_official-003,카프릴릴메티콘,카프릴릴메티콘,9,,unknown,unmatched
seed_97_ko_official-003,페닐트라이메티콘,페닐트라이메티콘,10,,unknown,unmatched
seed_97_ko_official-003,C12-16알코올,C12-16알코올,11,,unknown,unmatched
seed_97_ko_official-003,시어버터,시어버터,12,,unknown,unmatched
seed_97_ko_official-003,해수,해수,13,,unknown,unmatched
seed_97_ko_official-003,아이리쉬모스추출물,아이리쉬모스추출물,14,,unknown,unmatched
seed_97_ko_official-003,사탕수수추출물,사탕수수추출물,15,,unknown,unmatched
seed_97_ko_official-003,하이알루로닉애씨드,하이알루로닉애씨드,16,,unknown,unmatched
seed_97_ko_official-003,하이드롤라이즈드하이알루로닉애씨드,하이드롤라이즈드하이알루로닉애씨드,17,,unknown,unmatched
seed_97_ko_official-003,소듐하이알루로네이트,소듐하이알루로네이트,18,,unknown,unmatched
seed_97_ko_official-003,글리세릴스테아레이트에스이,글리세릴스테아레이트에스이,19,,unknown,unmatched
seed_97_ko_official-003,세라마이드에이피,세라마이드에이피,20,,unknown,unmatched
seed_97_ko_official-003,세라마이드에이에스,세라마이드에이에스,21,,unknown,unmatched
seed_97_ko_official-003,세라마이드이오피,세라마이드이오피,22,,unknown,unmatched
seed_97_ko_official-003,세라마이드엔피,세라마이드엔피,23,,unknown,unmatched
seed_97_ko_official-003,세라마이드엔에스,세라마이드엔에스,24,,unknown,unmatched
seed_97_ko_official-003,폴리메틸실세스퀴옥세인,폴리메틸실세스퀴옥세인,25,,unknown,unmatched
seed_97_ko_official-003,팔미틱애씨드,팔미틱애씨드,26,,unknown,unmatched
seed_97_ko_official-003,세테아릴글루코사이드,세테아릴글루코사이드,27,,unknown,unmatched
seed_97_ko_official-003,세테아릴올리베이트,세테아릴올리베이트,28,,unknown,unmatched
seed_97_ko_official-003,솔비탄올리베이트,솔비탄올리베이트,29,,unknown,unmatched
seed_97_ko_official-003,하이드로제네이티드레시틴,하이드로제네이티드레시틴,30,,unknown,unmatched
seed_97_ko_official-003,카나우바왁스,카나우바왁스,31,,unknown,unmatched
seed_97_ko_official-003,스테아릭애씨드,스테아릭애씨드,32,,unknown,unmatched
seed_97_ko_official-003,암모늄아크릴로일다이메틸타우레이트/브이피코폴리머,암모늄아크릴로일다이메틸타우레이트/브이피코폴리머,33,,unknown,unmatched
seed_97_ko_official-003,에틸헥실글리세린,에틸헥실글리세린,34,,unknown,unmatched
seed_97_ko_official-003,글리세릴카프릴레이트,글리세릴카프릴레이트,35,,unknown,unmatched
seed_97_ko_official-003,알란토인,알란토인,36,,unknown,unmatched
seed_97_ko_official-003,판테놀,판테놀,37,,unknown,unmatched
seed_97_ko_official-003,부틸렌글라이콜,부틸렌글라이콜,38,,unknown,unmatched
seed_97_ko_official-003,베타-글루칸,베타-글루칸,39,,unknown,unmatched
seed_97_ko_official-003,콜레스테롤,콜레스테롤,40,,unknown,unmatched
seed_97_ko_official-003,파이토스핑고신,파이토스핑고신,41,,unknown,unmatched
seed_97_ko_official-003,다이소듐이디티에이,다이소듐이디티에이,42,,unknown,unmatched
seed_97_ko_official-004,정제수,정제수,1,,unknown,unmatched
seed_97_ko_official-004,글라이신,글라이신,2,,unknown,unmatched
seed_97_ko_official-004,프로판다이올,프로판다이올,3,,unknown,unmatched
seed_97_ko_official-004,글리세레스-26,글리세레스-26,4,,unknown,unmatched
seed_97_ko_official-004,펜틸렌글라이콜,펜틸렌글라이콜,5,,unknown,unmatched
seed_97_ko_official-004,"자작나무수액 (10,000ppm)",자작나무수액,6,"10,000ppm",known,unmatched
seed_97_ko_official-004,"1,2-헥산다이올","1,2-헥산다이올",7,,unknown,unmatched
seed_97_ko_official-004,아이리쉬모스추출물,아이리쉬모스추출물,8,,unknown,unmatched
seed_97_ko_official-004,사탕수수추출물,사탕수수추출물,9,,unknown,unmatched
seed_97_ko_official-004,소듐하이알루로네이트,소듐하이알루로네이트,10,,unknown,unmatched
seed_97_ko_official-004,하이알루로닉애씨드,하이알루로닉애씨드,11,,unknown,unmatched
seed_97_ko_official-004,판테놀,판테놀,12,,unknown,unmatched
seed_97_ko_official-004,트로메타민,트로메타민,13,,unknown,unmatched
seed_97_ko_official-004,다이포타슘글리시리제이트,다이포타슘글리시리제이트,14,,unknown,unmatched
seed_97_ko_official-004,글리세릴카프릴레이트,글리세릴카프릴레이트,15,,unknown,unmatched
seed_97_ko_official-004,글리세릴글루코사이드,글리세릴글루코사이드,16,,unknown,unmatched
seed_97_ko_official-004,부틸렌글라이콜,부틸렌글라이콜,17,,unknown,unmatched
seed_97_ko_official-004,아스코빅애씨드,아스코빅애씨드,18,,unknown,unmatched
seed_97_ko_official-004,카보머,카보머,19,,unknown,unmatched
seed_97_ko_official-004,잔탄검,잔탄검,20,,unknown,unmatched
seed_97_ko_official-004,다이소듐이디티에이,다이소듐이디티에이,21,,unknown,unmatched
seed_97_ko_official-005,정제수,정제수,1,,unknown,unmatched
seed_97_ko_official-005,메틸프로판다이올,메틸프로판다이올,2,,unknown,unmatched
seed_97_ko_official-005,글리세린,글리세린,3,,unknown,unmatched
seed_97_ko_official-005,"1,2-헥산다이올","1,2-헥산다이올",4,,unknown,unmatched
seed_97_ko_official-005,폴리글리세린-3,폴리글리세린-3,5,,unknown,unmatched
seed_97_ko_official-005,카프릴릭/카프릭트라이글리세라이드,카프릴릭/카프릭트라이글리세라이드,6,,unknown,unmatched
seed_97_ko_official-005,"자작나무수액 (10,000ppm)",자작나무수액,7,"10,000ppm",known,unmatched
seed_97_ko_official-005,소듐하이알루로네이트,소듐하이알루로네이트,8,,unknown,unmatched
seed_97_ko_official-005,글리세릴글루코사이드,글리세릴글루코사이드,9,,unknown,unmatched
seed_97_ko_official-005,하이드롤라이즈드하이알루로닉애씨드,하이드롤라이즈드하이알루로닉애씨드,10,,unknown,unmatched
seed_97_ko_official-005,부틸렌글라이콜,부틸렌글라이콜,11,,unknown,unmatched
seed_97_ko_official-005,하이알루로닉애씨드,하이알루로닉애씨드,12,,unknown,unmatched
seed_97_ko_official-005,아스코빅애씨드,아스코빅애씨드,13,,unknown,unmatched
seed_97_ko_official-005,베타-글루칸,베타-글루칸,14,,unknown,unmatched
seed_97_ko_official-005,다이포타슘글리시리제이트,다이포타슘글리시리제이트,15,,unknown,unmatched
seed_97_ko_official-005,하이드로제네이티드레시틴,하이드로제네이티드레시틴,16,,unknown,unmatched
seed_97_ko_official-005,에틸헥실글리세린,에틸헥실글리세린,17,,unknown,unmatched
seed_97_ko_official-005,한련초잎추출물,한련초잎추출물,18,,unknown,unmatched
seed_97_ko_official-005,다시마추출물,다시마추출물,19,,unknown,unmatched
seed_97_ko_official-005,귀리커넬추출물,귀리커넬추출물,20,,unknown,unmatched
seed_97_ko_official-005,아티초크잎추출물,아티초크잎추출물,21,,unknown,unmatched
seed_97_ko_official-005,봉의꼬리추출물,봉의꼬리추출물,22,,unknown,unmatched
seed_97_ko_official-005,님잎추출물,님잎추출물,23,,unknown,unmatched
seed_97_ko_official-005,님꽃추출물,님꽃추출물,24,,unknown,unmatched
seed_97_ko_official-005,코키니아인디카열매추출물,코키니아인디카열매추출물,25,,unknown,unmatched
seed_97_ko_official-005,알로에베라꽃추출물,알로에베라꽃추출물,26,,unknown,unmatched
seed_97_ko_official-005,가지열매추출물,가지열매추출물,27,,unknown,unmatched
seed_97_ko_official-005,홀리바질잎추출물,홀리바질잎추출물,28,,unknown,unmatched
seed_97_ko_official-005,산호말추출물,산호말추출물,29,,unknown,unmatched
seed_97_ko_official-005,울금뿌리추출물,울금뿌리추출물,30,,unknown,unmatched
seed_97_ko_official-005,사이클로헥사실록세인,사이클로헥사실록세인,31,,unknown,unmatched
seed_97_ko_official-005,다이프로필렌글라이콜,다이프로필렌글라이콜,32,,unknown,unmatched
seed_97_ko_official-005,암모늄아크릴로일다이메틸타우레이트/브이피코폴리머,암모늄아크릴로일다이메틸타우레이트/브이피코폴리머,33,,unknown,unmatched
seed_97_ko_official-005,잔탄검,잔탄검,34,,unknown,unmatched
seed_97_ko_official-005,프룩토올리고사카라이드,프룩토올리고사카라이드,35,,unknown,unmatched
seed_97_ko_official-005,카보머,카보머,36,,unknown,unmatched
seed_97_ko_official-005,다이소듐이디티에이,다이소듐이디티에이,37,,unknown,unmatched
seed_97_ko_official-005,폴리쿼터늄-51,폴리쿼터늄-51,38,,unknown,unmatched
seed_97_ko_official-005,트로메타민,트로메타민,39,,unknown,unmatched
seed_97_ko_official-005,토코페롤,토코페롤,40,,unknown,unmatched
seed_97_ko_official-006,정제수,정제수,1,,unknown,unmatched
seed_97_ko_official-006,글리세린,글리세린,2,,unknown,unmatched
seed_97_ko_official-006,아이소노닐아이소노나노에이트,아이소노닐아이소노나노에이트,3,,unknown,unmatched
seed_97_ko_official-006,아이소도데케인,아이소도데케인,4,,unknown,unmatched
seed_97_ko_official-006,"1,2-헥산다이올","1,2-헥산다이올",5,,unknown,unmatched
seed_97_ko_official-006,펜틸렌글라이콜,펜틸렌글라이콜,6,,unknown,unmatched
seed_97_ko_official-006,폴리데센,폴리데센,7,,unknown,unmatched
seed_97_ko_official-006,"자작나무수액 (10,000ppm)",자작나무수액,8,"10,000ppm",known,unmatched
seed_97_ko_official-006,호호바에스터,호호바에스터,9,,unknown,unmatched
seed_97_ko_official-006,판테놀,판테놀,10,,unknown,unmatched
seed_97_ko_official-006,글리세릴글루코사이드,글리세릴글루코사이드,11,,unknown,unmatched
seed_97_ko_official-006,아카시아세네갈검,아카시아세네갈검,12,,unknown,unmatched
seed_97_ko_official-006,가수분해오크라추출물,가수분해오크라추출물,13,,unknown,unmatched
seed_97_ko_official-006,소듐하이알루로네이트,소듐하이알루로네이트,14,,unknown,unmatched
seed_97_ko_official-006,하이알루로닉애씨드,하이알루로닉애씨드,15,,unknown,unmatched
seed_97_ko_official-006,흰루핀씨추출물,흰루핀씨추출물,16,,unknown,unmatched
seed_97_ko_official-006,모링가씨추출물,모링가씨추출물,17,,unknown,unmatched
seed_97_ko_official-006,님잎추출물,님잎추출물,18,,unknown,unmatched
seed_97_ko_official-006,님꽃추출물,님꽃추출물,19,,unknown,unmatched
seed_97_ko_official-006,코키니아인디카열매추출물,코키니아인디카열매추출물,20,,unknown,unmatched
seed_97_ko_official-006,알로에베라꽃추출물,알로에베라꽃추출물,21,,unknown,unmatched
seed_97_ko_official-006,가지열매추출물,가지열매추출물,22,,unknown,unmatched
seed_97_ko_official-006,홀리바질잎추출물,홀리바질잎추출물,23,,unknown,unmatched
seed_97_ko_official-006,산호말추출물,산호말추출물,24,,unknown,unmatched
seed_97_ko_official-006,울금뿌리추출물,울금뿌리추출물,25,,unknown,unmatched
seed_97_ko_official-006,아스코빅애씨드,아스코빅애씨드,26,,unknown,unmatched
seed_97_ko_official-006,펜타에리스리틸테트라에틸헥사노에이트,펜타에리스리틸테트라에틸헥사노에이트,27,,unknown,unmatched
seed_97_ko_official-006,암모늄아크릴로일다이메틸타우레이트/브이피코폴리머,암모늄아크릴로일다이메틸타우레이트/브이피코폴리머,28,,unknown,unmatched
seed_97_ko_official-006,폴리글리세릴-3메틸글루코오스다이스테아레이트,폴리글리세릴-3메틸글루코오스다이스테아레이트,29,,unknown,unmatched
seed_97_ko_official-006,아크릴레이트/C10-30알킬아크릴레이트크로스폴리머,아크릴레이트/C10-30알킬아크릴레이트크로스폴리머,30,,unknown,unmatched
seed_97_ko_official-006,트로메타민,트로메타민,31,,unknown,unmatched
seed_97_ko_official-006,글리세릴아크릴레이트/아크릴릭애씨드코폴리머,글리세릴아크릴레이트/아크릴릭애씨드코폴리머,32,,unknown,unmatched
seed_97_ko_official-006,에틸헥실글리세린,에틸헥실글리세린,33,,unknown,unmatched
seed_97_ko_official-006,한천,한천,34,,unknown,unmatched
seed_97_ko_official-006,다이포타슘글리시리제이트,다이포타슘글리시리제이트,35,,unknown,unmatched
seed_97_ko_official-006,글리세릴카프릴레이트,글리세릴카프릴레이트,36,,unknown,unmatched
seed_97_ko_official-006,부틸렌글라이콜,부틸렌글라이콜,37,,unknown,unmatched
seed_97_ko_official-006,다이소듐이디티에이,다이소듐이디티에이,38,,unknown,unmatched
seed_97_ko_official-007,정제수,정제수,1,,unknown,unmatched
seed_97_ko_official-007,글리세린,글리세린,2,,unknown,unmatched
seed_97_ko_official-007,소듐코코일알라니네이트,소듐코코일알라니네이트,3,,unknown,unmatched
seed_97_ko_official-007,라우릴하이드록시설테인,라우릴하이드록시설테인,4,,unknown,unmatched
seed_97_ko_official-007,다이소듐코코암포다이아세테이트,다이소듐코코암포다이아세테이트,5,,unknown,unmatched
seed_97_ko_official-007,소듐메틸코코일타우레이트,소듐메틸코코일타우레이트,6,,unknown,unmatched
seed_97_ko_official-007,아크릴레이트/C10-30알킬아크릴레이트크로스폴리머,아크릴레이트/C10-30알킬아크릴레이트크로스폴리머,7,,unknown,unmatched
seed_97_ko_official-007,"자작나무수액 (10,000ppm)",자작나무수액,8,"10,000ppm",known,unmatched
seed_97_ko_official-007,부틸렌글라이콜,부틸렌글라이콜,9,,unknown,unmatched
seed_97_ko_official-007,소듐하이알루로네이트,소듐하이알루로네이트,10,,unknown,unmatched
seed_97_ko_official-007,하이알루로닉애씨드,하이알루로닉애씨드,11,,unknown,unmatched
seed_97_ko_official-007,소듐클로라이드,소듐클로라이드,12,,unknown,unmatched
seed_97_ko_official-007,글리세릴글루코사이드,글리세릴글루코사이드,13,,unknown,unmatched
seed_97_ko_official-007,아스코빅애씨드,아스코빅애씨드,14,,unknown,unmatched
seed_97_ko_official-007,"1,2-헥산다이올","1,2-헥산다이올",15,,unknown,unmatched
seed_97_ko_official-007,개똥쑥추출물,개똥쑥추출물,16,,unknown,unmatched
seed_97_ko_official-007,로만캐모마일꽃오일,로만캐모마일꽃오일,17,,unknown,unmatched
seed_97_ko_official-007,구주소나무잎오일,구주소나무잎오일,18,,unknown,unmatched
seed_97_ko_official-007,퀼라야나무껍질추출물,퀼라야나무껍질추출물,19,,unknown,unmatched
seed_97_ko_official-007,카프릴릴글라이콜,카프릴릴글라이콜,20,,unknown,unmatched
seed_97_ko_official-007,코코-글루코사이드,코코-글루코사이드,21,,unknown,unmatched
seed_97_ko_official-007,글리세릴카프릴레이트,글리세릴카프릴레이트,22,,unknown,unmatched
seed_97_ko_official-007,소듐코코일아이세티오네이트,소듐코코일아이세티오네이트,23,,unknown,unmatched
seed_97_ko_official-007,헥실렌글라이콜,헥실렌글라이콜,24,,unknown,unmatched
seed_97_ko_official-007,시트릭애씨드,시트릭애씨드,25,,unknown,unmatched
seed_97_ko_official-007,다이소듐이디티에이,다이소듐이디티에이,26,,unknown,unmatched
seed_97_ko_official-008,정제수,정제수,1,,unknown,unmatched
seed_97_ko_official-008,호모살레이트 9.5%,호모살레이트,2,9.5%,known,unmatched
seed_97_ko_official-008,옥토크릴렌 5%,옥토크릴렌,3,5%,known,unmatched
seed_97_ko_official-008,옥티살레이트 4.5%,옥티살레이트,4,4.5%,known,unmatched
seed_97_ko_official-008,아보벤존 3%,아보벤존,5,3%,known,unmatched
seed_97_ko_official-008,다이에틸헥실카보네이트,다이에틸헥실카보네이트,6,,unknown,unmatched
seed_97_ko_official-008,다이메티콘,다이메티콘,7,,unknown,unmatched
seed_97_ko_official-008,메틸메타크릴레이트크로스폴리머,메틸메타크릴레이트크로스폴리머,8,,unknown,unmatched
seed_97_ko_official-008,합성왁스,합성왁스,9,,unknown,unmatched
seed_97_ko_official-008,다이페닐실록시페닐트라이메티콘,다이페닐실록시페닐트라이메티콘,10,,unknown,unmatched
seed_97_ko_official-008,부틸옥틸살리실레이트,부틸옥틸살리실레이트,11,,unknown,unmatched
seed_97_ko_official-008,부틸메톡시다이벤조일메탄,부틸메톡시다이벤조일메탄,12,,unknown,unmatched
seed_97_ko_official-008,아이소프로필팔미테이트,아이소프로필팔미테이트,13,,unknown,unmatched
seed_97_ko_official-008,페네틸벤조에이트,페네틸벤조에이트,14,,unknown,unmatched
seed_97_ko_official-008,다이아이소스테아릴말레이트,다이아이소스테아릴말레이트,15,,unknown,unmatched
seed_97_ko_official-008,에틸헥실아이소노나노에이트,에틸헥실아이소노나노에이트,16,,unknown,unmatched
seed_97_ko_official-008,카프릴릴트라이메티콘,카프릴릴트라이메티콘,17,,unknown,unmatched
seed_97_ko_official-008,합성플루오르플로고파이트,합성플루오르플로고파이트,18,,unknown,unmatched
seed_97_ko_official-008,비스-베헤닐/아이소스테아릴/파이토스테릴다이머다이리놀레일다이머다이리놀리에이트,비스-베헤닐/아이소스테아릴/파이토스테릴다이머다이리놀레일다이머다이리놀리에이트,19,,unknown,unmatched
seed_97_ko_official-008,폴리메틸실세스퀴옥세인,폴리메틸실세스퀴옥세인,20,,unknown,unmatched
seed_97_ko_official-008,폴리에틸렌,폴리에틸렌,21,,unknown,unmatched
seed_97_ko_official-008,다이메티콘/비닐다이메티콘크로스폴리머,다이메티콘/비닐다이메티콘크로스폴리머,22,,unknown,unmatched
seed_97_ko_official-008,동백나무씨오일,동백나무씨오일,23,,unknown,unmatched
seed_97_ko_official-008,에틸렌/프로필렌코폴리머,에틸렌/프로필렌코폴리머,24,,unknown,unmatched
seed_97_ko_official-008,실리카다이메틸실릴레이트,실리카다이메틸실릴레이트,25,,unknown,unmatched
seed_97_ko_official-008,다이메티콘크로스폴리머,다이메티콘크로스폴리머,26,,unknown,unmatched
seed_97_ko_official-008,칸데릴라왁스에스터,칸데릴라왁스에스터,27,,unknown,unmatched
seed_97_ko_official-008,개똥쑥추출물,개똥쑥추출물,28,,unknown,unmatched
seed_97_ko_official-008,카나우바왁스,카나우바왁스,29,,unknown,unmatched
seed_97_ko_official-008,구주소나무잎오일,구주소나무잎오일,30,,unknown,unmatched
seed_97_ko_official-008,로만캐모마일꽃오일,로만캐모마일꽃오일,31,,unknown,unmatched
seed_97_ko_official-008,다이포타슘글리시리제이트,다이포타슘글리시리제이트,32,,unknown,unmatched
seed_97_ko_official-008,알란토인,알란토인,33,,unknown,unmatched
seed_97_ko_official-008,글리세릴글루코사이드,글리세릴글루코사이드,34,,unknown,unmatched
seed_97_ko_official-008,부틸렌글라이콜,부틸렌글라이콜,35,,unknown,unmatched
seed_97_ko_official-008,글리세린,글리세린,36,,unknown,unmatched
seed_97_ko_official-008,"1,2-헥산다이올","1,2-헥산다이올",37,,unknown,unmatched
seed_97_ko_official-008,자작나무수액,자작나무수액,38,,unknown,unmatched
seed_97_ko_official-008,느릅나무뿌리추출물,느릅나무뿌리추출물,39,,unknown,unmatched
seed_97_ko_official-008,알로에베라잎추출물,알로에베라잎추출물,40,,unknown,unmatched
seed_97_ko_official-008,참마뿌리추출물,참마뿌리추출물,41,,unknown,unmatched
seed_97_ko_official-008,제비꽃꽃추출물,제비꽃꽃추출물,42,,unknown,unmatched
seed_97_ko_official-008,다시마추출물,다시마추출물,43,,unknown,unmatched
seed_97_ko_official-008,글리세릴카프릴레이트,글리세릴카프릴레이트,44,,unknown,unmatched
seed_97_ko_official-008,소듐하이알루로네이트,소듐하이알루로네이트,45,,unknown,unmatched
seed_97_ko_official-008,하이알루로닉애씨드,하이알루로닉애씨드,46,,unknown,unmatched
seed_97_ko_official-008,아스코빅애씨드,아스코빅애씨드,47,,unknown,unmatched
seed_97_ko_official-009,폴리글리세릴-2아이소스테아레이트/다이머다이리놀리에이트코폴리머,폴리글리세릴-2아이소스테아레이트/다이머다이리놀리에이트코폴리머,1,,unknown,unmatched
seed_97_ko_official-009,폴리글리세릴-2트라이아이소스테아레이트,폴리글리세릴-2트라이아이소스테아레이트,2,,unknown,unmatched
seed_97_ko_official-009,스쿠알란,스쿠알란,3,,unknown,unmatched
seed_97_ko_official-009,트라이아이소스테아린,트라이아이소스테아린,4,,unknown,unmatched
seed_97_ko_official-009,세레신,세레신,5,,unknown,unmatched
seed_97_ko_official-009,마이크로크리스탈린왁스,마이크로크리스탈린왁스,6,,unknown,unmatched
seed_97_ko_official-009,토코페릴아세테이트,토코페릴아세테이트,7,,unknown,unmatched
seed_97_ko_official-009,호호바씨오일,호호바씨오일,8,,unknown,unmatched
seed_97_ko_official-009,마카다미아씨오일,마카다미아씨오일,9,,unknown,unmatched
seed_97_ko_official-009,스위트아몬드오일,스위트아몬드오일,10,,unknown,unmatched
seed_97_ko_official-009,아르간씨오일,아르간씨오일,11,,unknown,unmatched
seed_97_ko_official-009,올리브열매오일,올리브열매오일,12,,unknown,unmatched
seed_97_ko_official-009,데하이드로아세틱애씨드,데하이드로아세틱애씨드,13,,unknown,unmatched
seed_97_ko_official-009,다이메티콘,다이메티콘,14,,unknown,unmatched
seed_97_ko_official-009,님잎추출물,님잎추출물,15,,unknown,unmatched
seed_97_ko_official-009,님꽃추출물,님꽃추출물,16,,unknown,unmatched
seed_97_ko_official-009,코키니아인디카열매추출물,코키니아인디카열매추출물,17,,unknown,unmatched
seed_97_ko_official-009,알로에베라꽃추출물,알로에베라꽃추출물,18,,unknown,unmatched
seed_97_ko_official-009,가지열매추출물,가지열매추출물,19,,unknown,unmatched
seed_97_ko_official-009,정제수,정제수,20,,unknown,unmatched
seed_97_ko_official-009,자작나무수액,자작나무수액,21,,unknown,unmatched
seed_97_ko_official-009,글리세릴글루코사이드,글리세릴글루코사이드,22,,unknown,unmatched
seed_97_ko_official-009,울금뿌리추출물,울금뿌리추출물,23,,unknown,unmatched
seed_97_ko_official-009,부틸렌글라이콜,부틸렌글라이콜,24,,unknown,unmatched
seed_97_ko_official-009,산호말추출물,산호말추출물,25,,unknown,unmatched
seed_97_ko_official-009,홀리바질잎추출물,홀리바질잎추출물,26,,unknown,unmatched
seed_97_ko_official-009,알지닌,알지닌,27,,unknown,unmatched
seed_97_ko_official-009,카프릴릭애씨드,카프릴릭애씨드,28,,unknown,unmatched
seed_97_ko_official-009,글리세린,글리세린,29,,unknown,unmatched
seed_97_ko_official-009,"1,2-헥산다이올","1,2-헥산다이올",30,,unknown,unmatched
seed_97_ko_official-009,소듐하이알루로네이트,소듐하이알루로네이트,31,,unknown,unmatched
seed_97_ko_official-009,베툴린,베툴린,32,,unknown,unmatched
seed_97_ko_official-009,하이드롤라이즈드하이알루로닉애씨드,하이드롤라이즈드하이알루로닉애씨드,33,,unknown,unmatched
seed_97_ko_official-009,하이알루로닉애씨드,하이알루로닉애씨드,34,,unknown,unmatched
seed_97_ko_official-009,아스코빅애씨드,아스코빅애씨드,35,,unknown,unmatched
seed_97_ko_official-010,정제수,정제수,1,,unknown,unmatched
seed_97_ko_official-010,다이프로필렌글라이콜,다이프로필렌글라이콜,2,,unknown,unmatched
seed_97_ko_official-010,글리세린,글리세린,3,,unknown,unmatched
seed_97_ko_official-010,"1,2-헥산다이올","1,2-헥산다이올",4,,unknown,unmatched
seed_97_ko_official-010,글리세레스-26,글리세레스-26,5,,unknown,unmatched
seed_97_ko_official-010,"쑥추출물 (11,760ppm)",쑥추출물,6,"11,760ppm",known,unmatched
seed_97_ko_official-010,아이리쉬모스추출물,아이리쉬모스추출물,7,,unknown,unmatched
seed_97_ko_official-010,사탕수수추출물,사탕수수추출물,8,,unknown,unmatched
seed_97_ko_official-010,판테놀,판테놀,9,,unknown,unmatched
seed_97_ko_official-010,베타인,베타인,10,,unknown,unmatched
seed_97_ko_official-010,알란토인,알란토인,11,,unknown,unmatched
seed_97_ko_official-010,다이포타슘글리시리제이트,다이포타슘글리시리제이트,12,,unknown,unmatched
seed_97_ko_official-010,마데카소사이드,마데카소사이드,13,,unknown,unmatched
seed_97_ko_official-010,자일리톨,자일리톨,14,,unknown,unmatched
seed_97_ko_official-010,쑥잎추출물 (240ppm),쑥잎추출물,15,240ppm,known,unmatched
seed_97_ko_official-010,클로렐라추출물,클로렐라추출물,16,,unknown,unmatched
seed_97_ko_official-010,녹차잎추출물,녹차잎추출물,17,,unknown,unmatched
seed_97_ko_official-010,세이지오일,세이지오일,18,,unknown,unmatched
seed_97_ko_official-010,카카오씨추출물,카카오씨추출물,19,,unknown,unmatched
seed_97_ko_official-010,펜틸렌글라이콜,펜틸렌글라이콜,20,,unknown,unmatched
seed_97_ko_official-010,프로판다이올,프로판다이올,21,,unknown,unmatched
seed_97_ko_official-010,폴리글리세릴-10라우레이트,폴리글리세릴-10라우레이트,22,,unknown,unmatched
seed_97_ko_official-010,에틸헥실글리세린,에틸헥실글리세린,23,,unknown,unmatched
seed_97_ko_official-010,글루코오스,글루코오스,24,,unknown,unmatched
seed_97_ko_official-010,부틸렌글라이콜,부틸렌글라이콜,25,,unknown,unmatched
seed_97_ko_official-010,프룩토올리고사카라이드,프룩토올리고사카라이드,26,,unknown,unmatched
seed_97_ko_official-010,프룩토오스,프룩토오스,27,,unknown,unmatched
seed_97_ko_official-010,바이오사카라이드검-1,바이오사카라이드검-1,28,,unknown,unmatched
seed_97_ko_official-010,덱스트린,덱스트린,29,,unknown,unmatched
seed_97_ko_official-010,토코페롤,토코페롤,30,,unknown,unmatched
seed_97_ko_official-010,카보머,카보머,31,,unknown,unmatched
seed_97_ko_official-010,잔탄검,잔탄검,32,,unknown,unmatched
seed_97_ko_official-011,정제수,정제수,1,,unknown,unmatched
seed_97_ko_official-011,글리세린,글리세린,2,,unknown,unmatched
seed_97_ko_official-011,소듐코코일글리시네이트,소듐코코일글리시네이트,3,,unknown,unmatched
seed_97_ko_official-011,소듐라우로일글루타메이트,소듐라우로일글루타메이트,4,,unknown,unmatched
seed_97_ko_official-011,부틸렌글라이콜,부틸렌글라이콜,5,,unknown,unmatched
seed_97_ko_official-011,코코-베타인,코코-베타인,6,,unknown,unmatched
seed_97_ko_official-011,베타인,베타인,7,,unknown,unmatched
seed_97_ko_official-011,하이드록시프로필스타치포스페이트,하이드록시프로필스타치포스페이트,8,,unknown,unmatched
seed_97_ko_official-011,"쑥추출물 (10,045ppm)",쑥추출물,9,"10,045ppm",known,unmatched
seed_97_ko_official-011,쑥잎추출물 (800ppm),쑥잎추출물,10,800ppm,known,unmatched
seed_97_ko_official-011,마데카소사이드,마데카소사이드,11,,unknown,unmatched
seed_97_ko_official-011,아시아티코사이드,아시아티코사이드,12,,unknown,unmatched
seed_97_ko_official-011,아시아틱애씨드,아시아틱애씨드,13,,unknown,unmatched
seed_97_ko_official-011,마데카식애씨드,마데카식애씨드,14,,unknown,unmatched
seed_97_ko_official-011,판테놀,판테놀,15,,unknown,unmatched
seed_97_ko_official-011,알란토인,알란토인,16,,unknown,unmatched
seed_97_ko_official-011,님잎추출물,님잎추출물,17,,unknown,unmatched
seed_97_ko_official-011,맥아추출물,맥아추출물,18,,unknown,unmatched
seed_97_ko_official-011,녹차잎추출물,녹차잎추출물,19,,unknown,unmatched
seed_97_ko_official-011,님꽃추출물,님꽃추출물,20,,unknown,unmatched
seed_97_ko_official-011,소듐클로라이드,소듐클로라이드,21,,unknown,unmatched
seed_97_ko_official-011,아스파틱애씨드,아스파틱애씨드,22,,unknown,unmatched
seed_97_ko_official-011,카프릴릴글라이콜,카프릴릴글라이콜,23,,unknown,unmatched
seed_97_ko_official-011,폴리쿼터늄-67,폴리쿼터늄-67,24,,unknown,unmatched
seed_97_ko_official-011,"1,2-헥산다이올","1,2-헥산다이올",25,,unknown,unmatched
seed_97_ko_official-011,에틸헥실글리세린,에틸헥실글리세린,26,,unknown,unmatched
seed_97_ko_official-011,시트릭애씨드,시트릭애씨드,27,,unknown,unmatched
seed_97_ko_official-011,세이지오일,세이지오일,28,,unknown,unmatched
seed_97_ko_official-012,정제수,정제수,1,,unknown,unmatched
seed_97_ko_official-012,글리세린,글리세린,2,,unknown,unmatched
seed_97_ko_official-012,프로판다이올,프로판다이올,3,,unknown,unmatched
seed_97_ko_official-012,베타인,베타인,4,,unknown,unmatched
seed_97_ko_official-012,부틸렌글라이콜,부틸렌글라이콜,5,,unknown,unmatched
seed_97_ko_official-012,"1,2-헥산다이올","1,2-헥산다이올",6,,unknown,unmatched
seed_97_ko_official-012,펜틸렌글라이콜,펜틸렌글라이콜,7,,unknown,unmatched
seed_97_ko_official-012,"쑥추출물 (10,094ppm)",쑥추출물,8,"10,094ppm",known,unmatched
seed_97_ko_official-012,판테놀,판테놀,9,,unknown,unmatched
seed_97_ko_official-012,알란토인,알란토인,10,,unknown,unmatched
seed_97_ko_official-012,마데카소사이드,마데카소사이드,11,,unknown,unmatched
seed_97_ko_official-012,마데카식애씨드,마데카식애씨드,12,,unknown,unmatched
seed_97_ko_official-012,아시아틱애씨드,아시아틱애씨드,13,,unknown,unmatched
seed_97_ko_official-012,아시아티코사이드,아시아티코사이드,14,,unknown,unmatched
seed_97_ko_official-012,클로렐라추출물,클로렐라추출물,15,,unknown,unmatched
seed_97_ko_official-012,쑥잎추출물 (240ppm),쑥잎추출물,16,240ppm,known,unmatched
seed_97_ko_official-012,소듐하이알루로네이트,소듐하이알루로네이트,17,,unknown,unmatched
seed_97_ko_official-012,녹차잎추출물,녹차잎추출물,18,,unknown,unmatched
seed_97_ko_official-012,세이지오일,세이지오일,19,,unknown,unmatched
seed_97_ko_official-012,카카오씨추출물,카카오씨추출물,20,,unknown,unmatched
seed_97_ko_official-012,글루코오스,글루코오스,21,,unknown,unmatched
seed_97_ko_official-012,폴리글리세릴-10라우레이트,폴리글리세릴-10라우레이트,22,,unknown,unmatched
seed_97_ko_official-012,프룩토올리고사카라이드,프룩토올리고사카라이드,23,,unknown,unmatched
seed_97_ko_official-012,프룩토오스,프룩토오스,24,,unknown,unmatched
seed_97_ko_official-012,에틸헥실글리세린,에틸헥실글리세린,25,,unknown,unmatched
seed_97_ko_official-012,트로메타민,트로메타민,26,,unknown,unmatched
seed_97_ko_official-012,소듐파이테이트,소듐파이테이트,27,,unknown,unmatched
seed_97_ko_official-012,덱스트린,덱스트린,28,,unknown,unmatched
seed_97_ko_official-012,토코페롤,토코페롤,29,,unknown,unmatched
seed_97_ko_official-012,다이프로필렌글라이콜,다이프로필렌글라이콜,30,,unknown,unmatched
seed_97_ko_official-012,카보머,카보머,31,,unknown,unmatched
seed_97_ko_official-013,정제수,정제수,1,,unknown,unmatched
seed_97_ko_official-013,"소나무잎추출물 (400,196ppm)",소나무잎추출물,2,"400,196ppm",known,unmatched
seed_97_ko_official-013,프로판다이올,프로판다이올,3,,unknown,unmatched
seed_97_ko_official-013,글리세린,글리세린,4,,unknown,unmatched
seed_97_ko_official-013,"어성초추출물 (10,699ppm)",어성초추출물,5,"10,699ppm",known,unmatched
seed_97_ko_official-013,"1,2-헥산다이올","1,2-헥산다이올",6,,unknown,unmatched
seed_97_ko_official-013,부틸렌글라이콜,부틸렌글라이콜,7,,unknown,unmatched
seed_97_ko_official-013,하이알루로닉애씨드,하이알루로닉애씨드,8,,unknown,unmatched
seed_97_ko_official-013,하이드롤라이즈드하이알루로닉애씨드,하이드롤라이즈드하이알루로닉애씨드,9,,unknown,unmatched
seed_97_ko_official-013,소듐하이알루로네이트,소듐하이알루로네이트,10,,unknown,unmatched
seed_97_ko_official-013,당단백질 (8.1800ppm),당단백질,11,8.1800ppm,known,unmatched
seed_97_ko_official-013,에틸헥실글리세린,에틸헥실글리세린,12,,unknown,unmatched
seed_97_ko_official-013,노니잎추출물,노니잎추출물,13,,unknown,unmatched
seed_97_ko_official-013,노니꽃추출물,노니꽃추출물,14,,unknown,unmatched
seed_97_ko_official-013,아시아티코사이드 (0.4090ppm),아시아티코사이드,15,0.4090ppm,known,unmatched
seed_97_ko_official-013,아시아틱애씨드 (0.4090ppm),아시아틱애씨드,16,0.4090ppm,known,unmatched
seed_97_ko_official-013,마데카소사이드 (0.4090ppm),마데카소사이드,17,0.4090ppm,known,unmatched
seed_97_ko_official-013,마데카식애씨드 (0.4090ppm),마데카식애씨드,18,0.4090ppm,known,unmatched
seed_97_ko_official-013,글루코노락톤,글루코노락톤,19,,unknown,unmatched
seed_97_ko_official-013,카프릴로일살리실릭애씨드,카프릴로일살리실릭애씨드,20,,unknown,unmatched
seed_97_ko_official-013,소듐시트레이트,소듐시트레이트,21,,unknown,unmatched
seed_97_ko_official-013,하이드록시아세토페논,하이드록시아세토페논,22,,unknown,unmatched
seed_97_ko_official-013,다이소듐이디티에이,다이소듐이디티에이,23,,unknown,unmatched
seed_97_ko_official-013,시트릭애씨드,시트릭애씨드,24,,unknown,unmatched
seed_97_ko_official-014,정제수,정제수,1,,unknown,unmatched
seed_97_ko_official-014,당단백질,당단백질,2,,unknown,unmatched
seed_97_ko_official-014,님잎추출물,님잎추출물,3,,unknown,unmatched
seed_97_ko_official-014,황련뿌리추출물,황련뿌리추출물,4,,unknown,unmatched
seed_97_ko_official-014,님꽃추출물,님꽃추출물,5,,unknown,unmatched
seed_97_ko_official-014,하이드록시아세토페논,하이드록시아세토페논,6,,unknown,unmatched
seed_97_ko_official-014,아시아티코사이드,아시아티코사이드,7,,unknown,unmatched
seed_97_ko_official-014,아시아틱애씨드,아시아틱애씨드,8,,unknown,unmatched
seed_97_ko_official-014,마데카소사이드,마데카소사이드,9,,unknown,unmatched
seed_97_ko_official-014,마데카식애씨드,마데카식애씨드,10,,unknown,unmatched
seed_97_ko_official-014,소듐시트레이트,소듐시트레이트,11,,unknown,unmatched
seed_97_ko_official-014,카프릴로일살리실릭애씨드,카프릴로일살리실릭애씨드,12,,unknown,unmatched
seed_97_ko_official-014,다이소듐이디티에이,다이소듐이디티에이,13,,unknown,unmatched
seed_97_ko_official-014,잔탄검,잔탄검,14,,unknown,unmatched
seed_97_ko_official-014,카보머,카보머,15,,unknown,unmatched
seed_97_ko_official-014,트로메타민,트로메타민,16,,unknown,unmatched
seed_97_ko_official-014,시트릭애씨드,시트릭애씨드,17,,unknown,unmatched
seed_97_ko_official-015,정제수,정제수,1,,unknown,unmatched
seed_97_ko_official-015,"소나무잎추출물 (409,785ppm)",소나무잎추출물,2,"409,785ppm",known,unmatched
seed_97_ko_official-015,프로판다이올,프로판다이올,3,,unknown,unmatched
seed_97_ko_official-015,"1,2-헥산다이올","1,2-헥산다이올",4,,unknown,unmatched
seed_97_ko_official-015,글리세린,글리세린,5,,unknown,unmatched
seed_97_ko_official-015,세틸에틸헥사노에이트,세틸에틸헥사노에이트,6,,unknown,unmatched
seed_97_ko_official-015,"병풀추출물 (11,198ppm)",병풀추출물,7,"11,198ppm",known,unmatched
seed_97_ko_official-015,하이알루로닉애씨드,하이알루로닉애씨드,8,,unknown,unmatched
seed_97_ko_official-015,하이드롤라이즈드하이알루로닉애씨드,하이드롤라이즈드하이알루로닉애씨드,9,,unknown,unmatched
seed_97_ko_official-015,소듐하이알루로네이트,소듐하이알루로네이트,10,,unknown,unmatched
seed_97_ko_official-015,님잎추출물,님잎추출물,11,,unknown,unmatched
seed_97_ko_official-015,부틸렌글라이콜,부틸렌글라이콜,12,,unknown,unmatched
seed_97_ko_official-015,에틸헥실글리세린,에틸헥실글리세린,13,,unknown,unmatched
seed_97_ko_official-015,당단백질 (8.3760ppm),당단백질,14,8.3760ppm,known,unmatched
seed_97_ko_official-015,님꽃추출물,님꽃추출물,15,,unknown,unmatched
seed_97_ko_official-015,카카오씨추출물,카카오씨추출물,16,,unknown,unmatched
seed_97_ko_official-015,세테아릴올리베이트,세테아릴올리베이트,17,,unknown,unmatched
seed_97_ko_official-015,글리세레스-26,글리세레스-26,18,,unknown,unmatched
seed_97_ko_official-015,아시아티코사이드 (0.4188ppm),아시아티코사이드,19,0.4188ppm,known,unmatched
seed_97_ko_official-015,아시아틱애씨드 (0.4188ppm),아시아틱애씨드,20,0.4188ppm,known,unmatched
seed_97_ko_official-015,마데카소사이드 (0.4188ppm),마데카소사이드,21,0.4188ppm,known,unmatched
seed_97_ko_official-015,마데카식애씨드 (0.4188ppm),마데카식애씨드,22,0.4188ppm,known,unmatched
seed_97_ko_official-015,카프릴로일살리실릭애씨드,카프릴로일살리실릭애씨드,23,,unknown,unmatched
seed_97_ko_official-015,C12-20알킬글루코사이드,C12-20알킬글루코사이드,24,,unknown,unmatched
seed_97_ko_official-015,암모늄폴리아크릴로일다이메틸타우레이트,암모늄폴리아크릴로일다이메틸타우레이트,25,,unknown,unmatched
seed_97_ko_official-015,하이드로제네이티드폴리데센,하이드로제네이티드폴리데센,26,,unknown,unmatched
seed_97_ko_official-015,덱스트린,덱스트린,27,,unknown,unmatched
seed_97_ko_official-015,비닐다이메티콘,비닐다이메티콘,28,,unknown,unmatched
seed_97_ko_official-015,솔비탄올리베이트,솔비탄올리베이트,29,,unknown,unmatched
seed_97_ko_official-015,카보머,카보머,30,,unknown,unmatched
seed_97_ko_official-015,C14-22알코올,C14-22알코올,31,,unknown,unmatched
seed_97_ko_official-015,다이소듐이디티에이,다이소듐이디티에이,32,,unknown,unmatched
seed_97_ko_official-015,트로메타민,트로메타민,33,,unknown,unmatched
seed_97_ko_official-016,정제수,정제수,1,,unknown,unmatched
seed_97_ko_official-016,글리세린,글리세린,2,,unknown,unmatched
seed_97_ko_official-016,하이드로제네이티드팜애씨드,하이드로제네이티드팜애씨드,3,,unknown,unmatched
seed_97_ko_official-016,포타슘하이드록사이드,포타슘하이드록사이드,4,,unknown,unmatched
seed_97_ko_official-016,포타슘코코일글리시네이트,포타슘코코일글리시네이트,5,,unknown,unmatched
seed_97_ko_official-016,녹차잎추출물,녹차잎추출물,6,,unknown,unmatched
seed_97_ko_official-016,모즈쿠추출물,모즈쿠추출물,7,,unknown,unmatched
seed_97_ko_official-016,흰버드나무껍질추출물,흰버드나무껍질추출물,8,,unknown,unmatched
seed_97_ko_official-016,커피씨추출물,커피씨추출물,9,,unknown,unmatched
seed_97_ko_official-016,베르가모트잎추출물,베르가모트잎추출물,10,,unknown,unmatched
seed_97_ko_official-016,살리실릭애씨드,살리실릭애씨드,11,,unknown,unmatched
seed_97_ko_official-016,병풀잎추출물 (10.6ppm),병풀잎추출물,12,10.6ppm,known,unmatched
seed_97_ko_official-016,소나무잎추출물 (10.6ppm),소나무잎추출물,13,10.6ppm,known,unmatched
seed_97_ko_official-016,병풀추출물 (10ppm),병풀추출물,14,10ppm,known,unmatched
seed_97_ko_official-016,하이알루로닉애씨드,하이알루로닉애씨드,15,,unknown,unmatched
seed_97_ko_official-016,하이드롤라이즈드하이알루로닉애씨드,하이드롤라이즈드하이알루로닉애씨드,16,,unknown,unmatched
seed_97_ko_official-016,소듐하이알루로네이트,소듐하이알루로네이트,17,,unknown,unmatched
seed_97_ko_official-016,부틸렌글라이콜,부틸렌글라이콜,18,,unknown,unmatched
seed_97_ko_official-016,에틸헥실글리세린,에틸헥실글리세린,19,,unknown,unmatched
seed_97_ko_official-016,치자열매추출물,치자열매추출물,20,,unknown,unmatched
seed_97_ko_official-016,당단백질 (0.2ppm),당단백질,21,0.2ppm,known,unmatched
seed_97_ko_official-016,카프릴로일살리실릭애씨드,카프릴로일살리실릭애씨드,22,,unknown,unmatched
seed_97_ko_official-016,아시아틱애씨드 (0.01ppm),아시아틱애씨드,23,0.01ppm,known,unmatched
seed_97_ko_official-016,아시아티코사이드 (0.01ppm),아시아티코사이드,24,0.01ppm,known,unmatched
seed_97_ko_official-016,마데카식애씨드 (0.01ppm),마데카식애씨드,25,0.01ppm,known,unmatched
seed_97_ko_official-016,마데카소사이드 (0.01ppm),마데카소사이드,26,0.01ppm,known,unmatched
seed_97_ko_official-016,글리세릴스테아레이트,글리세릴스테아레이트,27,,unknown,unmatched
seed_97_ko_official-016,덱스트린,덱스트린,28,,unknown,unmatched
seed_97_ko_official-016,데실글루코사이드,데실글루코사이드,29,,unknown,unmatched
seed_97_ko_official-016,아크릴레이트/C10-30알킬아크릴레이트크로스폴리머,아크릴레이트/C10-30알킬아크릴레이트크로스폴리머,30,,unknown,unmatched
seed_97_ko_official-016,"1,2-헥산다이올","1,2-헥산다이올",31,,unknown,unmatched
seed_97_ko_official-016,소듐파이테이트,소듐파이테이트,32,,unknown,unmatched
seed_97_ko_official-017,정제수,정제수,1,,unknown,unmatched
seed_97_ko_official-017,프로판다이올,프로판다이올,2,,unknown,unmatched
seed_97_ko_official-017,다이프로필렌글라이콜,다이프로필렌글라이콜,3,,unknown,unmatched
seed_97_ko_official-017,"1,2-헥산다이올","1,2-헥산다이올",4,,unknown,unmatched
seed_97_ko_official-017,병풀추출물,병풀추출물,5,,unknown,unmatched
seed_97_ko_official-017,베타인,베타인,6,,unknown,unmatched
seed_97_ko_official-017,소듐하이알루로네이트,소듐하이알루로네이트,7,,unknown,unmatched
seed_97_ko_official-017,부틸렌글라이콜,부틸렌글라이콜,8,,unknown,unmatched
seed_97_ko_official-017,카프릴릴글라이콜,카프릴릴글라이콜,9,,unknown,unmatched
seed_97_ko_official-017,병풀잎추출물,병풀잎추출물,10,,unknown,unmatched
seed_97_ko_official-017,녹나무잎추출물,녹나무잎추출물,11,,unknown,unmatched
seed_97_ko_official-017,판테놀,판테놀,12,,unknown,unmatched
seed_97_ko_official-017,당단백질,당단백질,13,,unknown,unmatched
seed_97_ko_official-017,에틸헥실글리세린,에틸헥실글리세린,14,,unknown,unmatched
seed_97_ko_official-017,다이포타슘글리시리제이트,다이포타슘글리시리제이트,15,,unknown,unmatched
seed_97_ko_official-017,님잎추출물,님잎추출물,16,,unknown,unmatched
seed_97_ko_official-017,님꽃추출물,님꽃추출물,17,,unknown,unmatched
seed_97_ko_official-017,마데카소사이드,마데카소사이드,18,,unknown,unmatched
seed_97_ko_official-017,아시아티코사이드,아시아티코사이드,19,,unknown,unmatched
seed_97_ko_official-017,아시아틱애씨드,아시아틱애씨드,20,,unknown,unmatched
seed_97_ko_official-017,마데카식애씨드,마데카식애씨드,21,,unknown,unmatched
seed_97_ko_official-017,하이드록시아세토페논,하이드록시아세토페논,22,,unknown,unmatched
seed_97_ko_official-017,글루코노락톤,글루코노락톤,23,,unknown,unmatched
seed_97_ko_official-017,카프릴로일살리실릭애씨드,카프릴로일살리실릭애씨드,24,,unknown,unmatched
seed_97_ko_official-017,C12-14파레스-12,C12-14파레스-12,25,,unknown,unmatched
seed_97_ko_official-017,석시닉애씨드,석시닉애씨드,26,,unknown,unmatched
seed_97_ko_official-017,암모늄아크릴로일다이메틸타우레이트/브이피코폴리머,암모늄아크릴로일다이메틸타우레이트/브이피코폴리머,27,,unknown,unmatched
seed_97_ko_official-017,소듐시트레이트,소듐시트레이트,28,,unknown,unmatched
seed_97_ko_official-017,판토락톤,판토락톤,29,,unknown,unmatched
seed_97_ko_official-017,다이소듐이디티에이,다이소듐이디티에이,30,,unknown,unmatched
seed_97_ko_official-018,정제수,정제수,1,,unknown,unmatched
seed_97_ko_official-018,카올린,카올린,2,,unknown,unmatched
seed_97_ko_official-018,글리세린,글리세린,3,,unknown,unmatched
seed_97_ko_official-018,부틸렌글라이콜,부틸렌글라이콜,4,,unknown,unmatched
seed_97_ko_official-018,소나무잎추출물,소나무잎추출물,5,,unknown,unmatched
seed_97_ko_official-018,병풀추출물,병풀추출물,6,,unknown,unmatched
seed_97_ko_official-018,마데카소사이드,마데카소사이드,7,,unknown,unmatched
seed_97_ko_official-018,아시아티코사이드,아시아티코사이드,8,,unknown,unmatched
seed_97_ko_official-018,판테놀,판테놀,9,,unknown,unmatched
seed_97_ko_official-018,"1,2-헥산다이올","1,2-헥산다이올",10,,unknown,unmatched
seed_97_ko_official-018,카보머,카보머,11,,unknown,unmatched
seed_97_ko_official-018,트로메타민,트로메타민,12,,unknown,unmatched
seed_97_ko_official-018,에틸헥실글리세린,에틸헥실글리세린,13,,unknown,unmatched
seed_97_ko_official-018,다이소듐이디티에이,다이소듐이디티에이,14,,unknown,unmatched
seed_97_ko_official-019,정제수,정제수,1,,unknown,unmatched
seed_97_ko_official-019,프로판다이올,프로판다이올,2,,unknown,unmatched
seed_97_ko_official-019,부틸렌글라이콜,부틸렌글라이콜,3,,unknown,unmatched
seed_97_ko_official-019,"1,2-헥산다이올","1,2-헥산다이올",4,,unknown,unmatched
seed_97_ko_official-019,글리세린,글리세린,5,,unknown,unmatched
seed_97_ko_official-019,"콩씨추출물 (11,700ppm)",콩씨추출물,6,"11,700ppm",known,unmatched
seed_97_ko_official-019,세라마이드엔피,세라마이드엔피,7,,unknown,unmatched
seed_97_ko_official-019,아이리쉬모스추출물,아이리쉬모스추출물,8,,unknown,unmatched
seed_97_ko_official-019,사탕수수추출물,사탕수수추출물,9,,unknown,unmatched
seed_97_ko_official-019,소듐하이알루로네이트,소듐하이알루로네이트,10,,unknown,unmatched
seed_97_ko_official-019,다이프로필렌글라이콜,다이프로필렌글라이콜,11,,unknown,unmatched
seed_97_ko_official-019,판테놀,판테놀,12,,unknown,unmatched
seed_97_ko_official-019,펜틸렌글라이콜,펜틸렌글라이콜,13,,unknown,unmatched
seed_97_ko_official-019,다이페닐다이메티콘,다이페닐다이메티콘,14,,unknown,unmatched
seed_97_ko_official-019,트라이에틸헥사노인,트라이에틸헥사노인,15,,unknown,unmatched
seed_97_ko_official-019,카프릴릴글라이콜,카프릴릴글라이콜,16,,unknown,unmatched
seed_97_ko_official-019,하이드로제네이티드레시틴,하이드로제네이티드레시틴,17,,unknown,unmatched
seed_97_ko_official-019,에틸헥실글리세린,에틸헥실글리세린,18,,unknown,unmatched
seed_97_ko_official-019,아데노신,아데노신,19,,unknown,unmatched
seed_97_ko_official-019,트로메타민,트로메타민,20,,unknown,unmatched
seed_97_ko_official-019,카프릴릭/카프릭트라이글리세라이드,카프릴릭/카프릭트라이글리세라이드,21,,unknown,unmatched
seed_97_ko_official-019,덱스트린,덱스트린,22,,unknown,unmatched
seed_97_ko_official-019,다이포타슘글리시리제이트,다이포타슘글리시리제이트,23,,unknown,unmatched
seed_97_ko_official-019,카보머,카보머,24,,unknown,unmatched
seed_97_ko_official-019,다이소듐이디티에이,다이소듐이디티에이,25,,unknown,unmatched
seed_97_ko_official-019,카카오씨추출물,카카오씨추출물,26,,unknown,unmatched
seed_97_ko_official-020,정제수,정제수,1,,unknown,unmatched
seed_97_ko_official-020,프로판다이올,프로판다이올,2,,unknown,unmatched
seed_97_ko_official-020,글리세린,글리세린,3,,unknown,unmatched
seed_97_ko_official-020,글리세레스-26,글리세레스-26,4,,unknown,unmatched
seed_97_ko_official-020,"1,2-헥산다이올","1,2-헥산다이올",5,,unknown,unmatched
seed_97_ko_official-020,코코-카프릴레이트/카프레이트,코코-카프릴레이트/카프레이트,6,,unknown,unmatched
seed_97_ko_official-020,판테놀,판테놀,7,,unknown,unmatched
seed_97_ko_official-020,콩씨추출물,콩씨추출물,8,,unknown,unmatched
seed_97_ko_official-020,스쿠알란,스쿠알란,9,,unknown,unmatched
seed_97_ko_official-020,세라마이드엔피,세라마이드엔피,10,,unknown,unmatched
seed_97_ko_official-020,세라마이드엔에스,세라마이드엔에스,11,,unknown,unmatched
seed_97_ko_official-020,세라마이드에이피,세라마이드에이피,12,,unknown,unmatched
seed_97_ko_official-020,세라마이드에이에스,세라마이드에이에스,13,,unknown,unmatched
seed_97_ko_official-020,세라마이드이오피,세라마이드이오피,14,,unknown,unmatched
seed_97_ko_official-020,하이드로제네이티드레시틴,하이드로제네이티드레시틴,15,,unknown,unmatched
seed_97_ko_official-020,스테아릭애씨드,스테아릭애씨드,16,,unknown,unmatched
seed_97_ko_official-020,파이토스핑고신,파이토스핑고신,17,,unknown,unmatched
seed_97_ko_official-020,세테아릴알코올,세테아릴알코올,18,,unknown,unmatched
seed_97_ko_official-020,콜레스테롤,콜레스테롤,19,,unknown,unmatched
seed_97_ko_official-020,아데노신,아데노신,20,,unknown,unmatched
seed_97_ko_official-020,락토바실러스/두유발효여과물,락토바실러스/두유발효여과물,21,,unknown,unmatched
seed_97_ko_official-020,락토바실러스/호밀가루발효물,락토바실러스/호밀가루발효물,22,,unknown,unmatched
seed_97_ko_official-020,바실러스/콩발효추출물,바실러스/콩발효추출물,23,,unknown,unmatched
seed_97_ko_official-020,판토테닉애씨드,판토테닉애씨드,24,,unknown,unmatched
seed_97_ko_official-020,폴릭애씨드,폴릭애씨드,25,,unknown,unmatched
seed_97_ko_official-020,피리독신,피리독신,26,,unknown,unmatched
seed_97_ko_official-020,티아민에이치씨엘,티아민에이치씨엘,27,,unknown,unmatched
seed_97_ko_official-020,리보플라빈,리보플라빈,28,,unknown,unmatched
seed_97_ko_official-020,시아노코발라민,시아노코발라민,29,,unknown,unmatched
seed_97_ko_official-020,하이드록시데실유비퀴논,하이드록시데실유비퀴논,30,,unknown,unmatched
seed_97_ko_official-020,나이아신아마이드,나이아신아마이드,31,,unknown,unmatched
seed_97_ko_official-020,테트라데실아미노부티로일발릴아미노부티릭우레아트라이플루오로아세테이트,테트라데실아미노부티로일발릴아미노부티릭우레아트라이플루오로아세테이트,32,,unknown,unmatched
seed_97_ko_official-020,다이펩타이드다이아미노부티로일벤질아마이드다이아세테이트,다이펩타이드다이아미노부티로일벤질아마이드다이아세테이트,33,,unknown,unmatched
seed_97_ko_official-020,베타인,베타인,34,,unknown,unmatched
seed_97_ko_official-020,트레할로오스,트레할로오스,35,,unknown,unmatched
seed_97_ko_official-020,에틸헥실글리세린,에틸헥실글리세린,36,,unknown,unmatched
seed_97_ko_official-020,폴리아크릴레이트크로스폴리머-6,폴리아크릴레이트크로스폴리머-6,37,,unknown,unmatched
seed_97_ko_official-020,아크릴레이트/C10-30알킬아크릴레이트크로스폴리머,아크릴레이트/C10-30알킬아크릴레이트크로스폴리머,38,,unknown,unmatched
seed_97_ko_official-020,글리세릴스테아레이트시트레이트,글리세릴스테아레이트시트레이트,39,,unknown,unmatched
seed_97_ko_official-020,부틸렌글라이콜,부틸렌글라이콜,40,,unknown,unmatched
seed_97_ko_official-020,토코페롤,토코페롤,41,,unknown,unmatched
seed_97_ko_official-020,카카오씨추출물,카카오씨추출물,42,,unknown,unmatched
seed_97_ko_official-020,폴리글리세릴-3다이스테아레이트,폴리글리세릴-3다이스테아레이트,43,,unknown,unmatched
seed_97_ko_official-020,트로메타민,트로메타민,44,,unknown,unmatched
seed_97_ko_official-020,옥수수전분,옥수수전분,45,,unknown,unmatched
seed_97_ko_official-020,미결정셀룰로오스,미결정셀룰로오스,46,,unknown,unmatched
seed_97_ko_official-020,아스코빌글루코사이드,아스코빌글루코사이드,47,,unknown,unmatched
seed_97_ko_official-020,카올린,카올린,48,,unknown,unmatched
seed_97_ko_official-020,덱스트린,덱스트린,49,,unknown,unmatched
seed_97_ko_official-020,마그네슘클로라이드,마그네슘클로라이드,50,,unknown,unmatched
seed_97_ko_official-020,만니톨,만니톨,51,,unknown,unmatched
seed_97_ko_official-020,잔탄검,잔탄검,52,,unknown,unmatched
seed_97_ko_official-021,정제수,정제수,1,,unknown,unmatched
seed_97_ko_official-021,글리세린,글리세린,2,,unknown,unmatched
seed_97_ko_official-021,에틸헥실스테아레이트,에틸헥실스테아레이트,3,,unknown,unmatched
seed_97_ko_official-021,하이드로제네이티드폴리아이소부텐,하이드로제네이티드폴리아이소부텐,4,,unknown,unmatched
seed_97_ko_official-021,폴리글리세릴-3다이스테아레이트,폴리글리세릴-3다이스테아레이트,5,,unknown,unmatched
seed_97_ko_official-021,다이아이소스테아릴말레이트,다이아이소스테아릴말레이트,6,,unknown,unmatched
seed_97_ko_official-021,카프릴릭/카프릭트라이글리세라이드,카프릴릭/카프릭트라이글리세라이드,7,,unknown,unmatched
seed_97_ko_official-021,부틸렌글라이콜,부틸렌글라이콜,8,,unknown,unmatched
seed_97_ko_official-021,비닐다이메티콘,비닐다이메티콘,9,,unknown,unmatched
seed_97_ko_official-021,하이드로제네이티드코코-글리세라이드,하이드로제네이티드코코-글리세라이드,10,,unknown,unmatched
seed_97_ko_official-021,"1,2-헥산다이올","1,2-헥산다이올",11,,unknown,unmatched
seed_97_ko_official-021,"콩씨추출물 (10,000ppm)",콩씨추출물,12,"10,000ppm",known,unmatched
seed_97_ko_official-021,세라마이드엔피,세라마이드엔피,13,,unknown,unmatched
seed_97_ko_official-021,님꽃추출물,님꽃추출물,14,,unknown,unmatched
seed_97_ko_official-021,님잎추출물,님잎추출물,15,,unknown,unmatched
seed_97_ko_official-021,판테놀,판테놀,16,,unknown,unmatched
seed_97_ko_official-021,울금뿌리추출물,울금뿌리추출물,17,,unknown,unmatched
seed_97_ko_official-021,홀리바질잎추출물,홀리바질잎추출물,18,,unknown,unmatched
seed_97_ko_official-021,산호말추출물,산호말추출물,19,,unknown,unmatched
seed_97_ko_official-021,글리세릴스테아레이트,글리세릴스테아레이트,20,,unknown,unmatched
seed_97_ko_official-021,펜틸렌글라이콜,펜틸렌글라이콜,21,,unknown,unmatched
seed_97_ko_official-021,하이드록시에틸아크릴레이트/소듐아크릴로일다이메틸타우레이트코폴리머,하이드록시에틸아크릴레이트/소듐아크릴로일다이메틸타우레이트코폴리머,22,,unknown,unmatched
seed_97_ko_official-021,보론나이트라이드,보론나이트라이드,23,,unknown,unmatched
seed_97_ko_official-021,팔미틱애씨드,팔미틱애씨드,24,,unknown,unmatched
seed_97_ko_official-021,하이드록시아세토페논,하이드록시아세토페논,25,,unknown,unmatched
seed_97_ko_official-021,스테아릭애씨드,스테아릭애씨드,26,,unknown,unmatched
seed_97_ko_official-021,글리세릴스테아레이트시트레이트,글리세릴스테아레이트시트레이트,27,,unknown,unmatched
seed_97_ko_official-021,다이포타슘글리시리제이트,다이포타슘글리시리제이트,28,,unknown,unmatched
seed_97_ko_official-021,에틸헥실글리세린,에틸헥실글리세린,29,,unknown,unmatched
seed_97_ko_official-021,하이드로제네이티드레시틴,하이드로제네이티드레시틴,30,,unknown,unmatched
seed_97_ko_official-021,아데노신,아데노신,31,,unknown,unmatched
seed_97_ko_official-021,트로메타민,트로메타민,32,,unknown,unmatched
seed_97_ko_official-021,솔비탄아이소스테아레이트,솔비탄아이소스테아레이트,33,,unknown,unmatched
seed_97_ko_official-021,덱스트린,덱스트린,34,,unknown,unmatched
seed_97_ko_official-021,세테아릴알코올,세테아릴알코올,35,,unknown,unmatched
seed_97_ko_official-021,잔탄검,잔탄검,36,,unknown,unmatched
seed_97_ko_official-021,카보머,카보머,37,,unknown,unmatched
seed_97_ko_official-021,다이소듐이디티에이,다이소듐이디티에이,38,,unknown,unmatched
seed_97_ko_official-021,카카오씨추출물,카카오씨추출물,39,,unknown,unmatched
seed_97_ko_official-022,정제수,정제수,1,,unknown,unmatched
seed_97_ko_official-022,글리세린,글리세린,2,,unknown,unmatched
seed_97_ko_official-022,소듐코코일아이세티오네이트,소듐코코일아이세티오네이트,3,,unknown,unmatched
seed_97_ko_official-022,포타슘코코일글리시네이트,포타슘코코일글리시네이트,4,,unknown,unmatched
seed_97_ko_official-022,세테아릴알코올,세테아릴알코올,5,,unknown,unmatched
seed_97_ko_official-022,소듐C14-16올레핀설포네이트,소듐C14-16올레핀설포네이트,6,,unknown,unmatched
seed_97_ko_official-022,아크릴레이트코폴리머,아크릴레이트코폴리머,7,,unknown,unmatched
seed_97_ko_official-022,소듐코코일글루타메이트,소듐코코일글루타메이트,8,,unknown,unmatched
seed_97_ko_official-022,하이드로제네이티드코코넛애씨드,하이드로제네이티드코코넛애씨드,9,,unknown,unmatched
seed_97_ko_official-022,팥씨가루,팥씨가루,10,,unknown,unmatched
seed_97_ko_official-022,콩씨추출물,콩씨추출물,11,,unknown,unmatched
seed_97_ko_official-022,쌀가루,쌀가루,12,,unknown,unmatched
seed_97_ko_official-022,귀리커넬가루,귀리커넬가루,13,,unknown,unmatched
seed_97_ko_official-022,율무씨가루,율무씨가루,14,,unknown,unmatched
seed_97_ko_official-022,녹두씨가루,녹두씨가루,15,,unknown,unmatched
seed_97_ko_official-022,스쿠알란,스쿠알란,16,,unknown,unmatched
seed_97_ko_official-022,메도우폼씨오일,메도우폼씨오일,17,,unknown,unmatched
seed_97_ko_official-022,세라마이드엔피,세라마이드엔피,18,,unknown,unmatched
seed_97_ko_official-022,파이토스핑고신,파이토스핑고신,19,,unknown,unmatched
seed_97_ko_official-022,하이드로제네이티드레시틴,하이드로제네이티드레시틴,20,,unknown,unmatched
seed_97_ko_official-022,소듐아이세티오네이트,소듐아이세티오네이트,21,,unknown,unmatched
seed_97_ko_official-022,포타슘벤조에이트,포타슘벤조에이트,22,,unknown,unmatched
seed_97_ko_official-022,부틸렌글라이콜,부틸렌글라이콜,23,,unknown,unmatched
seed_97_ko_official-022,폴리쿼터늄-67,폴리쿼터늄-67,24,,unknown,unmatched
seed_97_ko_official-022,헥사데센,헥사데센,25,,unknown,unmatched
seed_97_ko_official-022,"1,2-헥산다이올","1,2-헥산다이올",26,,unknown,unmatched
seed_97_ko_official-022,트라이소듐에틸렌다이아민다이석시네이트,트라이소듐에틸렌다이아민다이석시네이트,27,,unknown,unmatched
seed_97_ko_official-022,테트라데센,테트라데센,28,,unknown,unmatched
seed_97_ko_official-022,솔비톨,솔비톨,29,,unknown,unmatched
seed_97_ko_official-022,시트릭애씨드,시트릭애씨드,30,,unknown,unmatched
seed_97_ko_official-023,해바라기씨오일,해바라기씨오일,1,,unknown,unmatched
seed_97_ko_official-023,카프릴릭/카프릭트라이글리세라이드,카프릴릭/카프릭트라이글리세라이드,2,,unknown,unmatched
seed_97_ko_official-023,솔베스-30테트라올리에이트,솔베스-30테트라올리에이트,3,,unknown,unmatched
seed_97_ko_official-023,메도우폼씨오일,메도우폼씨오일,4,,unknown,unmatched
seed_97_ko_official-023,콩오일,콩오일,5,,unknown,unmatched
seed_97_ko_official-023,스쿠알란,스쿠알란,6,,unknown,unmatched
seed_97_ko_official-023,세라마이드엔피,세라마이드엔피,7,,unknown,unmatched
seed_97_ko_official-023,파이토스핑고신,파이토스핑고신,8,,unknown,unmatched
seed_97_ko_official-023,하이드로제네이티드레시틴,하이드로제네이티드레시틴,9,,unknown,unmatched
seed_97_ko_official-023,글리세린,글리세린,10,,unknown,unmatched
seed_97_ko_official-023,로만캐모마일꽃오일,로만캐모마일꽃오일,11,,unknown,unmatched
seed_97_ko_official-023,올리브열매오일,올리브열매오일,12,,unknown,unmatched
seed_97_ko_official-023,카프릴릴글라이콜,카프릴릴글라이콜,13,,unknown,unmatched
seed_97_ko_official-023,에틸헥실글리세린,에틸헥실글리세린,14,,unknown,unmatched
seed_97_ko_official-023,에틸헥실팔미테이트,에틸헥실팔미테이트,15,,unknown,unmatched
seed_97_ko_official-023,카프릴로일살리실릭애씨드,카프릴로일살리실릭애씨드,16,,unknown,unmatched
seed_97_ko_official-023,로즈마리잎오일,로즈마리잎오일,17,,unknown,unmatched
seed_97_ko_official-023,팔마로사오일,팔마로사오일,18,,unknown,unmatched
seed_97_ko_official-023,베르가모트열매오일,베르가모트열매오일,19,,unknown,unmatched
seed_97_ko_official-023,토코페롤,토코페롤,20,,unknown,unmatched
seed_97_ko_official-023,리모넨,리모넨,21,,unknown,unmatched
seed_97_ko_official-023,리날룰,리날룰,22,,unknown,unmatched
seed_97_ko_official-023,제라니올,제라니올,23,,unknown,unmatched
seed_97_ko_official-024,정제수,정제수,1,,unknown,unmatched
seed_97_ko_official-024,글라이신,글라이신,2,,unknown,unmatched
seed_97_ko_official-024,카프릴릭/카프릭트라이글리세라이드,카프릴릭/카프릭트라이글리세라이드,3,,unknown,unmatched
seed_97_ko_official-024,"콩씨추출물 (1,000ppm)",콩씨추출물,4,"1,000ppm",known,unmatched
seed_97_ko_official-024,접시꽃꽃추출물,접시꽃꽃추출물,5,,unknown,unmatched
seed_97_ko_official-024,글리세릴스테아레이트,글리세릴스테아레이트,6,,unknown,unmatched
seed_97_ko_official-024,하이드록시아세토페논,하이드록시아세토페논,7,,unknown,unmatched
seed_97_ko_official-024,부틸렌글라이콜,부틸렌글라이콜,8,,unknown,unmatched
seed_97_ko_official-024,아크릴레이트/C10-30알킬아크릴레이트크로스폴리머,아크릴레이트/C10-30알킬아크릴레이트크로스폴리머,9,,unknown,unmatched
seed_97_ko_official-024,세라마이드엔피,세라마이드엔피,10,,unknown,unmatched
seed_97_ko_official-024,알란토인,알란토인,11,,unknown,unmatched
seed_97_ko_official-024,트로메타민,트로메타민,12,,unknown,unmatched
seed_97_ko_official-024,"1,2-헥산다이올","1,2-헥산다이올",13,,unknown,unmatched
seed_97_ko_official-024,카프릴릴글라이콜,카프릴릴글라이콜,14,,unknown,unmatched
seed_97_ko_official-024,에틸헥실글리세린,에틸헥실글리세린,15,,unknown,unmatched
seed_97_ko_official-024,아데노신,아데노신,16,,unknown,unmatched
seed_97_ko_official-024,다이포타슘글리시리제이트,다이포타슘글리시리제이트,17,,unknown,unmatched
seed_97_ko_official-024,하이드로제네이티드레시틴,하이드로제네이티드레시틴,18,,unknown,unmatched
seed_97_ko_official-024,다이프로필렌글라이콜,다이프로필렌글라이콜,19,,unknown,unmatched
seed_97_ko_official-024,스핑고리피드,스핑고리피드,20,,unknown,unmatched
seed_97_ko_official-024,수크로오스다이스테아레이트,수크로오스다이스테아레이트,21,,unknown,unmatched
seed_97_ko_official-024,콜레스테롤,콜레스테롤,22,,unknown,unmatched
seed_97_ko_official-024,세테아릴알코올,세테아릴알코올,23,,unknown,unmatched
seed_97_ko_official-024,카페인,카페인,24,,unknown,unmatched
seed_97_ko_official-024,잔탄검,잔탄검,25,,unknown,unmatched
seed_97_ko_official-024,다이소듐이디티에이,다이소듐이디티에이,26,,unknown,unmatched
seed_97_ko_official-025,정제수,정제수,1,,unknown,unmatched
seed_97_ko_official-025,글리세린,글리세린,2,,unknown,unmatched
seed_97_ko_official-025,부틸렌글라이콜,부틸렌글라이콜,3,,unknown,unmatched
seed_97_ko_official-025,"1,2-헥산다이올","1,2-헥산다이올",4,,unknown,unmatched
seed_97_ko_official-025,프로판다이올,프로판다이올,5,,unknown,unmatched
seed_97_ko_official-025,메틸글루세스-20,메틸글루세스-20,6,,unknown,unmatched
seed_97_ko_official-025,"콩씨추출물 (5,130ppm)",콩씨추출물,7,"5,130ppm",known,unmatched
seed_97_ko_official-025,레드클로버꽃추출물,레드클로버꽃추출물,8,,unknown,unmatched
seed_97_ko_official-025,메도우폼씨오일,메도우폼씨오일,9,,unknown,unmatched
seed_97_ko_official-025,세라마이드엔피,세라마이드엔피,10,,unknown,unmatched
seed_97_ko_official-025,테트라하이드로피페린,테트라하이드로피페린,11,,unknown,unmatched
seed_97_ko_official-025,플로레틴,플로레틴,12,,unknown,unmatched
seed_97_ko_official-025,스테아릭애씨드,스테아릭애씨드,13,,unknown,unmatched
seed_97_ko_official-025,콜레스테롤,콜레스테롤,14,,unknown,unmatched
seed_97_ko_official-025,테트라아세틸파이토스핑고신,테트라아세틸파이토스핑고신,15,,unknown,unmatched
seed_97_ko_official-025,글라이코스핑고리피드,글라이코스핑고리피드,16,,unknown,unmatched
seed_97_ko_official-025,세라마이드에이피,세라마이드에이피,17,,unknown,unmatched
seed_97_ko_official-025,판테놀 (510ppm),판테놀,18,510ppm,known,unmatched
seed_97_ko_official-025,시트릭애씨드,시트릭애씨드,19,,unknown,unmatched
seed_97_ko_official-025,폴리글리세릴-10올리에이트,폴리글리세릴-10올리에이트,20,,unknown,unmatched
seed_97_ko_official-025,아데노신,아데노신,21,,unknown,unmatched
seed_97_ko_official-025,폴리글리세릴-10스테아레이트,폴리글리세릴-10스테아레이트,22,,unknown,unmatched
seed_97_ko_official-025,세테아릴올리베이트,세테아릴올리베이트,23,,unknown,unmatched
seed_97_ko_official-025,솔비탄올리베이트,솔비탄올리베이트,24,,unknown,unmatched
seed_97_ko_official-025,토코페롤,토코페롤,25,,unknown,unmatched
seed_97_ko_official-025,글루코노락톤,글루코노락톤,26,,unknown,unmatched
seed_97_ko_official-025,카프릴로일살리실릭애씨드,카프릴로일살리실릭애씨드,27,,unknown,unmatched
seed_97_ko_official-025,콩추출물 (0.001ppm),콩추출물,28,0.001ppm,known,unmatched
seed_97_ko_official-025,카프릴릭/카프릭트라이글리세라이드,카프릴릭/카프릭트라이글리세라이드,29,,unknown,unmatched
seed_97_ko_official-025,메틸프로판다이올,메틸프로판다이올,30,,unknown,unmatched
seed_97_ko_official-025,글리세릴스테아레이트,글리세릴스테아레이트,31,,unknown,unmatched
seed_97_ko_official-025,세테아릴알코올,세테아릴알코올,32,,unknown,unmatched
seed_97_ko_official-025,하이드로제네이티드레시틴,하이드로제네이티드레시틴,33,,unknown,unmatched
seed_97_ko_official-025,암모늄아크릴로일다이메틸타우레이트/브이피코폴리머,암모늄아크릴로일다이메틸타우레이트/브이피코폴리머,34,,unknown,unmatched
seed_97_ko_official-025,다이페닐다이메티콘,다이페닐다이메티콘,35,,unknown,unmatched
seed_97_ko_official-025,트라이에틸헥사노인,트라이에틸헥사노인,36,,unknown,unmatched
seed_97_ko_official-025,다이프로필렌글라이콜,다이프로필렌글라이콜,37,,unknown,unmatched
seed_97_ko_official-025,소듐시트레이트,소듐시트레이트,38,,unknown,unmatched
seed_97_ko_official-025,하이드록시아세토페논,하이드록시아세토페논,39,,unknown,unmatched
seed_97_ko_official-025,에틸헥실글리세린,에틸헥실글리세린,40,,unknown,unmatched
seed_97_ko_official-025,알지닌,알지닌,41,,unknown,unmatched
seed_97_ko_official-025,잔탄검,잔탄검,42,,unknown,unmatched
seed_97_ko_official-025,포타슘세틸포스페이트,포타슘세틸포스페이트,43,,unknown,unmatched
seed_97_ko_official-026,정제수,정제수,1,,unknown,unmatched
seed_97_ko_official-026,소듐코코일아이세티오네이트,소듐코코일아이세티오네이트,2,,unknown,unmatched
seed_97_ko_official-026,글리세린,글리세린,3,,unknown,unmatched
seed_97_ko_official-026,라우릴베타인,라우릴베타인,4,,unknown,unmatched
seed_97_ko_official-026,글리세릴스테아레이트,글리세릴스테아레이트,5,,unknown,unmatched
seed_97_ko_official-026,스테아릴알코올,스테아릴알코올,6,,unknown,unmatched
seed_97_ko_official-026,소듐메틸코코일타우레이트,소듐메틸코코일타우레이트,7,,unknown,unmatched
seed_97_ko_official-026,소듐폴리아크릴레이트,소듐폴리아크릴레이트,8,,unknown,unmatched
seed_97_ko_official-026,시트릭애씨드,시트릭애씨드,9,,unknown,unmatched
seed_97_ko_official-026,콩씨추출물,콩씨추출물,10,,unknown,unmatched
seed_97_ko_official-026,부틸렌글라이콜,부틸렌글라이콜,11,,unknown,unmatched
seed_97_ko_official-026,소듐파이테이트,소듐파이테이트,12,,unknown,unmatched
seed_97_ko_official-026,"1,2-헥산다이올","1,2-헥산다이올",13,,unknown,unmatched
seed_97_ko_official-026,다이프로필렌글라이콜,다이프로필렌글라이콜,14,,unknown,unmatched
seed_97_ko_official-026,판테놀,판테놀,15,,unknown,unmatched
seed_97_ko_official-026,하이드로제네이티드레시틴,하이드로제네이티드레시틴,16,,unknown,unmatched
seed_97_ko_official-026,세테아릴올리베이트,세테아릴올리베이트,17,,unknown,unmatched
seed_97_ko_official-026,솔비탄올리베이트,솔비탄올리베이트,18,,unknown,unmatched
seed_97_ko_official-026,에틸헥실글리세린,에틸헥실글리세린,19,,unknown,unmatched
seed_97_ko_official-026,카프릴릭/카프릭트라이글리세라이드,카프릴릭/카프릭트라이글리세라이드,20,,unknown,unmatched
seed_97_ko_official-026,폴리글리세릴-10스테아레이트,폴리글리세릴-10스테아레이트,21,,unknown,unmatched
seed_97_ko_official-026,세라마이드엔피,세라마이드엔피,22,,unknown,unmatched
seed_97_ko_official-026,콜레스테롤,콜레스테롤,23,,unknown,unmatched
seed_97_ko_official-026,스테아릭애씨드,스테아릭애씨드,24,,unknown,unmatched
seed_97_ko_official-027,정제수,정제수,1,,unknown,unmatched
seed_97_ko_official-027,비타민나무수,비타민나무수,2,,unknown,unmatched
seed_97_ko_official-027,글리세린,글리세린,3,,unknown,unmatched
seed_97_ko_official-027,나이아신아마이드,나이아신아마이드,4,,unknown,unmatched
seed_97_ko_official-027,부틸렌글라이콜,부틸렌글라이콜,5,,unknown,unmatched
seed_97_ko_official-027,카프릴릭/카프릭트라이글리세라이드,카프릴릭/카프릭트라이글리세라이드,6,,unknown,unmatched
seed_97_ko_official-027,"1,2-헥산다이올","1,2-헥산다이올",7,,unknown,unmatched
seed_97_ko_official-027,판테놀,판테놀,8,,unknown,unmatched
seed_97_ko_official-027,토코페롤,토코페롤,9,,unknown,unmatched
seed_97_ko_official-027,아스코빌글루코사이드,아스코빌글루코사이드,10,,unknown,unmatched
seed_97_ko_official-027,카보머,카보머,11,,unknown,unmatched
seed_97_ko_official-027,트로메타민,트로메타민,12,,unknown,unmatched
seed_97_ko_official-027,에틸헥실글리세린,에틸헥실글리세린,13,,unknown,unmatched
seed_97_ko_official-027,소듐하이알루로네이트,소듐하이알루로네이트,14,,unknown,unmatched
seed_97_ko_official-027,잔탄검,잔탄검,15,,unknown,unmatched
seed_97_ko_official-027,다이소듐이디티에이,다이소듐이디티에이,16,,unknown,unmatched
seed_97_ko_official-027,글루타티온,글루타티온,17,,unknown,unmatched
seed_97_ko_official-028,정제수,정제수,1,,unknown,unmatched
seed_97_ko_official-028,매실열매수,매실열매수,2,,unknown,unmatched
seed_97_ko_official-028,코카미도프로필하이드록시설테인,코카미도프로필하이드록시설테인,3,,unknown,unmatched
seed_97_ko_official-028,소듐코코일아이세티오네이트,소듐코코일아이세티오네이트,4,,unknown,unmatched
seed_97_ko_official-028,글리세린,글리세린,5,,unknown,unmatched
seed_97_ko_official-028,소듐클로라이드,소듐클로라이드,6,,unknown,unmatched
seed_97_ko_official-028,"1,2-헥산다이올","1,2-헥산다이올",7,,unknown,unmatched
seed_97_ko_official-028,하이드록시아세토페논,하이드록시아세토페논,8,,unknown,unmatched
seed_97_ko_official-028,코코넛애씨드,코코넛애씨드,9,,unknown,unmatched
seed_97_ko_official-028,카프릴릴글라이콜,카프릴릴글라이콜,10,,unknown,unmatched
seed_97_ko_official-028,에틸헥실글리세린,에틸헥실글리세린,11,,unknown,unmatched
seed_97_ko_official-028,시트릭애씨드,시트릭애씨드,12,,unknown,unmatched
seed_97_ko_official-028,다이소듐이디티에이,다이소듐이디티에이,13,,unknown,unmatched
seed_97_ko_official-028,녹두씨추출물,녹두씨추출물,14,,unknown,unmatched
seed_97_ko_official-028,소듐아이세티오네이트,소듐아이세티오네이트,15,,unknown,unmatched
seed_97_ko_official-028,구아하이드록시프로필트라이모늄클로라이드,구아하이드록시프로필트라이모늄클로라이드,16,,unknown,unmatched
seed_97_ko_official-028,덱스트린,덱스트린,17,,unknown,unmatched
seed_97_ko_official-028,님잎추출물,님잎추출물,18,,unknown,unmatched
seed_97_ko_official-028,님꽃추출물,님꽃추출물,19,,unknown,unmatched
seed_97_ko_official-028,치자열매추출물,치자열매추출물,20,,unknown,unmatched
seed_97_ko_official-028,프로필렌글라이콜라우레이트,프로필렌글라이콜라우레이트,21,,unknown,unmatched
seed_97_ko_official-028,소듐시트레이트,소듐시트레이트,22,,unknown,unmatched
seed_97_ko_official-028,부틸렌글라이콜,부틸렌글라이콜,23,,unknown,unmatched
seed_97_ko_official-028,녹차잎추출물,녹차잎추출물,24,,unknown,unmatched
seed_97_ko_official-028,어성초추출물,어성초추출물,25,,unknown,unmatched
seed_97_ko_official-028,연꽃꽃추출물,연꽃꽃추출물,26,,unknown,unmatched
seed_97_ko_official-028,쌀추출물,쌀추출물,27,,unknown,unmatched
seed_97_ko_official-028,매실열매추출물,매실열매추출물,28,,unknown,unmatched
seed_97_ko_official-028,블루베리열매추출물,블루베리열매추출물,29,,unknown,unmatched
seed_97_ko_official-029,정제수,정제수,1,,unknown,unmatched
seed_97_ko_official-029,매실열매수,매실열매수,2,,unknown,unmatched
seed_97_ko_official-029,다이프로필렌글라이콜,다이프로필렌글라이콜,3,,unknown,unmatched
seed_97_ko_official-029,글리세린,글리세린,4,,unknown,unmatched
seed_97_ko_official-029,글라이콜릭애씨드,글라이콜릭애씨드,5,,unknown,unmatched
seed_97_ko_official-029,부틸렌글라이콜,부틸렌글라이콜,6,,unknown,unmatched
seed_97_ko_official-029,트로메타민,트로메타민,7,,unknown,unmatched
seed_97_ko_official-029,"1,2-헥산다이올","1,2-헥산다이올",8,,unknown,unmatched
seed_97_ko_official-029,하이드록시아세토페논,하이드록시아세토페논,9,,unknown,unmatched
seed_97_ko_official-029,살리실릭애씨드,살리실릭애씨드,10,,unknown,unmatched
seed_97_ko_official-029,에틸헥실글리세린,에틸헥실글리세린,11,,unknown,unmatched
seed_97_ko_official-029,녹두씨추출물,녹두씨추출물,12,,unknown,unmatched
seed_97_ko_official-029,다이소듐이디티에이,다이소듐이디티에이,13,,unknown,unmatched
seed_97_ko_official-029,님잎추출물,님잎추출물,14,,unknown,unmatched
seed_97_ko_official-029,님꽃추출물,님꽃추출물,15,,unknown,unmatched
seed_97_ko_official-029,코키니아인디카열매추출물,코키니아인디카열매추출물,16,,unknown,unmatched
seed_97_ko_official-029,홀리바질잎추출물,홀리바질잎추출물,17,,unknown,unmatched
seed_97_ko_official-029,울금뿌리추출물,울금뿌리추출물,18,,unknown,unmatched
seed_97_ko_official-029,알로에베라꽃추출물,알로에베라꽃추출물,19,,unknown,unmatched
seed_97_ko_official-029,가지열매추출물,가지열매추출물,20,,unknown,unmatched
seed_97_ko_official-029,산호말추출물,산호말추출물,21,,unknown,unmatched
seed_97_ko_official-029,C12-14파레스-12,C12-14파레스-12,22,,unknown,unmatched
seed_97_ko_official-029,잔탄검,잔탄검,23,,unknown,unmatched
seed_97_ko_official-029,옥틸도데세스-16,옥틸도데세스-16,24,,unknown,unmatched
seed_97_ko_official-030,정제수,정제수,1,,unknown,unmatched
seed_97_ko_official-030,글리세린,글리세린,2,,unknown,unmatched
seed_97_ko_official-030,하이드로제네이티드폴리데센,하이드로제네이티드폴리데센,3,,unknown,unmatched
seed_97_ko_official-030,"1,2-헥산다이올","1,2-헥산다이올",4,,unknown,unmatched
seed_97_ko_official-030,나이아신아마이드,나이아신아마이드,5,,unknown,unmatched
seed_97_ko_official-030,스쿠알란,스쿠알란,6,,unknown,unmatched
seed_97_ko_official-030,부틸렌글라이콜,부틸렌글라이콜,7,,unknown,unmatched
seed_97_ko_official-030,프로판다이올,프로판다이올,8,,unknown,unmatched
seed_97_ko_official-030,부틸렌글라이콜다이카프릴레이트/다이카프레이트,부틸렌글라이콜다이카프릴레이트/다이카프레이트,9,,unknown,unmatched
seed_97_ko_official-030,세테아릴올리베이트,세테아릴올리베이트,10,,unknown,unmatched
seed_97_ko_official-030,솔비탄올리베이트,솔비탄올리베이트,11,,unknown,unmatched
seed_97_ko_official-030,암모늄아크릴로일다이메틸타우레이트/브이피코폴리머,암모늄아크릴로일다이메틸타우레이트/브이피코폴리머,12,,unknown,unmatched
seed_97_ko_official-030,잔탄검,잔탄검,13,,unknown,unmatched
seed_97_ko_official-030,인삼뿌리수,인삼뿌리수,14,,unknown,unmatched
seed_97_ko_official-030,아크릴레이트/C10-30알킬아크릴레이트크로스폴리머,아크릴레이트/C10-30알킬아크릴레이트크로스폴리머,15,,unknown,unmatched
seed_97_ko_official-030,트로메타민,트로메타민,16,,unknown,unmatched
seed_97_ko_official-030,홍화씨오일,홍화씨오일,17,,unknown,unmatched
seed_97_ko_official-030,하이드로제네이티드코코넛오일,하이드로제네이티드코코넛오일,18,,unknown,unmatched
seed_97_ko_official-030,글리세릴아크릴레이트/아크릴릭애씨드코폴리머,글리세릴아크릴레이트/아크릴릭애씨드코폴리머,19,,unknown,unmatched
seed_97_ko_official-030,쌀겨수,쌀겨수,20,,unknown,unmatched
seed_97_ko_official-030,에틸헥실글리세린,에틸헥실글리세린,21,,unknown,unmatched
seed_97_ko_official-030,아데노신,아데노신,22,,unknown,unmatched
seed_97_ko_official-030,카프릴릭/카프릭트라이글리세라이드,카프릴릭/카프릭트라이글리세라이드,23,,unknown,unmatched
seed_97_ko_official-030,다이소듐이디티에이,다이소듐이디티에이,24,,unknown,unmatched
seed_97_ko_official-030,하이알루로닉애씨드,하이알루로닉애씨드,25,,unknown,unmatched
seed_97_ko_official-030,하이드롤라이즈드하이알루로닉애씨드,하이드롤라이즈드하이알루로닉애씨드,26,,unknown,unmatched
seed_97_ko_official-030,소듐하이알루로네이트,소듐하이알루로네이트,27,,unknown,unmatched
seed_97_ko_official-030,꿀추출물,꿀추출물,28,,unknown,unmatched
seed_97_ko_official-030,세라마이드엔피,세라마이드엔피,29,,unknown,unmatched
seed_97_ko_official-030,하이드로제네이티드레시틴,하이드로제네이티드레시틴,30,,unknown,unmatched
seed_97_ko_official-030,황련뿌리추출물,황련뿌리추출물,31,,unknown,unmatched
seed_97_ko_official-030,무씨추출물,무씨추출물,32,,unknown,unmatched
seed_97_ko_official-030,카카오씨추출물,카카오씨추출물,33,,unknown,unmatched
seed_97_ko_official-030,구기자열매추출물,구기자열매추출물,34,,unknown,unmatched
seed_97_ko_official-030,덱스트린,덱스트린,35,,unknown,unmatched
seed_97_ko_official-030,상황버섯추출물,상황버섯추출물,36,,unknown,unmatched
seed_97_ko_official-030,황금뿌리추출물,황금뿌리추출물,37,,unknown,unmatched
seed_97_ko_official-031,정제수,정제수,1,,unknown,unmatched
seed_97_ko_official-031,다이프로필렌글라이콜,다이프로필렌글라이콜,2,,unknown,unmatched
seed_97_ko_official-031,글리세린,글리세린,3,,unknown,unmatched
seed_97_ko_official-031,부틸렌글라이콜,부틸렌글라이콜,4,,unknown,unmatched
seed_97_ko_official-031,프로폴리스추출물,프로폴리스추출물,5,,unknown,unmatched
seed_97_ko_official-031,나이아신아마이드,나이아신아마이드,6,,unknown,unmatched
seed_97_ko_official-031,"1,2-헥산다이올","1,2-헥산다이올",7,,unknown,unmatched
seed_97_ko_official-031,베타인살리실레이트,베타인살리실레이트,8,,unknown,unmatched
seed_97_ko_official-031,소듐폴리아크릴로일다이메틸타우레이트,소듐폴리아크릴로일다이메틸타우레이트,9,,unknown,unmatched
seed_97_ko_official-031,트로메타민,트로메타민,10,,unknown,unmatched
seed_97_ko_official-031,폴리글리세릴-10라우레이트,폴리글리세릴-10라우레이트,11,,unknown,unmatched
seed_97_ko_official-031,잔탄검,잔탄검,12,,unknown,unmatched
seed_97_ko_official-031,카보머,카보머,13,,unknown,unmatched
seed_97_ko_official-031,에틸헥실글리세린,에틸헥실글리세린,14,,unknown,unmatched
seed_97_ko_official-031,님꽃추출물,님꽃추출물,15,,unknown,unmatched
seed_97_ko_official-031,홀리바질잎추출물,홀리바질잎추출물,16,,unknown,unmatched
seed_97_ko_official-031,님잎추출물,님잎추출물,17,,unknown,unmatched
seed_97_ko_official-031,소듐하이알루로네이트,소듐하이알루로네이트,18,,unknown,unmatched
seed_97_ko_official-031,울금뿌리추출물,울금뿌리추출물,19,,unknown,unmatched
seed_97_ko_official-031,덱스트린,덱스트린,20,,unknown,unmatched
seed_97_ko_official-031,카카오추출물,카카오추출물,21,,unknown,unmatched
seed_97_ko_official-031,산호말추출물,산호말추출물,22,,unknown,unmatched
seed_97_ko_official-031,티트리추출물,티트리추출물,23,,unknown,unmatched
seed_97_ko_official-031,병풀추출물,병풀추출물,24,,unknown,unmatched
seed_97_ko_official-031,메틸프로판다이올,메틸프로판다이올,25,,unknown,unmatched
seed_97_ko_official-031,벌노랑이씨추출물,벌노랑이씨추출물,26,,unknown,unmatched
seed_97_ko_official-031,펜틸렌글라이콜,펜틸렌글라이콜,27,,unknown,unmatched
seed_97_ko_official-031,옥탄다이올,옥탄다이올,28,,unknown,unmatched
seed_97_ko_official-031,타마누씨오일,타마누씨오일,29,,unknown,unmatched
seed_97_ko_official-031,토코페롤,토코페롤,30,,unknown,unmatched
seed_97_ko_official-032,정제수,정제수,1,,unknown,unmatched
seed_97_ko_official-032,3-O-에틸아스코빅애씨드,3-O-에틸아스코빅애씨드,2,,unknown,unmatched
seed_97_ko_official-032,글리세린,글리세린,3,,unknown,unmatched
seed_97_ko_official-032,프로판다이올,프로판다이올,4,,unknown,unmatched
seed_97_ko_official-032,"1,2-헥산다이올","1,2-헥산다이올",5,,unknown,unmatched
seed_97_ko_official-032,베타인,베타인,6,,unknown,unmatched
seed_97_ko_official-032,판테놀,판테놀,7,,unknown,unmatched
seed_97_ko_official-032,메틸트라이메티콘,메틸트라이메티콘,8,,unknown,unmatched
seed_97_ko_official-032,세틸에틸헥사노에이트,세틸에틸헥사노에이트,9,,unknown,unmatched
seed_97_ko_official-032,다이카프릴릴카보네이트,다이카프릴릴카보네이트,10,,unknown,unmatched
seed_97_ko_official-032,세테아릴알코올,세테아릴알코올,11,,unknown,unmatched
seed_97_ko_official-032,병풀추출물,병풀추출물,12,,unknown,unmatched
seed_97_ko_official-032,다이메티콘/비닐다이메티콘크로스폴리머,다이메티콘/비닐다이메티콘크로스폴리머,13,,unknown,unmatched
seed_97_ko_official-032,세테아릴올리베이트,세테아릴올리베이트,14,,unknown,unmatched
seed_97_ko_official-032,비사보롤,비사보롤,15,,unknown,unmatched
seed_97_ko_official-032,포타슘세틸포스페이트,포타슘세틸포스페이트,16,,unknown,unmatched
seed_97_ko_official-032,실리카,실리카,17,,unknown,unmatched
seed_97_ko_official-032,솔비탄올리베이트,솔비탄올리베이트,18,,unknown,unmatched
seed_97_ko_official-032,다이프로필렌글라이콜,다이프로필렌글라이콜,19,,unknown,unmatched
seed_97_ko_official-032,하이드록시에틸아크릴레이트/소듐아크릴로일다이메틸타우레이트코폴리머,하이드록시에틸아크릴레이트/소듐아크릴로일다이메틸타우레이트코폴리머,20,,unknown,unmatched
seed_97_ko_official-032,암모늄아크릴로일다이메틸타우레이트/베헤네스-25메타크릴레이트크로스폴리머,암모늄아크릴로일다이메틸타우레이트/베헤네스-25메타크릴레이트크로스폴리머,21,,unknown,unmatched
seed_97_ko_official-032,한련초잎추출물,한련초잎추출물,22,,unknown,unmatched
seed_97_ko_official-032,다시마추출물,다시마추출물,23,,unknown,unmatched
seed_97_ko_official-032,하이드롤라이즈드호호바에스터,하이드롤라이즈드호호바에스터,24,,unknown,unmatched
seed_97_ko_official-032,하이드록시아세토페논,하이드록시아세토페논,25,,unknown,unmatched
seed_97_ko_official-032,에틸헥실글리세린,에틸헥실글리세린,26,,unknown,unmatched
seed_97_ko_official-032,잔탄검,잔탄검,27,,unknown,unmatched
seed_97_ko_official-032,에탄올,에탄올,28,,unknown,unmatched
seed_97_ko_official-032,폴리글리세릴-10미리스테이트,폴리글리세릴-10미리스테이트,29,,unknown,unmatched
seed_97_ko_official-032,프룩토올리고사카라이드,프룩토올리고사카라이드,30,,unknown,unmatched
seed_97_ko_official-032,아데노신,아데노신,31,,unknown,unmatched
seed_97_ko_official-032,부틸렌글라이콜,부틸렌글라이콜,32,,unknown,unmatched
seed_97_ko_official-032,하이드로제네이티드레시틴,하이드로제네이티드레시틴,33,,unknown,unmatched
seed_97_ko_official-032,베타-글루칸,베타-글루칸,34,,unknown,unmatched
seed_97_ko_official-032,솔비탄아이소스테아레이트,솔비탄아이소스테아레이트,35,,unknown,unmatched
seed_97_ko_official-032,하이드롤라이즈드하이알루로닉애씨드,하이드롤라이즈드하이알루로닉애씨드,36,,unknown,unmatched
seed_97_ko_official-032,황벽나무나무껍질추출물,황벽나무나무껍질추출물,37,,unknown,unmatched
seed_97_ko_official-032,토코페롤,토코페롤,38,,unknown,unmatched
seed_97_ko_official-032,말토덱스트린,말토덱스트린,39,,unknown,unmatched
seed_97_ko_official-032,카보머,카보머,40,,unknown,unmatched
seed_97_ko_official-032,알지닌,알지닌,41,,unknown,unmatched
seed_97_ko_official-032,가수분해치자추출물,가수분해치자추출물,42,,unknown,unmatched
seed_97_ko_official-032,귤껍질추출물,귤껍질추출물,43,,unknown,unmatched
seed_97_ko_official-032,케일잎추출물,케일잎추출물,44,,unknown,unmatched
seed_97_ko_official-032,아스코빅애씨드폴리펩타이드,아스코빅애씨드폴리펩타이드,45,,unknown,unmatched
seed_97_ko_official-033,정제수,정제수,1,,unknown,unmatched
seed_97_ko_official-033,녹차잎수,녹차잎수,2,,unknown,unmatched
seed_97_ko_official-033,메틸프로판다이올,메틸프로판다이올,3,,unknown,unmatched
seed_97_ko_official-033,"1,2-헥산다이올","1,2-헥산다이올",4,,unknown,unmatched
seed_97_ko_official-033,나이아신아마이드,나이아신아마이드,5,,unknown,unmatched
seed_97_ko_official-033,글리세린,글리세린,6,,unknown,unmatched
seed_97_ko_official-033,메틸글루세스-20,메틸글루세스-20,7,,unknown,unmatched
seed_97_ko_official-033,부틸렌글라이콜,부틸렌글라이콜,8,,unknown,unmatched
seed_97_ko_official-033,암모늄아크릴로일다이메틸타우레이트/브이피코폴리머,암모늄아크릴로일다이메틸타우레이트/브이피코폴리머,9,,unknown,unmatched
seed_97_ko_official-033,소듐아크릴릭애씨드/엠에이코폴리머,소듐아크릴릭애씨드/엠에이코폴리머,10,,unknown,unmatched
seed_97_ko_official-033,소듐하이알루로네이트,소듐하이알루로네이트,11,,unknown,unmatched
seed_97_ko_official-033,에틸헥실글리세린,에틸헥실글리세린,12,,unknown,unmatched
seed_97_ko_official-033,카보머,카보머,13,,unknown,unmatched
seed_97_ko_official-033,마카다미아씨오일,마카다미아씨오일,14,,unknown,unmatched
seed_97_ko_official-033,트로메타민,트로메타민,15,,unknown,unmatched
seed_97_ko_official-033,잔탄검,잔탄검,16,,unknown,unmatched
seed_97_ko_official-033,판테놀,판테놀,17,,unknown,unmatched
seed_97_ko_official-033,아데노신,아데노신,18,,unknown,unmatched
seed_97_ko_official-033,황련뿌리추출물,황련뿌리추출물,19,,unknown,unmatched
seed_97_ko_official-033,소듐파이테이트,소듐파이테이트,20,,unknown,unmatched
seed_97_ko_official-033,트라이소듐에틸렌다이아민다이석시네이트,트라이소듐에틸렌다이아민다이석시네이트,21,,unknown,unmatched
seed_97_ko_official-033,카프릴릴글라이콜,카프릴릴글라이콜,22,,unknown,unmatched
seed_97_ko_official-033,하이드로제네이티드레시틴,하이드로제네이티드레시틴,23,,unknown,unmatched
seed_97_ko_official-033,말라카이트추출물,말라카이트추출물,24,,unknown,unmatched
seed_97_ko_official-033,병풀추출물,병풀추출물,25,,unknown,unmatched
seed_97_ko_official-033,무화과열매추출물,무화과열매추출물,26,,unknown,unmatched
seed_97_ko_official-033,알지닌,알지닌,27,,unknown,unmatched
seed_97_ko_official-033,락토코쿠스발효용해물,락토코쿠스발효용해물,28,,unknown,unmatched
seed_97_ko_official-033,세라마이드엔피,세라마이드엔피,29,,unknown,unmatched
seed_97_ko_official-033,프룩토올리고사카라이드,프룩토올리고사카라이드,30,,unknown,unmatched
seed_97_ko_official-033,글라이코리피드,글라이코리피드,31,,unknown,unmatched
seed_97_ko_official-033,향부자뿌리추출물,향부자뿌리추출물,32,,unknown,unmatched
seed_97_ko_official-033,소듐클로라이드,소듐클로라이드,33,,unknown,unmatched
seed_97_ko_official-034,정제수,정제수,1,,unknown,unmatched
seed_97_ko_official-034,부틸렌글라이콜,부틸렌글라이콜,2,,unknown,unmatched
seed_97_ko_official-034,메틸글루세스-20,메틸글루세스-20,3,,unknown,unmatched
seed_97_ko_official-034,"1,2-헥산다이올","1,2-헥산다이올",4,,unknown,unmatched
seed_97_ko_official-034,나이아신아마이드,나이아신아마이드,5,,unknown,unmatched
seed_97_ko_official-034,글리세린,글리세린,6,,unknown,unmatched
seed_97_ko_official-034,폴리솔베이트20,폴리솔베이트20,7,,unknown,unmatched
seed_97_ko_official-034,글리세레스-26,글리세레스-26,8,,unknown,unmatched
seed_97_ko_official-034,스쿠알란,스쿠알란,9,,unknown,unmatched
seed_97_ko_official-034,카보머,카보머,10,,unknown,unmatched
seed_97_ko_official-034,트로메타민,트로메타민,11,,unknown,unmatched
seed_97_ko_official-034,에틸헥실글리세린,에틸헥실글리세린,12,,unknown,unmatched
seed_97_ko_official-034,잔탄검,잔탄검,13,,unknown,unmatched
seed_97_ko_official-034,아데노신,아데노신,14,,unknown,unmatched
seed_97_ko_official-034,다이소듐이디티에이,다이소듐이디티에이,15,,unknown,unmatched
seed_97_ko_official-034,하이드로제네이티드레시틴,하이드로제네이티드레시틴,16,,unknown,unmatched
seed_97_ko_official-034,황련뿌리추출물,황련뿌리추출물,17,,unknown,unmatched
seed_97_ko_official-034,병풀추출물,병풀추출물,18,,unknown,unmatched
seed_97_ko_official-034,무화과열매추출물,무화과열매추출물,19,,unknown,unmatched
seed_97_ko_official-034,참마뿌리추출물,참마뿌리추출물,20,,unknown,unmatched
seed_97_ko_official-034,소듐디엔에이,소듐디엔에이,21,,unknown,unmatched
seed_97_ko_official-034,팥씨추출물,팥씨추출물,22,,unknown,unmatched
seed_97_ko_official-034,하이드롤라이즈드옥수수전분,하이드롤라이즈드옥수수전분,23,,unknown,unmatched
seed_97_ko_official-034,세라마이드엔피,세라마이드엔피,24,,unknown,unmatched
seed_97_ko_official-034,베타-글루칸,베타-글루칸,25,,unknown,unmatched
seed_97_ko_official-034,수크로오스,수크로오스,26,,unknown,unmatched
seed_97_ko_official-034,다이펩타이드다이아미노부티로일벤질아마이드다이아세테이트,다이펩타이드다이아미노부티로일벤질아마이드다이아세테이트,27,,unknown,unmatched
seed_97_ko_official-035,정제수,정제수,1,,unknown,unmatched
seed_97_ko_official-035,글리세린,글리세린,2,,unknown,unmatched
seed_97_ko_official-035,카올린,카올린,3,,unknown,unmatched
seed_97_ko_official-035,카프릴릭/카프릭트라이글리세라이드,카프릴릭/카프릭트라이글리세라이드,4,,unknown,unmatched
seed_97_ko_official-035,"1,2-헥산다이올","1,2-헥산다이올",5,,unknown,unmatched
seed_97_ko_official-035,팥씨가루,팥씨가루,6,,unknown,unmatched
seed_97_ko_official-035,헥토라이트,헥토라이트,7,,unknown,unmatched
seed_97_ko_official-035,세틸알코올,세틸알코올,8,,unknown,unmatched
seed_97_ko_official-035,글리세릴스테아레이트에스이,글리세릴스테아레이트에스이,9,,unknown,unmatched
seed_97_ko_official-035,세테아릴올리베이트,세테아릴올리베이트,10,,unknown,unmatched
seed_97_ko_official-035,솔비탄올리베이트,솔비탄올리베이트,11,,unknown,unmatched
seed_97_ko_official-035,팥씨추출물,팥씨추출물,12,,unknown,unmatched
seed_97_ko_official-035,울트라마린,울트라마린,13,,unknown,unmatched
seed_97_ko_official-035,배열매추출물,배열매추출물,14,,unknown,unmatched
seed_97_ko_official-035,에틸헥실글리세린,에틸헥실글리세린,15,,unknown,unmatched
seed_97_ko_official-035,소듐아크릴레이트/소듐아크릴로일다이메틸타우레이트코폴리머,소듐아크릴레이트/소듐아크릴로일다이메틸타우레이트코폴리머,16,,unknown,unmatched
seed_97_ko_official-035,아이비잎/줄기추출물,아이비잎/줄기추출물,17,,unknown,unmatched
seed_97_ko_official-035,폴리아이소부텐,폴리아이소부텐,18,,unknown,unmatched
seed_97_ko_official-035,딸기열매추출물,딸기열매추출물,19,,unknown,unmatched
seed_97_ko_official-035,사과잎추출물,사과잎추출물,20,,unknown,unmatched
seed_97_ko_official-035,적색산화철(CI 77491),적색산화철(CI 77491),21,,unknown,unmatched
seed_97_ko_official-035,카프릴릴/카프릴글루코사이드,카프릴릴/카프릴글루코사이드,22,,unknown,unmatched
seed_97_ko_official-035,솔비탄올리에이트,솔비탄올리에이트,23,,unknown,unmatched
seed_97_ko_official-035,트라이에톡시카프릴릴실레인,트라이에톡시카프릴릴실레인,24,,unknown,unmatched
seed_97_ko_official-036,정제수,정제수,1,,unknown,unmatched
seed_97_ko_official-036,부틸렌글라이콜,부틸렌글라이콜,2,,unknown,unmatched
seed_97_ko_official-036,글리세린,글리세린,3,,unknown,unmatched
seed_97_ko_official-036,"1,2-헥산다이올","1,2-헥산다이올",4,,unknown,unmatched
seed_97_ko_official-036,메틸트라이메티콘,메틸트라이메티콘,5,,unknown,unmatched
seed_97_ko_official-036,팥씨추출물,팥씨추출물,6,,unknown,unmatched
seed_97_ko_official-036,아크릴레이트/C10-30알킬아크릴레이트크로스폴리머,아크릴레이트/C10-30알킬아크릴레이트크로스폴리머,7,,unknown,unmatched
seed_97_ko_official-036,트로메타민,트로메타민,8,,unknown,unmatched
seed_97_ko_official-036,글리세릴글루코사이드,글리세릴글루코사이드,9,,unknown,unmatched
seed_97_ko_official-036,C12-14알케스-12,C12-14알케스-12,10,,unknown,unmatched
seed_97_ko_official-036,말토덱스트린,말토덱스트린,11,,unknown,unmatched
seed_97_ko_official-036,암모늄아크릴로일다이메틸타우레이트/브이피코폴리머,암모늄아크릴로일다이메틸타우레이트/브이피코폴리머,12,,unknown,unmatched
seed_97_ko_official-036,다이메티콘/비닐다이메티콘크로스폴리머,다이메티콘/비닐다이메티콘크로스폴리머,13,,unknown,unmatched
seed_97_ko_official-036,다이메티콘크로스폴리머,다이메티콘크로스폴리머,14,,unknown,unmatched
seed_97_ko_official-036,에틸헥실글리세린,에틸헥실글리세린,15,,unknown,unmatched
seed_97_ko_official-036,베타인,베타인,16,,unknown,unmatched
seed_97_ko_official-036,판테놀,판테놀,17,,unknown,unmatched
seed_97_ko_official-036,알란토인,알란토인,18,,unknown,unmatched
seed_97_ko_official-036,다이포타슘글리시리제이트,다이포타슘글리시리제이트,19,,unknown,unmatched
seed_97_ko_official-036,폴리쿼터늄-51,폴리쿼터늄-51,20,,unknown,unmatched
seed_97_ko_official-036,잔탄검,잔탄검,21,,unknown,unmatched
seed_97_ko_official-036,다이소듐이디티에이,다이소듐이디티에이,22,,unknown,unmatched
seed_97_ko_official-036,글리세릴아크릴레이트/아크릴릭애씨드코폴리머,글리세릴아크릴레이트/아크릴릭애씨드코폴리머,23,,unknown,unmatched
seed_97_ko_official-036,참마뿌리추출물,참마뿌리추출물,24,,unknown,unmatched
seed_97_ko_official-036,글루코오스,글루코오스,25,,unknown,unmatched
seed_97_ko_official-036,소듐시트레이트,소듐시트레이트,26,,unknown,unmatched
seed_97_ko_official-036,베타-글루칸,베타-글루칸,27,,unknown,unmatched
seed_97_ko_official-036,하이드롤라이즈드옥수수전분,하이드롤라이즈드옥수수전분,28,,unknown,unmatched
seed_97_ko_official-036,시트릭애씨드,시트릭애씨드,29,,unknown,unmatched
seed_97_ko_official-036,수크로오스,수크로오스,30,,unknown,unmatched
seed_97_ko_official-036,마그네슘아스코빌포스페이트,마그네슘아스코빌포스페이트,31,,unknown,unmatched
seed_97_ko_official-036,카프릴릴글라이콜,카프릴릴글라이콜,32,,unknown,unmatched
seed_97_ko_official-036,해바라기씨오일,해바라기씨오일,33,,unknown,unmatched
seed_97_ko_official-036,토코페롤,토코페롤,34,,unknown,unmatched
seed_97_ko_official-036,시아노코발라민,시아노코발라민,35,,unknown,unmatched
seed_97_ko_official-036,글라이신,글라이신,36,,unknown,unmatched
seed_97_ko_official-036,세린,세린,37,,unknown,unmatched
seed_97_ko_official-036,글루타믹애씨드,글루타믹애씨드,38,,unknown,unmatched
seed_97_ko_official-036,아스파틱애씨드,아스파틱애씨드,39,,unknown,unmatched
seed_97_ko_official-036,류신,류신,40,,unknown,unmatched
seed_97_ko_official-036,아세틸헥사펩타이드-8,아세틸헥사펩타이드-8,41,,unknown,unmatched
seed_97_ko_official-036,알라닌,알라닌,42,,unknown,unmatched
seed_97_ko_official-036,라이신,라이신,43,,unknown,unmatched
seed_97_ko_official-036,알지닌,알지닌,44,,unknown,unmatched
seed_97_ko_official-036,타이로신,타이로신,45,,unknown,unmatched
seed_97_ko_official-036,페닐알라닌,페닐알라닌,46,,unknown,unmatched
seed_97_ko_official-036,프롤린,프롤린,47,,unknown,unmatched
seed_97_ko_official-036,트레오닌,트레오닌,48,,unknown,unmatched
seed_97_ko_official-036,발린,발린,49,,unknown,unmatched
seed_97_ko_official-036,아이소류신,아이소류신,50,,unknown,unmatched
seed_97_ko_official-036,히스티딘,히스티딘,51,,unknown,unmatched
seed_97_ko_official-036,시스테인,시스테인,52,,unknown,unmatched
seed_97_ko_official-036,메티오닌,메티오닌,53,,unknown,unmatched
seed_97_ko_official-036,포스포릭애씨드,포스포릭애씨드,54,,unknown,unmatched
seed_97_ko_official-036,아스코빅애씨드,아스코빅애씨드,55,,unknown,unmatched
seed_97_ko_official-036,에스에이치-올리고펩타이드-1,에스에이치-올리고펩타이드-1,56,,unknown,unmatched
seed_97_ko_official-036,에스에이치-올리고펩타이드-2,에스에이치-올리고펩타이드-2,57,,unknown,unmatched
seed_97_ko_official-036,에스에이치-폴리펩타이드-1,에스에이치-폴리펩타이드-1,58,,unknown,unmatched
seed_97_ko_official-037,정제수,정제수,1,,unknown,unmatched
seed_97_ko_official-037,글리세린,글리세린,2,,unknown,unmatched
seed_97_ko_official-037,부틸렌글라이콜,부틸렌글라이콜,3,,unknown,unmatched
seed_97_ko_official-037,병풀추출물,병풀추출물,4,,unknown,unmatched
seed_97_ko_official-037,"1,2-헥산다이올","1,2-헥산다이올",5,,unknown,unmatched
seed_97_ko_official-037,셀룰로오스검,셀룰로오스검,6,,unknown,unmatched
seed_97_ko_official-037,에틸헥실글리세린,에틸헥실글리세린,7,,unknown,unmatched
seed_97_ko_official-038,정제수,정제수,1,,unknown,unmatched
seed_97_ko_official-038,다이프로필렌글라이콜,다이프로필렌글라이콜,2,,unknown,unmatched
seed_97_ko_official-038,"병풀추출물 (25,715ppm)",병풀추출물,3,"25,715ppm",known,unmatched
seed_97_ko_official-038,"1,2-헥산다이올","1,2-헥산다이올",4,,unknown,unmatched
seed_97_ko_official-038,나이아신아마이드,나이아신아마이드,5,,unknown,unmatched
seed_97_ko_official-038,소듐시트레이트,소듐시트레이트,6,,unknown,unmatched
seed_97_ko_official-038,글루코노락톤,글루코노락톤,7,,unknown,unmatched
seed_97_ko_official-038,에틸헥실글리세린,에틸헥실글리세린,8,,unknown,unmatched
seed_97_ko_official-038,아데노신,아데노신,9,,unknown,unmatched
seed_97_ko_official-038,다이소듐이디티에이,다이소듐이디티에이,10,,unknown,unmatched
seed_97_ko_official-038,다이포타슘글리시리제이트,다이포타슘글리시리제이트,11,,unknown,unmatched
seed_97_ko_official-038,베타인,베타인,12,,unknown,unmatched
seed_97_ko_official-038,하이알루로닉애씨드,하이알루로닉애씨드,13,,unknown,unmatched
seed_97_ko_official-038,카보머,카보머,14,,unknown,unmatched
seed_97_ko_official-038,트로메타민,트로메타민,15,,unknown,unmatched
seed_97_ko_official-039,정제수,정제수,1,,unknown,unmatched
seed_97_ko_official-039,글리세린,글리세린,2,,unknown,unmatched
seed_97_ko_official-039,프로판다이올,프로판다이올,3,,unknown,unmatched
seed_97_ko_official-039,다이프로필렌글라이콜,다이프로필렌글라이콜,4,,unknown,unmatched
seed_97_ko_official-039,사이클로펜타실록세인,사이클로펜타실록세인,5,,unknown,unmatched
seed_97_ko_official-039,"병풀추출물 (22,124ppm)",병풀추출물,6,"22,124ppm",known,unmatched
seed_97_ko_official-039,"1,2-헥산다이올","1,2-헥산다이올",7,,unknown,unmatched
seed_97_ko_official-039,사이클로헥사실록세인,사이클로헥사실록세인,8,,unknown,unmatched
seed_97_ko_official-039,트레할로오스,트레할로오스,9,,unknown,unmatched
seed_97_ko_official-039,카프릴릴메티콘,카프릴릴메티콘,10,,unknown,unmatched
seed_97_ko_official-039,C12-14파레스-12,C12-14파레스-12,11,,unknown,unmatched
seed_97_ko_official-039,카보머,카보머,12,,unknown,unmatched
seed_97_ko_official-039,트로메타민,트로메타민,13,,unknown,unmatched
seed_97_ko_official-039,C30-45알킬세테아릴다이메티콘크로스폴리머,C30-45알킬세테아릴다이메티콘크로스폴리머,14,,unknown,unmatched
seed_97_ko_official-039,암모늄아크릴로일다이메틸타우레이트/브이피코폴리머,암모늄아크릴로일다이메틸타우레이트/브이피코폴리머,15,,unknown,unmatched
seed_97_ko_official-039,부틸렌글라이콜,부틸렌글라이콜,16,,unknown,unmatched
seed_97_ko_official-039,잔탄검,잔탄검,17,,unknown,unmatched
seed_97_ko_official-039,생강뿌리추출물,생강뿌리추출물,18,,unknown,unmatched
seed_97_ko_official-039,페퍼민트잎추출물,페퍼민트잎추출물,19,,unknown,unmatched
seed_97_ko_official-039,에틸헥실글리세린,에틸헥실글리세린,20,,unknown,unmatched
seed_97_ko_official-039,다이포타슘글리시리제이트,다이포타슘글리시리제이트,21,,unknown,unmatched
seed_97_ko_official-039,트라넥사믹애씨드,트라넥사믹애씨드,22,,unknown,unmatched
seed_97_ko_official-039,덱스트린,덱스트린,23,,unknown,unmatched
seed_97_ko_official-039,카카오씨추출물,카카오씨추출물,24,,unknown,unmatched
seed_97_ko_official-039,류코노스톡/무뿌리발효여과물,류코노스톡/무뿌리발효여과물,25,,unknown,unmatched
seed_97_ko_official-039,바이오사카라이드검-1,바이오사카라이드검-1,26,,unknown,unmatched
seed_97_ko_official-039,다이소듐이디티에이,다이소듐이디티에이,27,,unknown,unmatched
seed_97_ko_official-039,소듐하이알루로네이트,소듐하이알루로네이트,28,,unknown,unmatched
seed_97_ko_official-039,베타-글루칸,베타-글루칸,29,,unknown,unmatched
seed_97_ko_official-039,하이드로제네이티드레시틴,하이드로제네이티드레시틴,30,,unknown,unmatched
seed_97_ko_official-039,황련뿌리추출물,황련뿌리추출물,31,,unknown,unmatched
seed_97_ko_official-039,세테아릴알코올,세테아릴알코올,32,,unknown,unmatched
seed_97_ko_official-039,스테아릭애씨드,스테아릭애씨드,33,,unknown,unmatched
seed_97_ko_official-039,세라마이드엔피,세라마이드엔피,34,,unknown,unmatched
seed_97_ko_official-039,세라마이드엔지,세라마이드엔지,35,,unknown,unmatched
seed_97_ko_official-039,콜레스테롤,콜레스테롤,36,,unknown,unmatched
seed_97_ko_official-039,파이토스핑고신,파이토스핑고신,37,,unknown,unmatched
seed_97_ko_official-039,세라마이드에이에스,세라마이드에이에스,38,,unknown,unmatched
seed_97_ko_official-039,세라마이드에이피,세라마이드에이피,39,,unknown,unmatched
seed_97_ko_official-039,세라마이드이오피,세라마이드이오피,40,,unknown,unmatched
seed_97_ko_official-040,정제수,정제수,1,,unknown,unmatched
seed_97_ko_official-040,부틸렌글라이콜,부틸렌글라이콜,2,,unknown,unmatched
seed_97_ko_official-040,글리세린,글리세린,3,,unknown,unmatched
seed_97_ko_official-040,프로판다이올,프로판다이올,4,,unknown,unmatched
seed_97_ko_official-040,"1,2-헥산다이올","1,2-헥산다이올",5,,unknown,unmatched
seed_97_ko_official-040,병풀추출물,병풀추출물,6,,unknown,unmatched
seed_97_ko_official-040,폴리글리세릴-10라우레이트,폴리글리세릴-10라우레이트,7,,unknown,unmatched
seed_97_ko_official-040,아크릴레이트/C10-30알킬아크릴레이트크로스폴리머,아크릴레이트/C10-30알킬아크릴레이트크로스폴리머,8,,unknown,unmatched
seed_97_ko_official-040,판테놀,판테놀,9,,unknown,unmatched
seed_97_ko_official-040,트레할로오스,트레할로오스,10,,unknown,unmatched
seed_97_ko_official-040,에틸헥실글리세린,에틸헥실글리세린,11,,unknown,unmatched
seed_97_ko_official-040,잔탄검,잔탄검,12,,unknown,unmatched
seed_97_ko_official-040,소듐시트레이트,소듐시트레이트,13,,unknown,unmatched
seed_97_ko_official-040,트로메타민,트로메타민,14,,unknown,unmatched
seed_97_ko_official-040,다이포타슘글리시리제이트,다이포타슘글리시리제이트,15,,unknown,unmatched
seed_97_ko_official-040,카프릴릭/카프릭트라이글리세라이드,카프릴릭/카프릭트라이글리세라이드,16,,unknown,unmatched
seed_97_ko_official-040,시트릭애씨드,시트릭애씨드,17,,unknown,unmatched
seed_97_ko_official-040,소듐파이테이트,소듐파이테이트,18,,unknown,unmatched
seed_97_ko_official-040,하이드로제네이티드레시틴,하이드로제네이티드레시틴,19,,unknown,unmatched
seed_97_ko_official-040,폴리글리세릴-10미리스테이트,폴리글리세릴-10미리스테이트,20,,unknown,unmatched
seed_97_ko_official-040,세라마이드엔피,세라마이드엔피,21,,unknown,unmatched
seed_97_ko_official-040,수크로오스다이스테아레이트,수크로오스다이스테아레이트,22,,unknown,unmatched
seed_97_ko_official-040,락토바실러스발효물,락토바실러스발효물,23,,unknown,unmatched
seed_97_ko_official-040,소듐하이알루로네이트크로스폴리머,소듐하이알루로네이트크로스폴리머,24,,unknown,unmatched
seed_97_ko_official-040,아시아티코사이드,아시아티코사이드,25,,unknown,unmatched
seed_97_ko_official-040,마데카식애씨드,마데카식애씨드,26,,unknown,unmatched
seed_97_ko_official-040,하이드롤라이즈드글라이코사미노글리칸,하이드롤라이즈드글라이코사미노글리칸,27,,unknown,unmatched
seed_97_ko_official-040,아시아틱애씨드,아시아틱애씨드,28,,unknown,unmatched
seed_97_ko_official-040,파이토스테롤,파이토스테롤,29,,unknown,unmatched
seed_97_ko_official-040,라우릭애씨드,라우릭애씨드,30,,unknown,unmatched
seed_97_ko_official-040,소듐하이알루로네이트,소듐하이알루로네이트,31,,unknown,unmatched
seed_97_ko_official-040,베타인,베타인,32,,unknown,unmatched
seed_97_ko_official-040,하이드록시스테아릭애씨드,하이드록시스테아릭애씨드,33,,unknown,unmatched
seed_97_ko_official-040,벤질글라이콜,벤질글라이콜,34,,unknown,unmatched
seed_97_ko_official-040,하이드롤라이즈드하이알루로닉애씨드,하이드롤라이즈드하이알루로닉애씨드,35,,unknown,unmatched
seed_97_ko_official-040,마카다미아씨오일,마카다미아씨오일,36,,unknown,unmatched
seed_97_ko_official-040,하이알루로닉애씨드,하이알루로닉애씨드,37,,unknown,unmatched
seed_97_ko_official-040,라즈베리케톤,라즈베리케톤,38,,unknown,unmatched
seed_97_ko_official-040,파이토스핑고신,파이토스핑고신,39,,unknown,unmatched
seed_97_ko_official-041,정제수,정제수,1,,unknown,unmatched
seed_97_ko_official-041,부틸렌글라이콜,부틸렌글라이콜,2,,unknown,unmatched
seed_97_ko_official-041,글리세린,글리세린,3,,unknown,unmatched
seed_97_ko_official-041,프로판다이올,프로판다이올,4,,unknown,unmatched
seed_97_ko_official-041,카프릴릭/카프릭트라이글리세라이드,카프릴릭/카프릭트라이글리세라이드,5,,unknown,unmatched
seed_97_ko_official-041,나이아신아마이드,나이아신아마이드,6,,unknown,unmatched
seed_97_ko_official-041,"1,2-헥산다이올","1,2-헥산다이올",7,,unknown,unmatched
seed_97_ko_official-041,다이프로필렌글라이콜,다이프로필렌글라이콜,8,,unknown,unmatched
seed_97_ko_official-041,병풀추출물,병풀추출물,9,,unknown,unmatched
seed_97_ko_official-041,폴리글리세릴-3다이스테아레이트,폴리글리세릴-3다이스테아레이트,10,,unknown,unmatched
seed_97_ko_official-041,아크릴레이트/C10-30알킬아크릴레이트크로스폴리머,아크릴레이트/C10-30알킬아크릴레이트크로스폴리머,11,,unknown,unmatched
seed_97_ko_official-041,C14-22알코올,C14-22알코올,12,,unknown,unmatched
seed_97_ko_official-041,알지닌,알지닌,13,,unknown,unmatched
seed_97_ko_official-041,하이드로제네이티드레시틴,하이드로제네이티드레시틴,14,,unknown,unmatched
seed_97_ko_official-041,하이드록시스테아릭애씨드,하이드록시스테아릭애씨드,15,,unknown,unmatched
seed_97_ko_official-041,베타인,베타인,16,,unknown,unmatched
seed_97_ko_official-041,판테놀,판테놀,17,,unknown,unmatched
seed_97_ko_official-041,알란토인,알란토인,18,,unknown,unmatched
seed_97_ko_official-041,에틸헥실글리세린,에틸헥실글리세린,19,,unknown,unmatched
seed_97_ko_official-041,하이드록시에틸아크릴레이트/소듐아크릴로일다이메틸타우레이트코폴리머,하이드록시에틸아크릴레이트/소듐아크릴로일다이메틸타우레이트코폴리머,20,,unknown,unmatched
seed_97_ko_official-041,아데노신,아데노신,21,,unknown,unmatched
seed_97_ko_official-041,글리세릴스테아레이트시트레이트,글리세릴스테아레이트시트레이트,22,,unknown,unmatched
seed_97_ko_official-041,소듐폴리아크릴레이트,소듐폴리아크릴레이트,23,,unknown,unmatched
seed_97_ko_official-041,C12-20알킬글루코사이드,C12-20알킬글루코사이드,24,,unknown,unmatched
seed_97_ko_official-041,세테아릴알코올,세테아릴알코올,25,,unknown,unmatched
seed_97_ko_official-041,잔탄검,잔탄검,26,,unknown,unmatched
seed_97_ko_official-041,마카다미아씨오일,마카다미아씨오일,27,,unknown,unmatched
seed_97_ko_official-041,소듐하이알루로네이트,소듐하이알루로네이트,28,,unknown,unmatched
seed_97_ko_official-041,소듐파이테이트,소듐파이테이트,29,,unknown,unmatched
seed_97_ko_official-041,스테아릭애씨드,스테아릭애씨드,30,,unknown,unmatched
seed_97_ko_official-041,세라마이드엔피,세라마이드엔피,31,,unknown,unmatched
seed_97_ko_official-041,솔비탄아이소스테아레이트,솔비탄아이소스테아레이트,32,,unknown,unmatched
seed_97_ko_official-041,글리세릴아크릴레이트/아크릴릭애씨드코폴리머,글리세릴아크릴레이트/아크릴릭애씨드코폴리머,33,,unknown,unmatched
seed_97_ko_official-041,락토바실러스발효물,락토바실러스발효물,34,,unknown,unmatched
seed_97_ko_official-041,폴리글리세릴-10미리스테이트,폴리글리세릴-10미리스테이트,35,,unknown,unmatched
seed_97_ko_official-041,마데카식애씨드,마데카식애씨드,36,,unknown,unmatched
seed_97_ko_official-041,아시아티코사이드,아시아티코사이드,37,,unknown,unmatched
seed_97_ko_official-041,파이토스핑고신,파이토스핑고신,38,,unknown,unmatched
seed_97_ko_official-041,아시아틱애씨드,아시아틱애씨드,39,,unknown,unmatched
seed_97_ko_official-041,수크로오스다이스테아레이트,수크로오스다이스테아레이트,40,,unknown,unmatched
seed_97_ko_official-041,폴리글루타믹애씨드,폴리글루타믹애씨드,41,,unknown,unmatched
seed_97_ko_official-041,라우릭애씨드,라우릭애씨드,42,,unknown,unmatched
seed_97_ko_official-041,파이토스테롤,파이토스테롤,43,,unknown,unmatched
seed_97_ko_official-042,정제수,정제수,1,,unknown,unmatched
seed_97_ko_official-042,글리세린,글리세린,2,,unknown,unmatched
seed_97_ko_official-042,부틸렌글라이콜,부틸렌글라이콜,3,,unknown,unmatched
seed_97_ko_official-042,다이펜타에리스리틸헥사C5-9애씨드에스터,다이펜타에리스리틸헥사C5-9애씨드에스터,4,,unknown,unmatched
seed_97_ko_official-042,"1,2-헥산다이올","1,2-헥산다이올",5,,unknown,unmatched
seed_97_ko_official-042,나이아신아마이드,나이아신아마이드,6,,unknown,unmatched
seed_97_ko_official-042,스쿠알란,스쿠알란,7,,unknown,unmatched
seed_97_ko_official-042,폴리글리세릴-3다이스테아레이트,폴리글리세릴-3다이스테아레이트,8,,unknown,unmatched
seed_97_ko_official-042,세테아릴알코올,세테아릴알코올,9,,unknown,unmatched
seed_97_ko_official-042,카프릴릭/카프릭트라이글리세라이드,카프릴릭/카프릭트라이글리세라이드,10,,unknown,unmatched
seed_97_ko_official-042,베타인,베타인,11,,unknown,unmatched
seed_97_ko_official-042,시어버터,시어버터,12,,unknown,unmatched
seed_97_ko_official-042,헵틸운데실레네이트,헵틸운데실레네이트,13,,unknown,unmatched
seed_97_ko_official-042,병풀추출물,병풀추출물,14,,unknown,unmatched
seed_97_ko_official-042,판테놀,판테놀,15,,unknown,unmatched
seed_97_ko_official-042,바쿠치올,바쿠치올,16,,unknown,unmatched
seed_97_ko_official-042,글리세릴스테아레이트,글리세릴스테아레이트,17,,unknown,unmatched
seed_97_ko_official-042,아크릴레이트/C10-30알킬아크릴레이트크로스폴리머,아크릴레이트/C10-30알킬아크릴레이트크로스폴리머,18,,unknown,unmatched
seed_97_ko_official-042,팔미틱애씨드,팔미틱애씨드,19,,unknown,unmatched
seed_97_ko_official-042,트로메타민,트로메타민,20,,unknown,unmatched
seed_97_ko_official-042,스테아릭애씨드,스테아릭애씨드,21,,unknown,unmatched
seed_97_ko_official-042,글리세릴스테아레이트시트레이트,글리세릴스테아레이트시트레이트,22,,unknown,unmatched
seed_97_ko_official-042,카보머,카보머,23,,unknown,unmatched
seed_97_ko_official-042,에틸헥실글리세린,에틸헥실글리세린,24,,unknown,unmatched
seed_97_ko_official-042,아데노신,아데노신,25,,unknown,unmatched
seed_97_ko_official-042,마카다미아씨오일,마카다미아씨오일,26,,unknown,unmatched
seed_97_ko_official-042,소듐하이알루로네이트,소듐하이알루로네이트,27,,unknown,unmatched
seed_97_ko_official-042,소듐파이테이트,소듐파이테이트,28,,unknown,unmatched
seed_97_ko_official-042,하이드로제네이티드레시틴,하이드로제네이티드레시틴,29,,unknown,unmatched
seed_97_ko_official-042,세라마이드엔피,세라마이드엔피,30,,unknown,unmatched
seed_97_ko_official-042,글리세릴아크릴레이트/아크릴릭애씨드코폴리머,글리세릴아크릴레이트/아크릴릭애씨드코폴리머,31,,unknown,unmatched
seed_97_ko_official-042,카카오추출물,카카오추출물,32,,unknown,unmatched
seed_97_ko_official-042,덱스트린,덱스트린,33,,unknown,unmatched
seed_97_ko_official-042,폴리글리세릴-10미리스테이트,폴리글리세릴-10미리스테이트,34,,unknown,unmatched
seed_97_ko_official-042,파이토스핑고신,파이토스핑고신,35,,unknown,unmatched
seed_97_ko_official-042,락토바실러스발효물,락토바실러스발효물,36,,unknown,unmatched
seed_97_ko_official-042,마데카식애씨드,마데카식애씨드,37,,unknown,unmatched
seed_97_ko_official-042,아시아티코사이드,아시아티코사이드,38,,unknown,unmatched
seed_97_ko_official-042,하이드롤라이즈드익스텐신,하이드롤라이즈드익스텐신,39,,unknown,unmatched
seed_97_ko_official-042,수크로오스다이스테아레이트,수크로오스다이스테아레이트,40,,unknown,unmatched
seed_97_ko_official-042,아시아틱애씨드,아시아틱애씨드,41,,unknown,unmatched
seed_97_ko_official-042,파이토스테롤,파이토스테롤,42,,unknown,unmatched
seed_97_ko_official-042,라우릭애씨드,라우릭애씨드,43,,unknown,unmatched
seed_97_ko_official-042,하이드롤라이즈드하이알루로닉애씨드,하이드롤라이즈드하이알루로닉애씨드,44,,unknown,unmatched
seed_97_ko_official-042,카프릴릴글라이콜,카프릴릴글라이콜,45,,unknown,unmatched
seed_97_ko_official-042,아세틸헥사펩타이드-8,아세틸헥사펩타이드-8,46,,unknown,unmatched
seed_97_ko_official-043,정제수,정제수,1,,unknown,unmatched
seed_97_ko_official-043,글리세린,글리세린,2,,unknown,unmatched
seed_97_ko_official-043,다이글리세린,다이글리세린,3,,unknown,unmatched
seed_97_ko_official-043,"1,2-헥산다이올","1,2-헥산다이올",4,,unknown,unmatched
seed_97_ko_official-043,부틸렌글라이콜,부틸렌글라이콜,5,,unknown,unmatched
seed_97_ko_official-043,나이아신아마이드,나이아신아마이드,6,,unknown,unmatched
seed_97_ko_official-043,폴리글리세릴-3다이스테아레이트,폴리글리세릴-3다이스테아레이트,7,,unknown,unmatched
seed_97_ko_official-043,카프릴릭/카프릭트라이글리세라이드,카프릴릭/카프릭트라이글리세라이드,8,,unknown,unmatched
seed_97_ko_official-043,네오펜틸글라이콜다이헵타노에이트,네오펜틸글라이콜다이헵타노에이트,9,,unknown,unmatched
seed_97_ko_official-043,하이드로제네이티드폴리(C6-14올레핀),하이드로제네이티드폴리(C6-14올레핀),10,,unknown,unmatched
seed_97_ko_official-043,아이소스테아릴아이소스테아레이트,아이소스테아릴아이소스테아레이트,11,,unknown,unmatched
seed_97_ko_official-043,펜타에리스리틸테트라아이소스테아레이트,펜타에리스리틸테트라아이소스테아레이트,12,,unknown,unmatched
seed_97_ko_official-043,헵틸운데실레네이트,헵틸운데실레네이트,13,,unknown,unmatched
seed_97_ko_official-043,비스-다이글리세릴폴리아실아디페이트-2,비스-다이글리세릴폴리아실아디페이트-2,14,,unknown,unmatched
seed_97_ko_official-043,글리세릴스테아레이트,글리세릴스테아레이트,15,,unknown,unmatched
seed_97_ko_official-043,C14-22알코올,C14-22알코올,16,,unknown,unmatched
seed_97_ko_official-043,병풀추출물,병풀추출물,17,,unknown,unmatched
seed_97_ko_official-043,시어버터,시어버터,18,,unknown,unmatched
seed_97_ko_official-043,세테아릴알코올,세테아릴알코올,19,,unknown,unmatched
seed_97_ko_official-043,폴리글리세릴-2스테아레이트,폴리글리세릴-2스테아레이트,20,,unknown,unmatched
seed_97_ko_official-043,소듐아크릴레이트/소듐아크릴로일다이메틸타우레이트코폴리머,소듐아크릴레이트/소듐아크릴로일다이메틸타우레이트코폴리머,21,,unknown,unmatched
seed_97_ko_official-043,글리세릴스테아레이트시트레이트,글리세릴스테아레이트시트레이트,22,,unknown,unmatched
seed_97_ko_official-043,알지닌,알지닌,23,,unknown,unmatched
seed_97_ko_official-043,스테아릴알코올,스테아릴알코올,24,,unknown,unmatched
seed_97_ko_official-043,폴리아이소부텐,폴리아이소부텐,25,,unknown,unmatched
seed_97_ko_official-043,C12-20알킬글루코사이드,C12-20알킬글루코사이드,26,,unknown,unmatched
seed_97_ko_official-043,스쿠알란,스쿠알란,27,,unknown,unmatched
seed_97_ko_official-043,소듐폴리아크릴레이트,소듐폴리아크릴레이트,28,,unknown,unmatched
seed_97_ko_official-043,아크릴레이트/C10-30알킬아크릴레이트크로스폴리머,아크릴레이트/C10-30알킬아크릴레이트크로스폴리머,29,,unknown,unmatched
seed_97_ko_official-043,카보머,카보머,30,,unknown,unmatched
seed_97_ko_official-043,소듐서팩틴,소듐서팩틴,31,,unknown,unmatched
seed_97_ko_official-043,하이드록시스테아릭애씨드,하이드록시스테아릭애씨드,32,,unknown,unmatched
seed_97_ko_official-043,에틸헥실글리세린,에틸헥실글리세린,33,,unknown,unmatched
seed_97_ko_official-043,아데노신,아데노신,34,,unknown,unmatched
seed_97_ko_official-043,하이드로제네이티드레시틴,하이드로제네이티드레시틴,35,,unknown,unmatched
seed_97_ko_official-043,솔비탄올리에이트,솔비탄올리에이트,36,,unknown,unmatched
seed_97_ko_official-043,카프릴릴/카프릴글루코사이드,카프릴릴/카프릴글루코사이드,37,,unknown,unmatched
seed_97_ko_official-043,마카다미아씨오일,마카다미아씨오일,38,,unknown,unmatched
seed_97_ko_official-043,소듐하이알루로네이트,소듐하이알루로네이트,39,,unknown,unmatched
seed_97_ko_official-043,모링가씨오일,모링가씨오일,40,,unknown,unmatched
seed_97_ko_official-043,소듐파이테이트,소듐파이테이트,41,,unknown,unmatched
seed_97_ko_official-043,세라마이드엔피,세라마이드엔피,42,,unknown,unmatched
seed_97_ko_official-043,덱스트린,덱스트린,43,,unknown,unmatched
seed_97_ko_official-043,카카오추출물,카카오추출물,44,,unknown,unmatched
seed_97_ko_official-043,글리세릴아크릴레이트/아크릴릭애씨드코폴리머,글리세릴아크릴레이트/아크릴릭애씨드코폴리머,45,,unknown,unmatched
seed_97_ko_official-043,폴리글리세릴-10미리스테이트,폴리글리세릴-10미리스테이트,46,,unknown,unmatched
seed_97_ko_official-043,파이토스핑고신,파이토스핑고신,47,,unknown,unmatched
seed_97_ko_official-043,스테아릭애씨드,스테아릭애씨드,48,,unknown,unmatched
seed_97_ko_official-043,락토바실러스발효물,락토바실러스발효물,49,,unknown,unmatched
seed_97_ko_official-043,마데카식애씨드,마데카식애씨드,50,,unknown,unmatched
seed_97_ko_official-043,아시아티코사이드,아시아티코사이드,51,,unknown,unmatched
seed_97_ko_official-043,수크로오스다이스테아레이트,수크로오스다이스테아레이트,52,,unknown,unmatched
seed_97_ko_official-043,아시아틱애씨드,아시아틱애씨드,53,,unknown,unmatched
seed_97_ko_official-043,파이토스테롤,파이토스테롤,54,,unknown,unmatched
seed_97_ko_official-043,라우릭애씨드,라우릭애씨드,55,,unknown,unmatched
seed_97_ko_official-043,폴리글루타믹애씨드,폴리글루타믹애씨드,56,,unknown,unmatched
seed_97_ko_official-044,정제수,정제수,1,,unknown,unmatched
seed_97_ko_official-044,부틸렌글라이콜,부틸렌글라이콜,2,,unknown,unmatched
seed_97_ko_official-044,나이아신아마이드,나이아신아마이드,3,,unknown,unmatched
seed_97_ko_official-044,글리세린,글리세린,4,,unknown,unmatched
seed_97_ko_official-044,트라넥사믹애씨드,트라넥사믹애씨드,5,,unknown,unmatched
seed_97_ko_official-044,"1,2-헥산다이올","1,2-헥산다이올",6,,unknown,unmatched
seed_97_ko_official-044,베타인,베타인,7,,unknown,unmatched
seed_97_ko_official-044,병풀추출물,병풀추출물,8,,unknown,unmatched
seed_97_ko_official-044,옥수수전분,옥수수전분,9,,unknown,unmatched
seed_97_ko_official-044,잔탄검,잔탄검,10,,unknown,unmatched
seed_97_ko_official-044,미결정셀룰로오스,미결정셀룰로오스,11,,unknown,unmatched
seed_97_ko_official-044,만니톨,만니톨,12,,unknown,unmatched
seed_97_ko_official-044,판테놀,판테놀,13,,unknown,unmatched
seed_97_ko_official-044,펜틸렌글라이콜,펜틸렌글라이콜,14,,unknown,unmatched
seed_97_ko_official-044,에틸헥실글리세린,에틸헥실글리세린,15,,unknown,unmatched
seed_97_ko_official-044,하이드록시에틸셀룰로오스,하이드록시에틸셀룰로오스,16,,unknown,unmatched
seed_97_ko_official-044,마데카소사이드,마데카소사이드,17,,unknown,unmatched
seed_97_ko_official-044,아크릴레이트/C10-30알킬아크릴레이트크로스폴리머,아크릴레이트/C10-30알킬아크릴레이트크로스폴리머,18,,unknown,unmatched
seed_97_ko_official-044,알지닌,알지닌,19,,unknown,unmatched
seed_97_ko_official-044,하이드로제네이티드레시틴,하이드로제네이티드레시틴,20,,unknown,unmatched
seed_97_ko_official-044,자일리틸글루코사이드,자일리틸글루코사이드,21,,unknown,unmatched
seed_97_ko_official-044,안하이드록시자일리톨,안하이드록시자일리톨,22,,unknown,unmatched
seed_97_ko_official-044,자일리톨,자일리톨,23,,unknown,unmatched
seed_97_ko_official-044,글루코오스,글루코오스,24,,unknown,unmatched
seed_97_ko_official-044,3-O-에틸아스코빅애씨드,3-O-에틸아스코빅애씨드,25,,unknown,unmatched
seed_97_ko_official-044,락토바실러스발효물,락토바실러스발효물,26,,unknown,unmatched
seed_97_ko_official-045,정제수,정제수,1,,unknown,unmatched
seed_97_ko_official-045,부틸렌글라이콜,부틸렌글라이콜,2,,unknown,unmatched
seed_97_ko_official-045,프로판다이올,프로판다이올,3,,unknown,unmatched
seed_97_ko_official-045,나이아신아마이드,나이아신아마이드,4,,unknown,unmatched
seed_97_ko_official-045,아이소트라이데실아이소노나노에이트,아이소트라이데실아이소노나노에이트,5,,unknown,unmatched
seed_97_ko_official-045,페닐트라이메티콘,페닐트라이메티콘,6,,unknown,unmatched
seed_97_ko_official-045,"1,2-헥산다이올","1,2-헥산다이올",7,,unknown,unmatched
seed_97_ko_official-045,트라넥사믹애씨드,트라넥사믹애씨드,8,,unknown,unmatched
seed_97_ko_official-045,다이글리세린,다이글리세린,9,,unknown,unmatched
seed_97_ko_official-045,병풀추출물,병풀추출물,10,,unknown,unmatched
seed_97_ko_official-045,시어버터,시어버터,11,,unknown,unmatched
seed_97_ko_official-045,스쿠알란,스쿠알란,12,,unknown,unmatched
seed_97_ko_official-045,폴리글리세릴-3다이스테아레이트,폴리글리세릴-3다이스테아레이트,13,,unknown,unmatched
seed_97_ko_official-045,자일리틸글루코사이드,자일리틸글루코사이드,14,,unknown,unmatched
seed_97_ko_official-045,세틸알코올,세틸알코올,15,,unknown,unmatched
seed_97_ko_official-045,아크릴레이트/C10-30알킬아크릴레이트크로스폴리머,아크릴레이트/C10-30알킬아크릴레이트크로스폴리머,16,,unknown,unmatched
seed_97_ko_official-045,안하이드록시자일리톨,안하이드록시자일리톨,17,,unknown,unmatched
seed_97_ko_official-045,폴리아크릴레이트크로스폴리머-6,폴리아크릴레이트크로스폴리머-6,18,,unknown,unmatched
seed_97_ko_official-045,알지닌,알지닌,19,,unknown,unmatched
seed_97_ko_official-045,트레할로오스,트레할로오스,20,,unknown,unmatched
seed_97_ko_official-045,옥수수전분,옥수수전분,21,,unknown,unmatched
seed_97_ko_official-045,자일리톨,자일리톨,22,,unknown,unmatched
seed_97_ko_official-045,판테놀,판테놀,23,,unknown,unmatched
seed_97_ko_official-045,펜틸렌글라이콜,펜틸렌글라이콜,24,,unknown,unmatched
seed_97_ko_official-045,미결정셀룰로오스,미결정셀룰로오스,25,,unknown,unmatched
seed_97_ko_official-045,만니톨,만니톨,26,,unknown,unmatched
seed_97_ko_official-045,글리세릴스테아레이트시트레이트,글리세릴스테아레이트시트레이트,27,,unknown,unmatched
seed_97_ko_official-045,하이드록시에틸우레아,하이드록시에틸우레아,28,,unknown,unmatched
seed_97_ko_official-045,에틸헥실글리세린,에틸헥실글리세린,29,,unknown,unmatched
seed_97_ko_official-045,글리세린,글리세린,30,,unknown,unmatched
seed_97_ko_official-045,글루코오스,글루코오스,31,,unknown,unmatched
seed_97_ko_official-045,마데카소사이드,마데카소사이드,32,,unknown,unmatched
seed_97_ko_official-045,소듐하이알루로네이트,소듐하이알루로네이트,33,,unknown,unmatched
seed_97_ko_official-045,비사보롤,비사보롤,34,,unknown,unmatched
seed_97_ko_official-045,하이드로제네이티드레시틴,하이드로제네이티드레시틴,35,,unknown,unmatched
seed_97_ko_official-045,글리세릴아크릴레이트/아크릴릭애씨드코폴리머,글리세릴아크릴레이트/아크릴릭애씨드코폴리머,36,,unknown,unmatched
seed_97_ko_official-045,배꽃추출물,배꽃추출물,37,,unknown,unmatched
seed_97_ko_official-045,락토바실러스발효물,락토바실러스발효물,38,,unknown,unmatched
seed_97_ko_official-046,정제수,정제수,1,,unknown,unmatched
seed_97_ko_official-046,부틸렌글라이콜,부틸렌글라이콜,2,,unknown,unmatched
seed_97_ko_official-046,프로판다이올,프로판다이올,3,,unknown,unmatched
seed_97_ko_official-046,나이아신아마이드,나이아신아마이드,4,,unknown,unmatched
seed_97_ko_official-046,글리세레스-26,글리세레스-26,5,,unknown,unmatched
seed_97_ko_official-046,다이프로필렌글라이콜,다이프로필렌글라이콜,6,,unknown,unmatched
seed_97_ko_official-046,메틸글루세스-20,메틸글루세스-20,7,,unknown,unmatched
seed_97_ko_official-046,하이드록시아세토페논,하이드록시아세토페논,8,,unknown,unmatched
seed_97_ko_official-046,하이드록시에틸우레아,하이드록시에틸우레아,9,,unknown,unmatched
seed_97_ko_official-046,잔탄검,잔탄검,10,,unknown,unmatched
seed_97_ko_official-046,카프릴릴글라이콜,카프릴릴글라이콜,11,,unknown,unmatched
seed_97_ko_official-046,"병풀추출물 (1,000ppm)",병풀추출물,12,"1,000ppm",known,unmatched
seed_97_ko_official-046,글리세린,글리세린,13,,unknown,unmatched
seed_97_ko_official-046,폴리글리세릴-10라우레이트,폴리글리세릴-10라우레이트,14,,unknown,unmatched
seed_97_ko_official-046,아크릴레이트/C10-30알킬아크릴레이트크로스폴리머,아크릴레이트/C10-30알킬아크릴레이트크로스폴리머,15,,unknown,unmatched
seed_97_ko_official-046,하이드록시에틸아크릴레이트/소듐아크릴로일다이메틸타우레이트코폴리머,하이드록시에틸아크릴레이트/소듐아크릴로일다이메틸타우레이트코폴리머,16,,unknown,unmatched
seed_97_ko_official-046,펜틸렌글라이콜,펜틸렌글라이콜,17,,unknown,unmatched
seed_97_ko_official-046,알지닌,알지닌,18,,unknown,unmatched
seed_97_ko_official-046,자일리틸글루코사이드,자일리틸글루코사이드,19,,unknown,unmatched
seed_97_ko_official-046,에틸헥실글리세린,에틸헥실글리세린,20,,unknown,unmatched
seed_97_ko_official-046,안하이드록시자일리톨,안하이드록시자일리톨,21,,unknown,unmatched
seed_97_ko_official-046,"1,2-헥산다이올","1,2-헥산다이올",22,,unknown,unmatched
seed_97_ko_official-046,마데카소사이드 (200ppm),마데카소사이드,23,200ppm,known,unmatched
seed_97_ko_official-046,알란토인,알란토인,24,,unknown,unmatched
seed_97_ko_official-046,다이소듐이디티에이,다이소듐이디티에이,25,,unknown,unmatched
seed_97_ko_official-046,자일리톨,자일리톨,26,,unknown,unmatched
seed_97_ko_official-046,소듐하이알루로네이트,소듐하이알루로네이트,27,,unknown,unmatched
seed_97_ko_official-046,판테놀,판테놀,28,,unknown,unmatched
seed_97_ko_official-046,데실글루코사이드,데실글루코사이드,29,,unknown,unmatched
seed_97_ko_official-046,솔비탄아이소스테아레이트,솔비탄아이소스테아레이트,30,,unknown,unmatched
seed_97_ko_official-046,비사보롤,비사보롤,31,,unknown,unmatched
seed_97_ko_official-046,다이포타슘글리시리제이트,다이포타슘글리시리제이트,32,,unknown,unmatched
seed_97_ko_official-046,트라넥사믹애씨드,트라넥사믹애씨드,33,,unknown,unmatched
seed_97_ko_official-046,락토바실러스/히비스커스꽃발효여과물,락토바실러스/히비스커스꽃발효여과물,34,,unknown,unmatched
seed_97_ko_official-046,시트릭애씨드,시트릭애씨드,35,,unknown,unmatched
seed_97_ko_official-046,트로메타민,트로메타민,36,,unknown,unmatched
seed_97_ko_official-046,베타인살리실레이트,베타인살리실레이트,37,,unknown,unmatched
seed_97_ko_official-046,글라이코리피드,글라이코리피드,38,,unknown,unmatched
seed_97_ko_official-046,글루코노락톤,글루코노락톤,39,,unknown,unmatched
seed_97_ko_official-046,3-O-에틸아스코빅애씨드,3-O-에틸아스코빅애씨드,40,,unknown,unmatched
seed_97_ko_official-046,카프릴로일살리실릭애씨드,카프릴로일살리실릭애씨드,41,,unknown,unmatched
seed_97_ko_official-047,정제수,정제수,1,,unknown,unmatched
seed_97_ko_official-047,편백수,편백수,2,,unknown,unmatched
seed_97_ko_official-047,티트리잎수,티트리잎수,3,,unknown,unmatched
seed_97_ko_official-047,부틸렌글라이콜,부틸렌글라이콜,4,,unknown,unmatched
seed_97_ko_official-047,병풀추출물,병풀추출물,5,,unknown,unmatched
seed_97_ko_official-047,프로판다이올,프로판다이올,6,,unknown,unmatched
seed_97_ko_official-047,소나무잎추출물,소나무잎추출물,7,,unknown,unmatched
seed_97_ko_official-047,메틸글루세스-20,메틸글루세스-20,8,,unknown,unmatched
seed_97_ko_official-047,"1,2-헥산다이올","1,2-헥산다이올",9,,unknown,unmatched
seed_97_ko_official-047,하이드록시아세토페논,하이드록시아세토페논,10,,unknown,unmatched
seed_97_ko_official-047,카보머,카보머,11,,unknown,unmatched
seed_97_ko_official-047,폴리글리세릴-10라우레이트,폴리글리세릴-10라우레이트,12,,unknown,unmatched
seed_97_ko_official-047,트로메타민,트로메타민,13,,unknown,unmatched
seed_97_ko_official-047,펜틸렌글라이콜,펜틸렌글라이콜,14,,unknown,unmatched
seed_97_ko_official-047,에틸헥실글리세린,에틸헥실글리세린,15,,unknown,unmatched
seed_97_ko_official-047,카프릴릴글라이콜,카프릴릴글라이콜,16,,unknown,unmatched
seed_97_ko_official-047,시트릭애씨드,시트릭애씨드,17,,unknown,unmatched
seed_97_ko_official-047,다이소듐이디티에이,다이소듐이디티에이,18,,unknown,unmatched
seed_97_ko_official-047,티트리잎오일,티트리잎오일,19,,unknown,unmatched
seed_97_ko_official-047,소듐시트레이트,소듐시트레이트,20,,unknown,unmatched
seed_97_ko_official-047,살리실릭애씨드,살리실릭애씨드,21,,unknown,unmatched
seed_97_ko_official-047,밤껍질추출물,밤껍질추출물,22,,unknown,unmatched
seed_97_ko_official-047,라벤더꽃추출물,라벤더꽃추출물,23,,unknown,unmatched
seed_97_ko_official-048,정제수,정제수,1,,unknown,unmatched
seed_97_ko_official-048,티트리잎수,티트리잎수,2,,unknown,unmatched
seed_97_ko_official-048,부틸렌글라이콜,부틸렌글라이콜,3,,unknown,unmatched
seed_97_ko_official-048,프로판다이올,프로판다이올,4,,unknown,unmatched
seed_97_ko_official-048,메틸글루세스-20,메틸글루세스-20,5,,unknown,unmatched
seed_97_ko_official-048,"1,2-헥산다이올","1,2-헥산다이올",6,,unknown,unmatched
seed_97_ko_official-048,하이드록시아세토페논,하이드록시아세토페논,7,,unknown,unmatched
seed_97_ko_official-048,카보머,카보머,8,,unknown,unmatched
seed_97_ko_official-048,"병풀추출물 (1,000ppm)",병풀추출물,9,"1,000ppm",known,unmatched
seed_97_ko_official-048,폴리글리세릴-10라우레이트,폴리글리세릴-10라우레이트,10,,unknown,unmatched
seed_97_ko_official-048,트로메타민,트로메타민,11,,unknown,unmatched
seed_97_ko_official-048,펜틸렌글라이콜,펜틸렌글라이콜,12,,unknown,unmatched
seed_97_ko_official-048,에틸헥실글리세린,에틸헥실글리세린,13,,unknown,unmatched
seed_97_ko_official-048,카프릴릴글라이콜,카프릴릴글라이콜,14,,unknown,unmatched
seed_97_ko_official-048,편백수,편백수,15,,unknown,unmatched
seed_97_ko_official-048,시트릭애씨드,시트릭애씨드,16,,unknown,unmatched
seed_97_ko_official-048,다이소듐이디티에이,다이소듐이디티에이,17,,unknown,unmatched
seed_97_ko_official-048,티트리잎오일,티트리잎오일,18,,unknown,unmatched
seed_97_ko_official-048,소듐시트레이트,소듐시트레이트,19,,unknown,unmatched
seed_97_ko_official-048,소나무잎추출물,소나무잎추출물,20,,unknown,unmatched
seed_97_ko_official-048,살리실릭애씨드,살리실릭애씨드,21,,unknown,unmatched
seed_97_ko_official-048,밤껍질추출물,밤껍질추출물,22,,unknown,unmatched
seed_97_ko_official-048,라벤더꽃추출물,라벤더꽃추출물,23,,unknown,unmatched
seed_97_ko_official-049,정제수,정제수,1,,unknown,unmatched
seed_97_ko_official-049,미리스틱애씨드,미리스틱애씨드,2,,unknown,unmatched
seed_97_ko_official-049,글리세린,글리세린,3,,unknown,unmatched
seed_97_ko_official-049,포타슘하이드록사이드,포타슘하이드록사이드,4,,unknown,unmatched
seed_97_ko_official-049,스테아릭애씨드,스테아릭애씨드,5,,unknown,unmatched
seed_97_ko_official-049,글리세릴스테아레이트,글리세릴스테아레이트,6,,unknown,unmatched
seed_97_ko_official-049,프로판다이올,프로판다이올,7,,unknown,unmatched
seed_97_ko_official-049,라우릴하이드록시설테인,라우릴하이드록시설테인,8,,unknown,unmatched
seed_97_ko_official-049,팔미틱애씨드,팔미틱애씨드,9,,unknown,unmatched
seed_97_ko_official-049,소듐C14-16올레핀설포네이트,소듐C14-16올레핀설포네이트,10,,unknown,unmatched
seed_97_ko_official-049,포타슘벤조에이트,포타슘벤조에이트,11,,unknown,unmatched
seed_97_ko_official-049,살리실릭애씨드,살리실릭애씨드,12,,unknown,unmatched
seed_97_ko_official-049,부틸렌글라이콜,부틸렌글라이콜,13,,unknown,unmatched
seed_97_ko_official-049,솔비톨,솔비톨,14,,unknown,unmatched
seed_97_ko_official-049,"1,2-헥산다이올","1,2-헥산다이올",15,,unknown,unmatched
seed_97_ko_official-049,소듐클로라이드,소듐클로라이드,16,,unknown,unmatched
seed_97_ko_official-049,병풀추출물,병풀추출물,17,,unknown,unmatched
seed_97_ko_official-049,아크릴레이트/C10-30알킬아크릴레이트크로스폴리머,아크릴레이트/C10-30알킬아크릴레이트크로스폴리머,18,,unknown,unmatched
seed_97_ko_official-049,티트리잎오일,티트리잎오일,19,,unknown,unmatched
seed_97_ko_official-049,세테아릴알코올,세테아릴알코올,20,,unknown,unmatched
seed_97_ko_official-049,티트리잎수,티트리잎수,21,,unknown,unmatched
seed_97_ko_official-049,님잎추출물,님잎추출물,22,,unknown,unmatched
seed_97_ko_official-049,하이드로제네이티드폴리데센,하이드로제네이티드폴리데센,23,,unknown,unmatched
seed_97_ko_official-049,아라키딕애씨드,아라키딕애씨드,24,,unknown,unmatched
seed_97_ko_official-049,라우릭애씨드,라우릭애씨드,25,,unknown,unmatched
seed_97_ko_official-049,소듐시트레이트,소듐시트레이트,26,,unknown,unmatched
seed_97_ko_official-049,님꽃추출물,님꽃추출물,27,,unknown,unmatched
seed_97_ko_official-049,트라이소듐에틸렌다이아민다이석시네이트,트라이소듐에틸렌다이아민다이석시네이트,28,,unknown,unmatched
seed_97_ko_official-049,올레익애씨드,올레익애씨드,29,,unknown,unmatched
seed_97_ko_official-049,카카오씨추출물,카카오씨추출물,30,,unknown,unmatched
seed_97_ko_official-049,덱스트린,덱스트린,31,,unknown,unmatched
seed_97_ko_official-049,시트릭애씨드,시트릭애씨드,32,,unknown,unmatched
seed_97_ko_official-049,다이소듐이디티에이,다이소듐이디티에이,33,,unknown,unmatched
seed_97_ko_official-049,펜틸렌글라이콜,펜틸렌글라이콜,34,,unknown,unmatched
seed_97_ko_official-049,카프릴릴글라이콜,카프릴릴글라이콜,35,,unknown,unmatched
seed_97_ko_official-049,편백수,편백수,36,,unknown,unmatched
seed_97_ko_official-049,소나무잎추출물,소나무잎추출물,37,,unknown,unmatched
seed_97_ko_official-050,정제수,정제수,1,,unknown,unmatched
seed_97_ko_official-050,티트리잎수,티트리잎수,2,,unknown,unmatched
seed_97_ko_official-050,부틸렌글라이콜,부틸렌글라이콜,3,,unknown,unmatched
seed_97_ko_official-050,판테놀,판테놀,4,,unknown,unmatched
seed_97_ko_official-050,글리세린,글리세린,5,,unknown,unmatched
seed_97_ko_official-050,나이아신아마이드,나이아신아마이드,6,,unknown,unmatched
seed_97_ko_official-050,"1,2-헥산다이올","1,2-헥산다이올",7,,unknown,unmatched
seed_97_ko_official-050,메틸프로판다이올,메틸프로판다이올,8,,unknown,unmatched
seed_97_ko_official-050,카프릴릴메티콘,카프릴릴메티콘,9,,unknown,unmatched
seed_97_ko_official-050,하이드로제네이티드폴리데센,하이드로제네이티드폴리데센,10,,unknown,unmatched
seed_97_ko_official-050,펜틸렌글라이콜,펜틸렌글라이콜,11,,unknown,unmatched
seed_97_ko_official-050,다이카프릴릴에터,다이카프릴릴에터,12,,unknown,unmatched
seed_97_ko_official-050,다이카프릴릴카보네이트,다이카프릴릴카보네이트,13,,unknown,unmatched
seed_97_ko_official-050,암모늄아크릴로일다이메틸타우레이트/브이피코폴리머,암모늄아크릴로일다이메틸타우레이트/브이피코폴리머,14,,unknown,unmatched
seed_97_ko_official-050,비닐다이메티콘,비닐다이메티콘,15,,unknown,unmatched
seed_97_ko_official-050,편백수,편백수,16,,unknown,unmatched
seed_97_ko_official-050,아크릴레이트/C10-30알킬아크릴레이트크로스폴리머,아크릴레이트/C10-30알킬아크릴레이트크로스폴리머,17,,unknown,unmatched
seed_97_ko_official-050,세테아릴알코올,세테아릴알코올,18,,unknown,unmatched
seed_97_ko_official-050,트로메타민,트로메타민,19,,unknown,unmatched
seed_97_ko_official-050,다이메티코놀,다이메티코놀,20,,unknown,unmatched
seed_97_ko_official-050,병풀추출물,병풀추출물,21,,unknown,unmatched
seed_97_ko_official-050,카프릴릭/카프릭트라이글리세라이드,카프릴릭/카프릭트라이글리세라이드,22,,unknown,unmatched
seed_97_ko_official-050,알란토인,알란토인,23,,unknown,unmatched
seed_97_ko_official-050,다이포타슘글리시리제이트,다이포타슘글리시리제이트,24,,unknown,unmatched
seed_97_ko_official-050,소나무잎추출물,소나무잎추출물,25,,unknown,unmatched
seed_97_ko_official-050,잔탄검,잔탄검,26,,unknown,unmatched
seed_97_ko_official-050,에틸헥실글리세린,에틸헥실글리세린,27,,unknown,unmatched
seed_97_ko_official-050,티트리잎오일,티트리잎오일,28,,unknown,unmatched
seed_97_ko_official-050,하이드로제네이티드레시틴,하이드로제네이티드레시틴,29,,unknown,unmatched
seed_97_ko_official-050,소듐파이테이트,소듐파이테이트,30,,unknown,unmatched
seed_97_ko_official-050,세라마이드엔피,세라마이드엔피,31,,unknown,unmatched
seed_97_ko_official-050,하이알루로닉애씨드,하이알루로닉애씨드,32,,unknown,unmatched
seed_97_ko_official-050,하이드롤라이즈드하이알루로닉애씨드,하이드롤라이즈드하이알루로닉애씨드,33,,unknown,unmatched
seed_97_ko_official-050,소듐하이알루로네이트,소듐하이알루로네이트,34,,unknown,unmatched
seed_97_ko_official-050,병풀잎추출물,병풀잎추출물,35,,unknown,unmatched
seed_97_ko_official-050,베타-글루칸,베타-글루칸,36,,unknown,unmatched
seed_97_ko_official-050,만델릭애씨드,만델릭애씨드,37,,unknown,unmatched
seed_97_ko_official-050,토코페롤,토코페롤,38,,unknown,unmatched
seed_97_ko_official-051,정제수,정제수,1,,unknown,unmatched
seed_97_ko_official-051,티트리잎수,티트리잎수,2,,unknown,unmatched
seed_97_ko_official-051,부틸렌글라이콜,부틸렌글라이콜,3,,unknown,unmatched
seed_97_ko_official-051,글리세린,글리세린,4,,unknown,unmatched
seed_97_ko_official-051,에톡시다이글라이콜,에톡시다이글라이콜,5,,unknown,unmatched
seed_97_ko_official-051,"1,2-헥산다이올","1,2-헥산다이올",6,,unknown,unmatched
seed_97_ko_official-051,다이프로필렌글라이콜,다이프로필렌글라이콜,7,,unknown,unmatched
seed_97_ko_official-051,나이아신아마이드,나이아신아마이드,8,,unknown,unmatched
seed_97_ko_official-051,카프릴릭/카프릭트라이글리세라이드,카프릴릭/카프릭트라이글리세라이드,9,,unknown,unmatched
seed_97_ko_official-051,프로판다이올,프로판다이올,10,,unknown,unmatched
seed_97_ko_official-051,암모늄아크릴로일다이메틸타우레이트/브이피코폴리머,암모늄아크릴로일다이메틸타우레이트/브이피코폴리머,11,,unknown,unmatched
seed_97_ko_official-051,글리세레스-26,글리세레스-26,12,,unknown,unmatched
seed_97_ko_official-051,글리세릴스테아레이트,글리세릴스테아레이트,13,,unknown,unmatched
seed_97_ko_official-051,네오펜틸글라이콜다이헵타노에이트,네오펜틸글라이콜다이헵타노에이트,14,,unknown,unmatched
seed_97_ko_official-051,옥틸도데칸올,옥틸도데칸올,15,,unknown,unmatched
seed_97_ko_official-051,아시아티코사이드,아시아티코사이드,16,,unknown,unmatched
seed_97_ko_official-051,판테놀,판테놀,17,,unknown,unmatched
seed_97_ko_official-051,아시아틱애씨드,아시아틱애씨드,18,,unknown,unmatched
seed_97_ko_official-051,세테아릴올리베이트,세테아릴올리베이트,19,,unknown,unmatched
seed_97_ko_official-051,글라이코리피드,글라이코리피드,20,,unknown,unmatched
seed_97_ko_official-051,하이드로제네이티드레시틴,하이드로제네이티드레시틴,21,,unknown,unmatched
seed_97_ko_official-051,마데카식애씨드,마데카식애씨드,22,,unknown,unmatched
seed_97_ko_official-051,C12-13알케스-9,C12-13알케스-9,23,,unknown,unmatched
seed_97_ko_official-051,솔비탄올리베이트,솔비탄올리베이트,24,,unknown,unmatched
seed_97_ko_official-051,티트리잎오일,티트리잎오일,25,,unknown,unmatched
seed_97_ko_official-051,펜틸렌글라이콜,펜틸렌글라이콜,26,,unknown,unmatched
seed_97_ko_official-051,에틸헥실글리세린,에틸헥실글리세린,27,,unknown,unmatched
seed_97_ko_official-051,카프릴릴글라이콜,카프릴릴글라이콜,28,,unknown,unmatched
seed_97_ko_official-051,편백수,편백수,29,,unknown,unmatched
seed_97_ko_official-051,소나무잎추출물,소나무잎추출물,30,,unknown,unmatched
seed_97_ko_official-051,다이소듐이디티에이,다이소듐이디티에이,31,,unknown,unmatched
seed_97_ko_official-051,하이알루로닉애씨드,하이알루로닉애씨드,32,,unknown,unmatched
seed_97_ko_official-051,하이드롤라이즈드하이알루로닉애씨드,하이드롤라이즈드하이알루로닉애씨드,33,,unknown,unmatched
seed_97_ko_official-051,소듐하이알루로네이트,소듐하이알루로네이트,34,,unknown,unmatched
seed_97_ko_official-051,옥수수커넬추출물,옥수수커넬추출물,35,,unknown,unmatched
seed_97_ko_official-051,암모늄폴리아크릴로일다이메틸타우레이트,암모늄폴리아크릴로일다이메틸타우레이트,36,,unknown,unmatched
seed_97_ko_official-051,글루코노락톤,글루코노락톤,37,,unknown,unmatched
seed_97_ko_official-051,병풀추출물,병풀추출물,38,,unknown,unmatched
seed_97_ko_official-051,카프릴로일살리실릭애씨드,카프릴로일살리실릭애씨드,39,,unknown,unmatched
seed_97_ko_official-051,프룩탄,프룩탄,40,,unknown,unmatched
seed_97_ko_official-051,글루코오스,글루코오스,41,,unknown,unmatched
seed_97_ko_official-051,칼라민,칼라민,42,,unknown,unmatched
seed_97_ko_official-051,유제놀,유제놀,43,,unknown,unmatched
seed_97_ko_official-052,정제수,정제수,1,,unknown,unmatched
seed_97_ko_official-052,병풀추출물,병풀추출물,2,,unknown,unmatched
seed_97_ko_official-052,메틸프로판다이올,메틸프로판다이올,3,,unknown,unmatched
seed_97_ko_official-052,글리세린,글리세린,4,,unknown,unmatched
seed_97_ko_official-052,"1,2-헥산다이올","1,2-헥산다이올",5,,unknown,unmatched
seed_97_ko_official-052,나이아신아마이드,나이아신아마이드,6,,unknown,unmatched
seed_97_ko_official-052,부틸렌글라이콜,부틸렌글라이콜,7,,unknown,unmatched
seed_97_ko_official-052,펜틸렌글라이콜,펜틸렌글라이콜,8,,unknown,unmatched
seed_97_ko_official-052,하이드록시에틸셀룰로오스,하이드록시에틸셀룰로오스,9,,unknown,unmatched
seed_97_ko_official-052,하이드로제네이티드레시틴,하이드로제네이티드레시틴,10,,unknown,unmatched
seed_97_ko_official-052,잔탄검,잔탄검,11,,unknown,unmatched
seed_97_ko_official-052,아시아티코사이드,아시아티코사이드,12,,unknown,unmatched
seed_97_ko_official-052,마데카식애씨드,마데카식애씨드,13,,unknown,unmatched
seed_97_ko_official-052,에틸헥실글리세린,에틸헥실글리세린,14,,unknown,unmatched
seed_97_ko_official-052,알란토인,알란토인,15,,unknown,unmatched
seed_97_ko_official-052,아데노신,아데노신,16,,unknown,unmatched
seed_97_ko_official-052,비피다발효용해물,비피다발효용해물,17,,unknown,unmatched
seed_97_ko_official-052,다이소듐이디티에이,다이소듐이디티에이,18,,unknown,unmatched
seed_97_ko_official-052,소듐파이테이트,소듐파이테이트,19,,unknown,unmatched
seed_97_ko_official-052,아시아틱애씨드,아시아틱애씨드,20,,unknown,unmatched
seed_97_ko_official-052,글루코노락톤,글루코노락톤,21,,unknown,unmatched
seed_97_ko_official-052,소듐디엔에이,소듐디엔에이,22,,unknown,unmatched
seed_97_ko_official-052,소듐시트레이트,소듐시트레이트,23,,unknown,unmatched
seed_97_ko_official-052,소듐하이알루로네이트,소듐하이알루로네이트,24,,unknown,unmatched
seed_97_ko_official-052,마데카소사이드,마데카소사이드,25,,unknown,unmatched
seed_97_ko_official-052,카보머,카보머,26,,unknown,unmatched
seed_97_ko_official-052,소듐락테이트,소듐락테이트,27,,unknown,unmatched
seed_97_ko_official-052,글리세릴글루코사이드,글리세릴글루코사이드,28,,unknown,unmatched
seed_97_ko_official-052,폴리솔베이트20,폴리솔베이트20,29,,unknown,unmatched
seed_97_ko_official-052,폴리글루타믹애씨드,폴리글루타믹애씨드,30,,unknown,unmatched
seed_97_ko_official-052,수용성콜라겐,수용성콜라겐,31,,unknown,unmatched
seed_97_ko_official-052,레시틴,레시틴,32,,unknown,unmatched
seed_97_ko_official-052,다이포타슘글리시리제이트,다이포타슘글리시리제이트,33,,unknown,unmatched
seed_97_ko_official-052,소듐피씨에이,소듐피씨에이,34,,unknown,unmatched
seed_97_ko_official-052,토코페롤,토코페롤,35,,unknown,unmatched
seed_97_ko_official-052,팔미토일트라이펩타이드-1,팔미토일트라이펩타이드-1,36,,unknown,unmatched
seed_97_ko_official-052,알지닌,알지닌,37,,unknown,unmatched
seed_97_ko_official-052,세라마이드엔피,세라마이드엔피,38,,unknown,unmatched
seed_97_ko_official-052,팔미토일테트라펩타이드-7,팔미토일테트라펩타이드-7,39,,unknown,unmatched
seed_97_ko_official-052,팔미토일펜타펩타이드-4,팔미토일펜타펩타이드-4,40,,unknown,unmatched
seed_97_ko_official-053,정제수,정제수,1,,unknown,unmatched
seed_97_ko_official-053,병풀추출물,병풀추출물,2,,unknown,unmatched
seed_97_ko_official-053,글리세린,글리세린,3,,unknown,unmatched
seed_97_ko_official-053,나이아신아마이드,나이아신아마이드,4,,unknown,unmatched
seed_97_ko_official-053,세틸에틸헥사노에이트,세틸에틸헥사노에이트,5,,unknown,unmatched
seed_97_ko_official-053,카프릴릭/카프릭트라이글리세라이드,카프릴릭/카프릭트라이글리세라이드,6,,unknown,unmatched
seed_97_ko_official-053,"1,2-헥산다이올","1,2-헥산다이올",7,,unknown,unmatched
seed_97_ko_official-053,부틸렌글라이콜,부틸렌글라이콜,8,,unknown,unmatched
seed_97_ko_official-053,폴리메틸실세스퀴옥세인,폴리메틸실세스퀴옥세인,9,,unknown,unmatched
seed_97_ko_official-053,다이프로필렌글라이콜,다이프로필렌글라이콜,10,,unknown,unmatched
seed_97_ko_official-053,카보머,카보머,11,,unknown,unmatched
seed_97_ko_official-053,판테놀,판테놀,12,,unknown,unmatched
seed_97_ko_official-053,헥실레조시놀,헥실레조시놀,13,,unknown,unmatched
seed_97_ko_official-053,트로메타민,트로메타민,14,,unknown,unmatched
seed_97_ko_official-053,하이드록시에틸아크릴레이트/소듐아크릴로일다이메틸타우레이트코폴리머,하이드록시에틸아크릴레이트/소듐아크릴로일다이메틸타우레이트코폴리머,15,,unknown,unmatched
seed_97_ko_official-053,하이드로제네이티드레시틴,하이드로제네이티드레시틴,16,,unknown,unmatched
seed_97_ko_official-053,에틸헥실글리세린,에틸헥실글리세린,17,,unknown,unmatched
seed_97_ko_official-053,세테아릴올리베이트,세테아릴올리베이트,18,,unknown,unmatched
seed_97_ko_official-053,아크릴레이트/C10-30알킬아크릴레이트크로스폴리머,아크릴레이트/C10-30알킬아크릴레이트크로스폴리머,19,,unknown,unmatched
seed_97_ko_official-053,알파-알부틴,알파-알부틴,20,,unknown,unmatched
seed_97_ko_official-053,솔비탄올리베이트,솔비탄올리베이트,21,,unknown,unmatched
seed_97_ko_official-053,변성알코올,변성알코올,22,,unknown,unmatched
seed_97_ko_official-053,코직애씨드,코직애씨드,23,,unknown,unmatched
seed_97_ko_official-053,마데카식애씨드,마데카식애씨드,24,,unknown,unmatched
seed_97_ko_official-053,아시아티코사이드,아시아티코사이드,25,,unknown,unmatched
seed_97_ko_official-053,아데노신,아데노신,26,,unknown,unmatched
seed_97_ko_official-053,다이소듐이디티에이,다이소듐이디티에이,27,,unknown,unmatched
seed_97_ko_official-053,맥아추출물,맥아추출물,28,,unknown,unmatched
seed_97_ko_official-053,솔비탄아이소스테아레이트,솔비탄아이소스테아레이트,29,,unknown,unmatched
seed_97_ko_official-053,아시아틱애씨드,아시아틱애씨드,30,,unknown,unmatched
seed_97_ko_official-053,페룰릭애씨드,페룰릭애씨드,31,,unknown,unmatched
seed_97_ko_official-053,마데카소사이드,마데카소사이드,32,,unknown,unmatched
seed_97_ko_official-053,황벽나무나무껍질추출물,황벽나무나무껍질추출물,33,,unknown,unmatched
seed_97_ko_official-053,베타-글루칸,베타-글루칸,34,,unknown,unmatched
seed_97_ko_official-053,토코페롤,토코페롤,35,,unknown,unmatched
seed_97_ko_official-053,호호바씨오일,호호바씨오일,36,,unknown,unmatched
seed_97_ko_official-053,엑토인,엑토인,37,,unknown,unmatched
seed_97_ko_official-053,비타민나무열매오일,비타민나무열매오일,38,,unknown,unmatched
seed_97_ko_official-053,카놀라오일,카놀라오일,39,,unknown,unmatched
seed_97_ko_official-053,베타-시토스테롤,베타-시토스테롤,40,,unknown,unmatched
seed_97_ko_official-053,파이토스테롤,파이토스테롤,41,,unknown,unmatched
seed_97_ko_official-053,팔미토일트라이펩타이드-5,팔미토일트라이펩타이드-5,42,,unknown,unmatched
seed_97_ko_official-053,당근씨오일,당근씨오일,43,,unknown,unmatched
seed_97_ko_official-053,당근뿌리추출물,당근뿌리추출물,44,,unknown,unmatched
seed_97_ko_official-053,토코페릴아세테이트,토코페릴아세테이트,45,,unknown,unmatched
seed_97_ko_official-053,해바라기씨오일,해바라기씨오일,46,,unknown,unmatched
seed_97_ko_official-053,베타-카로틴,베타-카로틴,47,,unknown,unmatched
seed_97_ko_official-053,소듐디엔에이,소듐디엔에이,48,,unknown,unmatched
seed_97_ko_official-053,해송나무껍질추출물,해송나무껍질추출물,49,,unknown,unmatched
seed_97_ko_official-054,정제수,정제수,1,,unknown,unmatched
seed_97_ko_official-054,프로판다이올,프로판다이올,2,,unknown,unmatched
seed_97_ko_official-054,"1,2-헥산다이올","1,2-헥산다이올",3,,unknown,unmatched
seed_97_ko_official-054,글리세린,글리세린,4,,unknown,unmatched
seed_97_ko_official-054,병풀추출물,병풀추출물,5,,unknown,unmatched
seed_97_ko_official-054,하이드록시아세토페논,하이드록시아세토페논,6,,unknown,unmatched
seed_97_ko_official-054,베타인,베타인,7,,unknown,unmatched
seed_97_ko_official-054,미네랄솔트,미네랄솔트,8,,unknown,unmatched
seed_97_ko_official-054,판테놀,판테놀,9,,unknown,unmatched
seed_97_ko_official-054,에틸헥실글리세린,에틸헥실글리세린,10,,unknown,unmatched
seed_97_ko_official-054,소듐폴리아크릴로일다이메틸타우레이트,소듐폴리아크릴로일다이메틸타우레이트,11,,unknown,unmatched
seed_97_ko_official-054,다이소듐이디티에이,다이소듐이디티에이,12,,unknown,unmatched
seed_97_ko_official-054,부틸렌글라이콜,부틸렌글라이콜,13,,unknown,unmatched
seed_97_ko_official-054,흰버드나무나무껍질추출물,흰버드나무나무껍질추출물,14,,unknown,unmatched
seed_97_ko_official-054,밤껍질추출물,밤껍질추출물,15,,unknown,unmatched
seed_97_ko_official-054,라벤더꽃추출물,라벤더꽃추출물,16,,unknown,unmatched
seed_97_ko_official-054,하이알루로닉애씨드,하이알루로닉애씨드,17,,unknown,unmatched
seed_97_ko_official-054,하이드롤라이즈드하이알루로닉애씨드,하이드롤라이즈드하이알루로닉애씨드,18,,unknown,unmatched
seed_97_ko_official-054,소듐하이알루로네이트,소듐하이알루로네이트,19,,unknown,unmatched
seed_97_ko_official-054,알란토인,알란토인,20,,unknown,unmatched
seed_97_ko_official-054,시트릭애씨드,시트릭애씨드,21,,unknown,unmatched
seed_97_ko_official-054,카프릴로일살리실릭애씨드,카프릴로일살리실릭애씨드,22,,unknown,unmatched
seed_97_ko_official-054,글루코노락톤,글루코노락톤,23,,unknown,unmatched
seed_97_ko_official-054,소듐시트레이트,소듐시트레이트,24,,unknown,unmatched
seed_97_ko_official-054,살리실릭애씨드,살리실릭애씨드,25,,unknown,unmatched
seed_97_ko_official-054,글라이콜릭애씨드,글라이콜릭애씨드,26,,unknown,unmatched
seed_97_ko_official-055,정제수,정제수,1,,unknown,unmatched
seed_97_ko_official-055,프로판다이올,프로판다이올,2,,unknown,unmatched
seed_97_ko_official-055,알로에베라잎추출물,알로에베라잎추출물,3,,unknown,unmatched
seed_97_ko_official-055,"1,2-헥산다이올","1,2-헥산다이올",4,,unknown,unmatched
seed_97_ko_official-055,나이아신아마이드,나이아신아마이드,5,,unknown,unmatched
seed_97_ko_official-055,글리세린,글리세린,6,,unknown,unmatched
seed_97_ko_official-055,자일리톨,자일리톨,7,,unknown,unmatched
seed_97_ko_official-055,부틸렌글라이콜,부틸렌글라이콜,8,,unknown,unmatched
seed_97_ko_official-055,병풀추출물,병풀추출물,9,,unknown,unmatched
seed_97_ko_official-055,카보머,카보머,10,,unknown,unmatched
seed_97_ko_official-055,트로메타민,트로메타민,11,,unknown,unmatched
seed_97_ko_official-055,소듐폴리아크릴로일다이메틸타우레이트,소듐폴리아크릴로일다이메틸타우레이트,12,,unknown,unmatched
seed_97_ko_official-055,바이오사카라이드검-1,바이오사카라이드검-1,13,,unknown,unmatched
seed_97_ko_official-055,베타인,베타인,14,,unknown,unmatched
seed_97_ko_official-055,피브이피,피브이피,15,,unknown,unmatched
seed_97_ko_official-055,돌나물추출물,돌나물추출물,16,,unknown,unmatched
seed_97_ko_official-055,하이드로제네이티드폴리데센,하이드로제네이티드폴리데센,17,,unknown,unmatched
seed_97_ko_official-055,에틸헥실글리세린,에틸헥실글리세린,18,,unknown,unmatched
seed_97_ko_official-055,아데노신,아데노신,19,,unknown,unmatched
seed_97_ko_official-055,하이드록시에틸셀룰로오스,하이드록시에틸셀룰로오스,20,,unknown,unmatched
seed_97_ko_official-055,코키니아인디카열매추출물,코키니아인디카열매추출물,21,,unknown,unmatched
seed_97_ko_official-055,한련초추출물,한련초추출물,22,,unknown,unmatched
seed_97_ko_official-055,가수분해치자추출물,가수분해치자추출물,23,,unknown,unmatched
seed_97_ko_official-055,하이드롤라이즈드맥아추출물,하이드롤라이즈드맥아추출물,24,,unknown,unmatched
seed_97_ko_official-055,다이소듐이디티에이,다이소듐이디티에이,25,,unknown,unmatched
seed_97_ko_official-055,가수분해삼색제비꽃추출물,가수분해삼색제비꽃추출물,26,,unknown,unmatched
seed_97_ko_official-055,트라이데세스-10,트라이데세스-10,27,,unknown,unmatched
seed_97_ko_official-055,해수,해수,28,,unknown,unmatched
seed_97_ko_official-055,판테놀,판테놀,29,,unknown,unmatched
seed_97_ko_official-055,하이알루로닉애씨드,하이알루로닉애씨드,30,,unknown,unmatched
seed_97_ko_official-055,하이드롤라이즈드하이알루로닉애씨드,하이드롤라이즈드하이알루로닉애씨드,31,,unknown,unmatched
seed_97_ko_official-055,소듐하이알루로네이트,소듐하이알루로네이트,32,,unknown,unmatched
seed_97_ko_official-055,님꽃추출물,님꽃추출물,33,,unknown,unmatched
seed_97_ko_official-055,자일리틸글루코사이드,자일리틸글루코사이드,34,,unknown,unmatched
seed_97_ko_official-055,홀리바질잎추출물,홀리바질잎추출물,35,,unknown,unmatched
seed_97_ko_official-055,안하이드록시자일리톨,안하이드록시자일리톨,36,,unknown,unmatched
seed_97_ko_official-055,님잎추출물,님잎추출물,37,,unknown,unmatched
seed_97_ko_official-055,달맞이꽃꽃추출물,달맞이꽃꽃추출물,38,,unknown,unmatched
seed_97_ko_official-055,칡뿌리추출물,칡뿌리추출물,39,,unknown,unmatched
seed_97_ko_official-055,소나무잎추출물,소나무잎추출물,40,,unknown,unmatched
seed_97_ko_official-055,느릅나무뿌리추출물,느릅나무뿌리추출물,41,,unknown,unmatched
seed_97_ko_official-055,울금뿌리추출물,울금뿌리추출물,42,,unknown,unmatched
seed_97_ko_official-055,산호말추출물,산호말추출물,43,,unknown,unmatched
seed_97_ko_official-055,밤껍질추출물,밤껍질추출물,44,,unknown,unmatched
seed_97_ko_official-055,위치하젤잎수,위치하젤잎수,45,,unknown,unmatched
seed_97_ko_official-055,라벤더꽃추출물,라벤더꽃추출물,46,,unknown,unmatched
seed_97_ko_official-055,편백수,편백수,47,,unknown,unmatched
seed_97_ko_official-055,퀴노아씨추출물,퀴노아씨추출물,48,,unknown,unmatched
seed_97_ko_official-055,알란토인,알란토인,49,,unknown,unmatched
seed_97_ko_official-055,카올린,카올린,50,,unknown,unmatched
seed_97_ko_official-055,미네랄솔트,미네랄솔트,51,,unknown,unmatched
seed_97_ko_official-056,정제수,정제수,1,,unknown,unmatched
seed_97_ko_official-056,미리스틱애씨드,미리스틱애씨드,2,,unknown,unmatched
seed_97_ko_official-056,글리세린,글리세린,3,,unknown,unmatched
seed_97_ko_official-056,포타슘하이드록사이드,포타슘하이드록사이드,4,,unknown,unmatched
seed_97_ko_official-056,스테아릭애씨드,스테아릭애씨드,5,,unknown,unmatched
seed_97_ko_official-056,글리세릴스테아레이트,글리세릴스테아레이트,6,,unknown,unmatched
seed_97_ko_official-056,팔미틱애씨드,팔미틱애씨드,7,,unknown,unmatched
seed_97_ko_official-056,코카미도프로필베타인,코카미도프로필베타인,8,,unknown,unmatched
seed_97_ko_official-056,소듐C14-16올레핀설포네이트,소듐C14-16올레핀설포네이트,9,,unknown,unmatched
seed_97_ko_official-056,부틸렌글라이콜,부틸렌글라이콜,10,,unknown,unmatched
seed_97_ko_official-056,글루코오스,글루코오스,11,,unknown,unmatched
seed_97_ko_official-056,"1,2-헥산다이올","1,2-헥산다이올",12,,unknown,unmatched
seed_97_ko_official-056,소듐클로라이드,소듐클로라이드,13,,unknown,unmatched
seed_97_ko_official-056,병풀추출물,병풀추출물,14,,unknown,unmatched
seed_97_ko_official-056,솔비톨,솔비톨,15,,unknown,unmatched
seed_97_ko_official-056,아크릴레이트/C10-30알킬아크릴레이트크로스폴리머,아크릴레이트/C10-30알킬아크릴레이트크로스폴리머,16,,unknown,unmatched
seed_97_ko_official-056,로즈마리잎오일,로즈마리잎오일,17,,unknown,unmatched
seed_97_ko_official-056,세테아릴알코올,세테아릴알코올,18,,unknown,unmatched
seed_97_ko_official-056,포타슘벤조에이트,포타슘벤조에이트,19,,unknown,unmatched
seed_97_ko_official-056,폴리쿼터늄-67,폴리쿼터늄-67,20,,unknown,unmatched
seed_97_ko_official-056,파파인,파파인,21,,unknown,unmatched
seed_97_ko_official-056,하이드로제네이티드폴리데센,하이드로제네이티드폴리데센,22,,unknown,unmatched
seed_97_ko_official-056,아라키딕애씨드,아라키딕애씨드,23,,unknown,unmatched
seed_97_ko_official-056,라우릭애씨드,라우릭애씨드,24,,unknown,unmatched
seed_97_ko_official-056,알로에베라잎추출물,알로에베라잎추출물,25,,unknown,unmatched
seed_97_ko_official-056,소듐시트레이트,소듐시트레이트,26,,unknown,unmatched
seed_97_ko_official-056,프로판다이올,프로판다이올,27,,unknown,unmatched
seed_97_ko_official-056,레몬열매추출물,레몬열매추출물,28,,unknown,unmatched
seed_97_ko_official-056,사과열매추출물,사과열매추출물,29,,unknown,unmatched
seed_97_ko_official-056,식초,식초,30,,unknown,unmatched
seed_97_ko_official-056,코키니아인디카열매추출물,코키니아인디카열매추출물,31,,unknown,unmatched
seed_97_ko_official-056,한련초추출물,한련초추출물,32,,unknown,unmatched
seed_97_ko_official-056,트라이소듐에틸렌다이아민다이석시네이트,트라이소듐에틸렌다이아민다이석시네이트,33,,unknown,unmatched
seed_97_ko_official-056,올레익애씨드,올레익애씨드,34,,unknown,unmatched
seed_97_ko_official-056,카올린,카올린,35,,unknown,unmatched
seed_97_ko_official-056,미네랄솔트,미네랄솔트,36,,unknown,unmatched
seed_97_ko_official-056,시트릭애씨드,시트릭애씨드,37,,unknown,unmatched
seed_97_ko_official-056,달맞이꽃꽃추출물,달맞이꽃꽃추출물,38,,unknown,unmatched
seed_97_ko_official-056,칡뿌리추출물,칡뿌리추출물,39,,unknown,unmatched
seed_97_ko_official-056,소나무잎추출물,소나무잎추출물,40,,unknown,unmatched
seed_97_ko_official-056,느릅나무뿌리추출물,느릅나무뿌리추출물,41,,unknown,unmatched
seed_97_ko_official-056,다이소듐이디티에이,다이소듐이디티에이,42,,unknown,unmatched
seed_97_ko_official-057,정제수,정제수,1,,unknown,unmatched
seed_97_ko_official-057,부틸렌글라이콜,부틸렌글라이콜,2,,unknown,unmatched
seed_97_ko_official-057,글리세린,글리세린,3,,unknown,unmatched
seed_97_ko_official-057,나이아신아마이드,나이아신아마이드,4,,unknown,unmatched
seed_97_ko_official-057,"1,2-헥산다이올","1,2-헥산다이올",5,,unknown,unmatched
seed_97_ko_official-057,글리세릴글루코사이드,글리세릴글루코사이드,6,,unknown,unmatched
seed_97_ko_official-057,자일리틸글루코사이드,자일리틸글루코사이드,7,,unknown,unmatched
seed_97_ko_official-057,안하이드록시자일리톨,안하이드록시자일리톨,8,,unknown,unmatched
seed_97_ko_official-057,알란토인,알란토인,9,,unknown,unmatched
seed_97_ko_official-057,카보머,카보머,10,,unknown,unmatched
seed_97_ko_official-057,알지닌,알지닌,11,,unknown,unmatched
seed_97_ko_official-057,자일리톨,자일리톨,12,,unknown,unmatched
seed_97_ko_official-057,병풀추출물,병풀추출물,13,,unknown,unmatched
seed_97_ko_official-057,폴리글리세릴-10라우레이트,폴리글리세릴-10라우레이트,14,,unknown,unmatched
seed_97_ko_official-057,에틸헥실글리세린,에틸헥실글리세린,15,,unknown,unmatched
seed_97_ko_official-057,잔탄검,잔탄검,16,,unknown,unmatched
seed_97_ko_official-057,아데노신,아데노신,17,,unknown,unmatched
seed_97_ko_official-057,글루코오스,글루코오스,18,,unknown,unmatched
seed_97_ko_official-057,다이소듐이디티에이,다이소듐이디티에이,19,,unknown,unmatched
seed_97_ko_official-057,하이드로제네이티드레시틴,하이드로제네이티드레시틴,20,,unknown,unmatched
seed_97_ko_official-057,바나나꽃추출물,바나나꽃추출물,21,,unknown,unmatched
seed_97_ko_official-057,다마스크장미꽃수,다마스크장미꽃수,22,,unknown,unmatched
seed_97_ko_official-057,배열매추출물,배열매추출물,23,,unknown,unmatched
seed_97_ko_official-057,자두열매추출물,자두열매추출물,24,,unknown,unmatched
seed_97_ko_official-057,스쿠알란,스쿠알란,25,,unknown,unmatched
seed_97_ko_official-057,멜론열매추출물,멜론열매추출물,26,,unknown,unmatched
seed_97_ko_official-057,아이비잎/줄기추출물,아이비잎/줄기추출물,27,,unknown,unmatched
seed_97_ko_official-057,소듐하이알루로네이트,소듐하이알루로네이트,28,,unknown,unmatched
seed_97_ko_official-057,세라마이드엔피,세라마이드엔피,29,,unknown,unmatched
seed_97_ko_official-057,세틸에틸헥사노에이트,세틸에틸헥사노에이트,30,,unknown,unmatched
seed_97_ko_official-057,콜레스테롤,콜레스테롤,31,,unknown,unmatched
seed_97_ko_official-057,마카다미아씨오일,마카다미아씨오일,32,,unknown,unmatched
seed_97_ko_official-057,유채스테롤,유채스테롤,33,,unknown,unmatched
seed_97_ko_official-057,올레익애씨드,올레익애씨드,34,,unknown,unmatched
seed_97_ko_official-057,스테아릭애씨드,스테아릭애씨드,35,,unknown,unmatched
seed_97_ko_official-057,토코페롤,토코페롤,36,,unknown,unmatched
seed_97_ko_official-057,하이알루로닉애씨드,하이알루로닉애씨드,37,,unknown,unmatched
seed_97_ko_official-057,하이드롤라이즈드하이알루로닉애씨드,하이드롤라이즈드하이알루로닉애씨드,38,,unknown,unmatched
seed_97_ko_official-057,하이드롤라이즈드소듐하이알루로네이트,하이드롤라이즈드소듐하이알루로네이트,39,,unknown,unmatched
seed_97_ko_official-058,어성초꽃/잎/줄기수,어성초꽃/잎/줄기수,1,,unknown,unmatched
seed_97_ko_official-058,정제수,정제수,2,,unknown,unmatched
seed_97_ko_official-058,"1,2-헥산다이올","1,2-헥산다이올",3,,unknown,unmatched
seed_97_ko_official-058,글리세린,글리세린,4,,unknown,unmatched
seed_97_ko_official-058,베타인,베타인,5,,unknown,unmatched
seed_97_ko_official-058,부틸렌글라이콜,부틸렌글라이콜,6,,unknown,unmatched
seed_97_ko_official-058,아이소펜틸다이올,아이소펜틸다이올,7,,unknown,unmatched
seed_97_ko_official-058,판테놀,판테놀,8,,unknown,unmatched
seed_97_ko_official-058,아크릴레이트/C10-30알킬아크릴레이트크로스폴리머,아크릴레이트/C10-30알킬아크릴레이트크로스폴리머,9,,unknown,unmatched
seed_97_ko_official-058,다이소듐이디티에이,다이소듐이디티에이,10,,unknown,unmatched
seed_97_ko_official-058,트로메타민,트로메타민,11,,unknown,unmatched
seed_97_ko_official-058,병풀추출물,병풀추출물,12,,unknown,unmatched
seed_97_ko_official-058,우엉뿌리추출물,우엉뿌리추출물,13,,unknown,unmatched
seed_97_ko_official-058,상황버섯추출물,상황버섯추출물,14,,unknown,unmatched
seed_97_ko_official-058,쇠비름추출물,쇠비름추출물,15,,unknown,unmatched
seed_97_ko_official-058,캐모마일꽃추출물,캐모마일꽃추출물,16,,unknown,unmatched
seed_97_ko_official-058,체이스트트리추출물,체이스트트리추출물,17,,unknown,unmatched
seed_97_ko_official-058,소듐하이알루로네이트,소듐하이알루로네이트,18,,unknown,unmatched
seed_97_ko_official-058,하이드록시프로필트라이모늄하이알루로네이트,하이드록시프로필트라이모늄하이알루로네이트,19,,unknown,unmatched
seed_97_ko_official-058,하이드롤라이즈드하이알루로닉애씨드,하이드롤라이즈드하이알루로닉애씨드,20,,unknown,unmatched
seed_97_ko_official-058,소듐아세틸레이티드하이알루로네이트,소듐아세틸레이티드하이알루로네이트,21,,unknown,unmatched
seed_97_ko_official-058,하이알루로닉애씨드,하이알루로닉애씨드,22,,unknown,unmatched
seed_97_ko_official-058,소듐하이알루로네이트크로스폴리머,소듐하이알루로네이트크로스폴리머,23,,unknown,unmatched
seed_97_ko_official-058,포타슘하이알루로네이트,포타슘하이알루로네이트,24,,unknown,unmatched
seed_97_ko_official-059,에틸헥실팔미테이트,에틸헥실팔미테이트,1,,unknown,unmatched
seed_97_ko_official-059,솔베스-30테트라올리에이트,솔베스-30테트라올리에이트,2,,unknown,unmatched
seed_97_ko_official-059,솔비탄세스퀴올리에이트,솔비탄세스퀴올리에이트,3,,unknown,unmatched
seed_97_ko_official-059,카프릴릭/카프릭트라이글리세라이드,카프릴릭/카프릭트라이글리세라이드,4,,unknown,unmatched
seed_97_ko_official-059,부틸아보카데이트,부틸아보카데이트,5,,unknown,unmatched
seed_97_ko_official-059,향료,향료,6,,unknown,unmatched
seed_97_ko_official-059,해바라기씨오일,해바라기씨오일,7,,unknown,unmatched
seed_97_ko_official-059,마카다미아씨오일,마카다미아씨오일,8,,unknown,unmatched
seed_97_ko_official-059,올리브열매오일,올리브열매오일,9,,unknown,unmatched
seed_97_ko_official-059,호호바씨오일,호호바씨오일,10,,unknown,unmatched
seed_97_ko_official-059,포도씨오일,포도씨오일,11,,unknown,unmatched
seed_97_ko_official-059,카프릴릴글라이콜,카프릴릴글라이콜,12,,unknown,unmatched
seed_97_ko_official-059,에틸헥실글리세린,에틸헥실글리세린,13,,unknown,unmatched
seed_97_ko_official-059,울금뿌리추출물,울금뿌리추출물,14,,unknown,unmatched
seed_97_ko_official-059,님꽃추출물,님꽃추출물,15,,unknown,unmatched
seed_97_ko_official-059,토코페롤,토코페롤,16,,unknown,unmatched
seed_97_ko_official-059,님잎추출물,님잎추출물,17,,unknown,unmatched
seed_97_ko_official-059,어성초추출물,어성초추출물,18,,unknown,unmatched
seed_97_ko_official-059,산호말추출물,산호말추출물,19,,unknown,unmatched
seed_97_ko_official-059,님나무껍질추출물,님나무껍질추출물,20,,unknown,unmatched
seed_97_ko_official-059,모링가씨오일,모링가씨오일,21,,unknown,unmatched
seed_97_ko_official-059,홀리바질잎추출물,홀리바질잎추출물,22,,unknown,unmatched
seed_97_ko_official-060,어성초꽃/잎/줄기수,어성초꽃/잎/줄기수,1,,unknown,unmatched
seed_97_ko_official-060,글리세린,글리세린,2,,unknown,unmatched
seed_97_ko_official-060,소듐코코일글리시네이트,소듐코코일글리시네이트,3,,unknown,unmatched
seed_97_ko_official-060,정제수,정제수,4,,unknown,unmatched
seed_97_ko_official-060,소듐라우로일글루타메이트,소듐라우로일글루타메이트,5,,unknown,unmatched
seed_97_ko_official-060,다이소듐코코암포다이아세테이트,다이소듐코코암포다이아세테이트,6,,unknown,unmatched
seed_97_ko_official-060,코코-글루코사이드,코코-글루코사이드,7,,unknown,unmatched
seed_97_ko_official-060,데실글루코사이드,데실글루코사이드,8,,unknown,unmatched
seed_97_ko_official-060,헥토라이트,헥토라이트,9,,unknown,unmatched
seed_97_ko_official-060,소듐클로라이드,소듐클로라이드,10,,unknown,unmatched
seed_97_ko_official-060,"1,2-헥산다이올","1,2-헥산다이올",11,,unknown,unmatched
seed_97_ko_official-060,베타인살리실레이트,베타인살리실레이트,12,,unknown,unmatched
seed_97_ko_official-060,포타슘벤조에이트,포타슘벤조에이트,13,,unknown,unmatched
seed_97_ko_official-060,어성초가루,어성초가루,14,,unknown,unmatched
seed_97_ko_official-060,폴리쿼터늄-67,폴리쿼터늄-67,15,,unknown,unmatched
seed_97_ko_official-060,아크릴레이트/C10-30알킬아크릴레이트크로스폴리머,아크릴레이트/C10-30알킬아크릴레이트크로스폴리머,16,,unknown,unmatched
seed_97_ko_official-060,부틸렌글라이콜,부틸렌글라이콜,17,,unknown,unmatched
seed_97_ko_official-060,치자열매추출물,치자열매추출물,18,,unknown,unmatched
seed_97_ko_official-060,덱스트린,덱스트린,19,,unknown,unmatched
seed_97_ko_official-060,다이소듐이디티에이,다이소듐이디티에이,20,,unknown,unmatched
seed_97_ko_official-060,유칼립투스잎오일,유칼립투스잎오일,21,,unknown,unmatched
seed_97_ko_official-060,에틸헥실글리세린,에틸헥실글리세린,22,,unknown,unmatched
seed_97_ko_official-060,소듐아세테이트,소듐아세테이트,23,,unknown,unmatched
seed_97_ko_official-060,아이소프로필알코올,아이소프로필알코올,24,,unknown,unmatched
seed_97_ko_official-060,소나무잎추출물,소나무잎추출물,25,,unknown,unmatched
seed_97_ko_official-060,느릅나무뿌리추출물,느릅나무뿌리추출물,26,,unknown,unmatched
seed_97_ko_official-060,달맞이꽃꽃추출물,달맞이꽃꽃추출물,27,,unknown,unmatched
seed_97_ko_official-060,칡뿌리추출물,칡뿌리추출물,28,,unknown,unmatched
seed_97_ko_official-060,펜틸렌글라이콜,펜틸렌글라이콜,29,,unknown,unmatched
seed_97_ko_official-060,카프릴로일살리실릭애씨드,카프릴로일살리실릭애씨드,30,,unknown,unmatched
seed_97_ko_official-060,토코페롤,토코페롤,31,,unknown,unmatched
seed_97_ko_official-060,하이드롤라이즈드하이알루로닉애씨드,하이드롤라이즈드하이알루로닉애씨드,32,,unknown,unmatched
seed_97_ko_official-060,하이알루로닉애씨드,하이알루로닉애씨드,33,,unknown,unmatched
seed_97_ko_official-060,하이드롤라이즈드소듐하이알루로네이트,하이드롤라이즈드소듐하이알루로네이트,34,,unknown,unmatched
seed_97_ko_official-060,소듐하이알루로네이트,소듐하이알루로네이트,35,,unknown,unmatched
seed_97_ko_official-060,포타슘하이알루로네이트,포타슘하이알루로네이트,36,,unknown,unmatched
seed_97_ko_official-060,하이드록시프로필트라이모늄하이알루로네이트,하이드록시프로필트라이모늄하이알루로네이트,37,,unknown,unmatched
seed_97_ko_official-060,소듐하이알루로네이트크로스폴리머,소듐하이알루로네이트크로스폴리머,38,,unknown,unmatched
seed_97_ko_official-060,소듐아세틸레이티드하이알루로네이트,소듐아세틸레이티드하이알루로네이트,39,,unknown,unmatched
seed_97_ko_official-060,퀘르세틴,퀘르세틴,40,,unknown,unmatched
seed_97_ko_official-061,정제수,정제수,1,,unknown,unmatched
seed_97_ko_official-061,글리세린,글리세린,2,,unknown,unmatched
seed_97_ko_official-061,나이아신아마이드,나이아신아마이드,3,,unknown,unmatched
seed_97_ko_official-061,트라넥사믹애씨드,트라넥사믹애씨드,4,,unknown,unmatched
seed_97_ko_official-061,부틸렌글라이콜,부틸렌글라이콜,5,,unknown,unmatched
seed_97_ko_official-061,다이에톡시에틸석시네이트,다이에톡시에틸석시네이트,6,,unknown,unmatched
seed_97_ko_official-061,"1,2-헥산다이올","1,2-헥산다이올",7,,unknown,unmatched
seed_97_ko_official-061,알부틴,알부틴,8,,unknown,unmatched
seed_97_ko_official-061,소듐하이알루로네이트,소듐하이알루로네이트,9,,unknown,unmatched
seed_97_ko_official-061,알파-알부틴,알파-알부틴,10,,unknown,unmatched
seed_97_ko_official-061,코키니아인디카열매추출물,코키니아인디카열매추출물,11,,unknown,unmatched
seed_97_ko_official-061,한련초추출물,한련초추출물,12,,unknown,unmatched
seed_97_ko_official-061,마카다미아씨오일,마카다미아씨오일,13,,unknown,unmatched
seed_97_ko_official-061,올리브열매오일,올리브열매오일,14,,unknown,unmatched
seed_97_ko_official-061,호호바씨오일,호호바씨오일,15,,unknown,unmatched
seed_97_ko_official-061,포도씨오일,포도씨오일,16,,unknown,unmatched
seed_97_ko_official-061,카카오추출물,카카오추출물,17,,unknown,unmatched
seed_97_ko_official-061,하이드롤라이즈드하이알루로닉애씨드,하이드롤라이즈드하이알루로닉애씨드,18,,unknown,unmatched
seed_97_ko_official-061,편백잎추출물,편백잎추출물,19,,unknown,unmatched
seed_97_ko_official-061,복숭아꽃추출물,복숭아꽃추출물,20,,unknown,unmatched
seed_97_ko_official-061,녹차씨오일,녹차씨오일,21,,unknown,unmatched
seed_97_ko_official-061,효모발효추출물,효모발효추출물,22,,unknown,unmatched
seed_97_ko_official-061,병풀추출물,병풀추출물,23,,unknown,unmatched
seed_97_ko_official-061,쑥잎추출물,쑥잎추출물,24,,unknown,unmatched
seed_97_ko_official-061,칸디다봄비콜라/글루코오스/메틸레이프시데이트발효물,칸디다봄비콜라/글루코오스/메틸레이프시데이트발효물,25,,unknown,unmatched
seed_97_ko_official-061,하이알루로닉애씨드,하이알루로닉애씨드,26,,unknown,unmatched
seed_97_ko_official-061,펜틸렌글라이콜,펜틸렌글라이콜,27,,unknown,unmatched
seed_97_ko_official-061,베타인살리실레이트,베타인살리실레이트,28,,unknown,unmatched
seed_97_ko_official-061,수크로오스팔미테이트,수크로오스팔미테이트,29,,unknown,unmatched
seed_97_ko_official-061,하이드로제네이티드레시틴,하이드로제네이티드레시틴,30,,unknown,unmatched
seed_97_ko_official-061,젤란검,젤란검,31,,unknown,unmatched
seed_97_ko_official-061,소듐파이테이트,소듐파이테이트,32,,unknown,unmatched
seed_97_ko_official-061,셀룰로오스,셀룰로오스,33,,unknown,unmatched
seed_97_ko_official-061,카프릴릭/카프릭트라이글리세라이드,카프릴릭/카프릭트라이글리세라이드,34,,unknown,unmatched
seed_97_ko_official-061,판테놀,판테놀,35,,unknown,unmatched
seed_97_ko_official-061,시아노코발라민,시아노코발라민,36,,unknown,unmatched
seed_97_ko_official-061,폴리글루타믹애씨드,폴리글루타믹애씨드,37,,unknown,unmatched
seed_97_ko_official-061,3-O-에틸아스코빅애씨드,3-O-에틸아스코빅애씨드,38,,unknown,unmatched
seed_97_ko_official-061,세라마이드엔피,세라마이드엔피,39,,unknown,unmatched
seed_97_ko_official-061,덱스트린,덱스트린,40,,unknown,unmatched
seed_97_ko_official-061,아시아티코사이드,아시아티코사이드,41,,unknown,unmatched
seed_97_ko_official-061,마데카식애씨드,마데카식애씨드,42,,unknown,unmatched
seed_97_ko_official-061,아시아틱애씨드,아시아틱애씨드,43,,unknown,unmatched
seed_97_ko_official-061,다이메틸실라놀하이알루로네이트,다이메틸실라놀하이알루로네이트,44,,unknown,unmatched
seed_97_ko_official-061,하이드롤라이즈드소듐하이알루로네이트,하이드롤라이즈드소듐하이알루로네이트,45,,unknown,unmatched
seed_97_ko_official-061,포타슘하이알루로네이트,포타슘하이알루로네이트,46,,unknown,unmatched
seed_97_ko_official-061,하이드록시프로필트라이모늄하이알루로네이트,하이드록시프로필트라이모늄하이알루로네이트,47,,unknown,unmatched
seed_97_ko_official-061,소듐하이알루로네이트크로스폴리머,소듐하이알루로네이트크로스폴리머,48,,unknown,unmatched
seed_97_ko_official-061,소듐하이알루로네이트다이메틸실라놀,소듐하이알루로네이트다이메틸실라놀,49,,unknown,unmatched
seed_97_ko_official-061,소듐아세틸레이티드하이알루로네이트,소듐아세틸레이티드하이알루로네이트,50,,unknown,unmatched
seed_97_ko_official-061,잔탄검,잔탄검,51,,unknown,unmatched
seed_97_ko_official-062,쌀겨수 (71%),쌀겨수,1,71%,known,unmatched
seed_97_ko_official-062,부틸렌글라이콜,부틸렌글라이콜,2,,unknown,unmatched
seed_97_ko_official-062,글리세린,글리세린,3,,unknown,unmatched
seed_97_ko_official-062,다이프로필렌글라이콜,다이프로필렌글라이콜,4,,unknown,unmatched
seed_97_ko_official-062,나이아신아마이드,나이아신아마이드,5,,unknown,unmatched
seed_97_ko_official-062,프로판다이올,프로판다이올,6,,unknown,unmatched
seed_97_ko_official-062,정제수,정제수,7,,unknown,unmatched
seed_97_ko_official-062,"1,2-헥산다이올","1,2-헥산다이올",8,,unknown,unmatched
seed_97_ko_official-062,메틸글루세스-20,메틸글루세스-20,9,,unknown,unmatched
seed_97_ko_official-062,판테놀,판테놀,10,,unknown,unmatched
seed_97_ko_official-062,베타인,베타인,11,,unknown,unmatched
seed_97_ko_official-062,"쌀추출물 (3,753ppm)",쌀추출물,12,"3,753ppm",known,unmatched
seed_97_ko_official-062,하이드록시아세토페논,하이드록시아세토페논,13,,unknown,unmatched
seed_97_ko_official-062,다이페닐다이메티콘,다이페닐다이메티콘,14,,unknown,unmatched
seed_97_ko_official-062,트라이에틸헥사노인,트라이에틸헥사노인,15,,unknown,unmatched
seed_97_ko_official-062,하이드로제네이티드레시틴,하이드로제네이티드레시틴,16,,unknown,unmatched
seed_97_ko_official-062,아데노신,아데노신,17,,unknown,unmatched
seed_97_ko_official-062,에틸헥실글리세린,에틸헥실글리세린,18,,unknown,unmatched
seed_97_ko_official-062,카보머,카보머,19,,unknown,unmatched
seed_97_ko_official-062,트로메타민,트로메타민,20,,unknown,unmatched
seed_97_ko_official-062,잔탄검,잔탄검,21,,unknown,unmatched
seed_97_ko_official-062,글리세릴아크릴레이트/아크릴릭애씨드코폴리머,글리세릴아크릴레이트/아크릴릭애씨드코폴리머,22,,unknown,unmatched
seed_97_ko_official-062,카카오씨추출물,카카오씨추출물,23,,unknown,unmatched
seed_97_ko_official-062,소듐하이알루로네이트,소듐하이알루로네이트,24,,unknown,unmatched
seed_97_ko_official-062,하이드롤라이즈드하이알루로닉애씨드,하이드롤라이즈드하이알루로닉애씨드,25,,unknown,unmatched
seed_97_ko_official-062,하이알루로닉애씨드,하이알루로닉애씨드,26,,unknown,unmatched
seed_97_ko_official-062,덱스트린,덱스트린,27,,unknown,unmatched
seed_97_ko_official-062,"하이드롤라이즈드쌀단백질 (3,000ppb)",하이드롤라이즈드쌀단백질,28,"3,000ppb",known,unmatched
seed_97_ko_official-062,"쌀씨단백질 (3,000ppb)",쌀씨단백질,29,"3,000ppb",known,unmatched
seed_97_ko_official-062,세라마이드엔피,세라마이드엔피,30,,unknown,unmatched
seed_97_ko_official-062,소듐라우로일락틸레이트,소듐라우로일락틸레이트,31,,unknown,unmatched
seed_97_ko_official-062,알부틴,알부틴,32,,unknown,unmatched
seed_97_ko_official-062,아스코빅애씨드,아스코빅애씨드,33,,unknown,unmatched
seed_97_ko_official-062,알란토인,알란토인,34,,unknown,unmatched
seed_97_ko_official-062,세라마이드에이피,세라마이드에이피,35,,unknown,unmatched
seed_97_ko_official-062,파이토스핑고신,파이토스핑고신,36,,unknown,unmatched
seed_97_ko_official-062,콜레스테롤,콜레스테롤,37,,unknown,unmatched
seed_97_ko_official-062,세라마이드이오피,세라마이드이오피,38,,unknown,unmatched
seed_97_ko_official-063,쌀겨수,쌀겨수,1,,unknown,unmatched
seed_97_ko_official-063,다이프로필렌글라이콜,다이프로필렌글라이콜,2,,unknown,unmatched
seed_97_ko_official-063,글리세린,글리세린,3,,unknown,unmatched
seed_97_ko_official-063,메틸프로판다이올,메틸프로판다이올,4,,unknown,unmatched
seed_97_ko_official-063,정제수,정제수,5,,unknown,unmatched
seed_97_ko_official-063,부틸렌글라이콜,부틸렌글라이콜,6,,unknown,unmatched
seed_97_ko_official-063,메틸글루세스-10,메틸글루세스-10,7,,unknown,unmatched
seed_97_ko_official-063,나이아신아마이드,나이아신아마이드,8,,unknown,unmatched
seed_97_ko_official-063,"1,2-헥산다이올","1,2-헥산다이올",9,,unknown,unmatched
seed_97_ko_official-063,판테놀,판테놀,10,,unknown,unmatched
seed_97_ko_official-063,하이드록시에틸우레아,하이드록시에틸우레아,11,,unknown,unmatched
seed_97_ko_official-063,펜틸렌글라이콜,펜틸렌글라이콜,12,,unknown,unmatched
seed_97_ko_official-063,소듐폴리아크릴레이트,소듐폴리아크릴레이트,13,,unknown,unmatched
seed_97_ko_official-063,쌀추출물,쌀추출물,14,,unknown,unmatched
seed_97_ko_official-063,카프릴릭/카프릭트라이글리세라이드,카프릴릭/카프릭트라이글리세라이드,15,,unknown,unmatched
seed_97_ko_official-063,카보머,카보머,16,,unknown,unmatched
seed_97_ko_official-063,하이드로제네이티드레시틴,하이드로제네이티드레시틴,17,,unknown,unmatched
seed_97_ko_official-063,에틸헥실글리세린,에틸헥실글리세린,18,,unknown,unmatched
seed_97_ko_official-063,폴리쿼터늄-51,폴리쿼터늄-51,19,,unknown,unmatched
seed_97_ko_official-063,아데노신,아데노신,20,,unknown,unmatched
seed_97_ko_official-063,알란토인,알란토인,21,,unknown,unmatched
seed_97_ko_official-063,소듐파이테이트,소듐파이테이트,22,,unknown,unmatched
seed_97_ko_official-063,잔탄검,잔탄검,23,,unknown,unmatched
seed_97_ko_official-063,세라마이드엔피,세라마이드엔피,24,,unknown,unmatched
seed_97_ko_official-063,소듐하이알루로네이트,소듐하이알루로네이트,25,,unknown,unmatched
seed_97_ko_official-063,알파-알부틴,알파-알부틴,26,,unknown,unmatched
seed_97_ko_official-063,신선초추출물,신선초추출물,27,,unknown,unmatched
seed_97_ko_official-063,황마잎추출물,황마잎추출물,28,,unknown,unmatched
seed_97_ko_official-063,참마뿌리추출물,참마뿌리추출물,29,,unknown,unmatched
seed_97_ko_official-063,오크라열매추출물,오크라열매추출물,30,,unknown,unmatched
seed_97_ko_official-063,연꽃뿌리추출물,연꽃뿌리추출물,31,,unknown,unmatched
seed_97_ko_official-063,베타-글루칸,베타-글루칸,32,,unknown,unmatched
seed_97_ko_official-063,토코페롤,토코페롤,33,,unknown,unmatched
seed_97_ko_official-063,탈지쌀겨추출물,탈지쌀겨추출물,34,,unknown,unmatched
seed_97_ko_official-063,알부틴,알부틴,35,,unknown,unmatched
seed_97_ko_official-063,징크스테아레이트,징크스테아레이트,36,,unknown,unmatched
seed_97_ko_official-063,탈지쌀겨,탈지쌀겨,37,,unknown,unmatched
seed_97_ko_official-063,쌀겨,쌀겨,38,,unknown,unmatched
seed_97_ko_official-063,하이드롤라이즈드쌀단백질,하이드롤라이즈드쌀단백질,39,,unknown,unmatched
seed_97_ko_official-063,쌀씨단백질,쌀씨단백질,40,,unknown,unmatched
seed_97_ko_official-063,꿀추출물,꿀추출물,41,,unknown,unmatched
seed_97_ko_official-063,하이알루로닉애씨드,하이알루로닉애씨드,42,,unknown,unmatched
seed_97_ko_official-063,하이드롤라이즈드하이알루로닉애씨드,하이드롤라이즈드하이알루로닉애씨드,43,,unknown,unmatched
seed_97_ko_official-064,어성초추출물 (70%),어성초추출물,1,70%,known,unmatched
seed_97_ko_official-064,글리세린,글리세린,2,,unknown,unmatched
seed_97_ko_official-064,"1,2-헥산다이올","1,2-헥산다이올",3,,unknown,unmatched
seed_97_ko_official-064,메틸트라이메티콘,메틸트라이메티콘,4,,unknown,unmatched
seed_97_ko_official-064,에틸헥실스테아레이트,에틸헥실스테아레이트,5,,unknown,unmatched
seed_97_ko_official-064,부틸렌글라이콜,부틸렌글라이콜,6,,unknown,unmatched
seed_97_ko_official-064,하이드로제네이티드폴리(C6-14올레핀),하이드로제네이티드폴리(C6-14올레핀),7,,unknown,unmatched
seed_97_ko_official-064,폴리글리세릴-3다이스테아레이트,폴리글리세릴-3다이스테아레이트,8,,unknown,unmatched
seed_97_ko_official-064,물푸레나무추출물,물푸레나무추출물,9,,unknown,unmatched
seed_97_ko_official-064,바질꽃/잎/줄기추출물,바질꽃/잎/줄기추출물,10,,unknown,unmatched
seed_97_ko_official-064,느릅나무뿌리추출물,느릅나무뿌리추출물,11,,unknown,unmatched
seed_97_ko_official-064,비름씨추출물,비름씨추출물,12,,unknown,unmatched
seed_97_ko_official-064,하이드로제네이티드레시틴,하이드로제네이티드레시틴,13,,unknown,unmatched
seed_97_ko_official-064,소듐하이알루로네이트,소듐하이알루로네이트,14,,unknown,unmatched
seed_97_ko_official-064,글리세릴글루코사이드,글리세릴글루코사이드,15,,unknown,unmatched
seed_97_ko_official-064,정제수,정제수,16,,unknown,unmatched
seed_97_ko_official-064,글리세릴스테아레이트,글리세릴스테아레이트,17,,unknown,unmatched
seed_97_ko_official-064,트레할로오스,트레할로오스,18,,unknown,unmatched
seed_97_ko_official-064,알지닌,알지닌,19,,unknown,unmatched
seed_97_ko_official-064,카보머,카보머,20,,unknown,unmatched
seed_97_ko_official-064,글리세릴스테아레이트시트레이트,글리세릴스테아레이트시트레이트,21,,unknown,unmatched
seed_97_ko_official-064,소듐스테아로일글루타메이트,소듐스테아로일글루타메이트,22,,unknown,unmatched
seed_97_ko_official-064,글루코오스,글루코오스,23,,unknown,unmatched
seed_97_ko_official-064,다이소듐이디티에이,다이소듐이디티에이,24,,unknown,unmatched
seed_97_ko_official-064,베타인,베타인,25,,unknown,unmatched
seed_97_ko_official-064,하이드롤라이즈드하이알루로닉애씨드,하이드롤라이즈드하이알루로닉애씨드,26,,unknown,unmatched
seed_97_ko_official-064,소듐아세틸레이티드하이알루로네이트,소듐아세틸레이티드하이알루로네이트,27,,unknown,unmatched
seed_97_ko_official-064,에틸헥실글리세린,에틸헥실글리세린,28,,unknown,unmatched
seed_97_ko_official-065,어성초추출물,어성초추출물,1,,unknown,unmatched
seed_97_ko_official-065,세테아릴알코올,세테아릴알코올,2,,unknown,unmatched
seed_97_ko_official-065,글리세린,글리세린,3,,unknown,unmatched
seed_97_ko_official-065,사이클로헥사실록세인,사이클로헥사실록세인,4,,unknown,unmatched
seed_97_ko_official-065,부틸렌글라이콜,부틸렌글라이콜,5,,unknown,unmatched
seed_97_ko_official-065,"1,2-헥산다이올","1,2-헥산다이올",6,,unknown,unmatched
seed_97_ko_official-065,다이카프릴릴에터,다이카프릴릴에터,7,,unknown,unmatched
seed_97_ko_official-065,카프릴릭/카프릭트라이글리세라이드,카프릴릭/카프릭트라이글리세라이드,8,,unknown,unmatched
seed_97_ko_official-065,하이드로제네이티드폴리(C6-14올레핀),하이드로제네이티드폴리(C6-14올레핀),9,,unknown,unmatched
seed_97_ko_official-065,하이드로제네이티드폴리데센,하이드로제네이티드폴리데센,10,,unknown,unmatched
seed_97_ko_official-065,글리세릴스테아레이트에스이,글리세릴스테아레이트에스이,11,,unknown,unmatched
seed_97_ko_official-065,세테아릴올리베이트,세테아릴올리베이트,12,,unknown,unmatched
seed_97_ko_official-065,솔비탄올리베이트,솔비탄올리베이트,13,,unknown,unmatched
seed_97_ko_official-065,식물성오일,식물성오일,14,,unknown,unmatched
seed_97_ko_official-065,판테놀,판테놀,15,,unknown,unmatched
seed_97_ko_official-065,하이드로제네이티드레시틴,하이드로제네이티드레시틴,16,,unknown,unmatched
seed_97_ko_official-065,다이프로필렌글라이콜,다이프로필렌글라이콜,17,,unknown,unmatched
seed_97_ko_official-065,베헤닐알코올,베헤닐알코올,18,,unknown,unmatched
seed_97_ko_official-065,암모늄아크릴로일다이메틸타우레이트/브이피코폴리머,암모늄아크릴로일다이메틸타우레이트/브이피코폴리머,19,,unknown,unmatched
seed_97_ko_official-065,세테아릴글루코사이드,세테아릴글루코사이드,20,,unknown,unmatched
seed_97_ko_official-065,콜레스테롤,콜레스테롤,21,,unknown,unmatched
seed_97_ko_official-065,잔탄검,잔탄검,22,,unknown,unmatched
seed_97_ko_official-065,아데노신,아데노신,23,,unknown,unmatched
seed_97_ko_official-065,세라마이드엔피,세라마이드엔피,24,,unknown,unmatched
seed_97_ko_official-065,글루코오스,글루코오스,25,,unknown,unmatched
seed_97_ko_official-065,정제수,정제수,26,,unknown,unmatched
seed_97_ko_official-065,에틸헥실글리세린,에틸헥실글리세린,27,,unknown,unmatched
seed_97_ko_official-066,복숭아열매수 (77%),복숭아열매수,1,77%,known,unmatched
seed_97_ko_official-066,"2,3-부탄다이올","2,3-부탄다이올",2,,unknown,unmatched
seed_97_ko_official-066,정제수,정제수,3,,unknown,unmatched
seed_97_ko_official-066,글리세린,글리세린,4,,unknown,unmatched
seed_97_ko_official-066,다이프로필렌글라이콜,다이프로필렌글라이콜,5,,unknown,unmatched
seed_97_ko_official-066,나이아신아마이드,나이아신아마이드,6,,unknown,unmatched
seed_97_ko_official-066,부틸렌글라이콜,부틸렌글라이콜,7,,unknown,unmatched
seed_97_ko_official-066,"1,2-헥산다이올","1,2-헥산다이올",8,,unknown,unmatched
seed_97_ko_official-066,락토바실러스발효물,락토바실러스발효물,9,,unknown,unmatched
seed_97_ko_official-066,메틸프로판다이올,메틸프로판다이올,10,,unknown,unmatched
seed_97_ko_official-066,스트렙토코쿠스써모필루스발효물,스트렙토코쿠스써모필루스발효물,11,,unknown,unmatched
seed_97_ko_official-066,복숭아열매추출물,복숭아열매추출물,12,,unknown,unmatched
seed_97_ko_official-066,사과즙,사과즙,13,,unknown,unmatched
seed_97_ko_official-066,비피다발효용해물,비피다발효용해물,14,,unknown,unmatched
seed_97_ko_official-066,바실러스발효물,바실러스발효물,15,,unknown,unmatched
seed_97_ko_official-066,상황버섯추출물,상황버섯추출물,16,,unknown,unmatched
seed_97_ko_official-066,자일로오스,자일로오스,17,,unknown,unmatched
seed_97_ko_official-066,갈락토미세스발효여과물,갈락토미세스발효여과물,18,,unknown,unmatched
seed_97_ko_official-066,알파-알부틴,알파-알부틴,19,,unknown,unmatched
seed_97_ko_official-066,복숭아꽃추출물,복숭아꽃추출물,20,,unknown,unmatched
seed_97_ko_official-066,소듐하이알루로네이트,소듐하이알루로네이트,21,,unknown,unmatched
seed_97_ko_official-066,하이드롤라이즈드식물성단백질,하이드롤라이즈드식물성단백질,22,,unknown,unmatched
seed_97_ko_official-066,폴리글리세릴-10라우레이트,폴리글리세릴-10라우레이트,23,,unknown,unmatched
seed_97_ko_official-066,프로판다이올,프로판다이올,24,,unknown,unmatched
seed_97_ko_official-066,스쿠알란,스쿠알란,25,,unknown,unmatched
seed_97_ko_official-066,아크릴레이트/C10-30알킬아크릴레이트크로스폴리머,아크릴레이트/C10-30알킬아크릴레이트크로스폴리머,26,,unknown,unmatched
seed_97_ko_official-066,카프릴릭/카프릭트라이글리세라이드,카프릴릭/카프릭트라이글리세라이드,27,,unknown,unmatched
seed_97_ko_official-066,다이페닐다이메티콘,다이페닐다이메티콘,28,,unknown,unmatched
seed_97_ko_official-066,트라이에틸헥사노인,트라이에틸헥사노인,29,,unknown,unmatched
seed_97_ko_official-066,에틸헥실글리세린,에틸헥실글리세린,30,,unknown,unmatched
seed_97_ko_official-066,폴리글리세릴-10스테아레이트,폴리글리세릴-10스테아레이트,31,,unknown,unmatched
seed_97_ko_official-066,아데노신,아데노신,32,,unknown,unmatched
seed_97_ko_official-066,하이드로제네이티드레시틴,하이드로제네이티드레시틴,33,,unknown,unmatched
seed_97_ko_official-066,다이포타슘글리시리제이트,다이포타슘글리시리제이트,34,,unknown,unmatched
seed_97_ko_official-066,트로메타민,트로메타민,35,,unknown,unmatched
seed_97_ko_official-066,소듐폴리아크릴레이트,소듐폴리아크릴레이트,36,,unknown,unmatched
seed_97_ko_official-066,판테놀,판테놀,37,,unknown,unmatched
seed_97_ko_official-066,소듐하이알루로네이트크로스폴리머,소듐하이알루로네이트크로스폴리머,38,,unknown,unmatched
seed_97_ko_official-066,세라마이드엔피,세라마이드엔피,39,,unknown,unmatched
seed_97_ko_official-066,알란토인,알란토인,40,,unknown,unmatched
seed_97_ko_official-066,시아노코발라민,시아노코발라민,41,,unknown,unmatched
seed_97_ko_official-066,폴리글루타믹애씨드,폴리글루타믹애씨드,42,,unknown,unmatched
seed_97_ko_official-066,소듐스테아로일글루타메이트,소듐스테아로일글루타메이트,43,,unknown,unmatched
seed_97_ko_official-066,토코페롤,토코페롤,44,,unknown,unmatched
seed_97_ko_official-066,베타인살리실레이트,베타인살리실레이트,45,,unknown,unmatched
seed_97_ko_official-066,아스코빅애씨드,아스코빅애씨드,46,,unknown,unmatched
seed_97_ko_official-066,아스코빌글루코사이드,아스코빌글루코사이드,47,,unknown,unmatched
seed_97_ko_official-066,말토덱스트린,말토덱스트린,48,,unknown,unmatched
seed_97_ko_official-066,글라이신,글라이신,49,,unknown,unmatched
seed_97_ko_official-066,세린,세린,50,,unknown,unmatched
seed_97_ko_official-066,글루타믹애씨드,글루타믹애씨드,51,,unknown,unmatched
seed_97_ko_official-066,아스파틱애씨드,아스파틱애씨드,52,,unknown,unmatched
seed_97_ko_official-066,류신,류신,53,,unknown,unmatched
seed_97_ko_official-066,알라닌,알라닌,54,,unknown,unmatched
seed_97_ko_official-066,라이신,라이신,55,,unknown,unmatched
seed_97_ko_official-066,알지닌,알지닌,56,,unknown,unmatched
seed_97_ko_official-066,타이로신,타이로신,57,,unknown,unmatched
seed_97_ko_official-066,페닐알라닌,페닐알라닌,58,,unknown,unmatched
seed_97_ko_official-066,프롤린,프롤린,59,,unknown,unmatched
seed_97_ko_official-066,트레오닌,트레오닌,60,,unknown,unmatched
seed_97_ko_official-066,발린,발린,61,,unknown,unmatched
seed_97_ko_official-066,아이소류신,아이소류신,62,,unknown,unmatched
seed_97_ko_official-066,히스티딘,히스티딘,63,,unknown,unmatched
seed_97_ko_official-066,시스테인,시스테인,64,,unknown,unmatched
seed_97_ko_official-066,메티오닌,메티오닌,65,,unknown,unmatched
seed_97_ko_official-066,잔탄검,잔탄검,66,,unknown,unmatched
seed_97_ko_official-066,향료,향료,67,,unknown,unmatched
seed_97_ko_official-067,복숭아열매수 (77%),복숭아열매수,1,77%,known,unmatched
seed_97_ko_official-067,글리세린,글리세린,2,,unknown,unmatched
seed_97_ko_official-067,메틸프로판다이올,메틸프로판다이올,3,,unknown,unmatched
seed_97_ko_official-067,나이아신아마이드,나이아신아마이드,4,,unknown,unmatched
seed_97_ko_official-067,"1,2-헥산다이올","1,2-헥산다이올",5,,unknown,unmatched
seed_97_ko_official-067,아이소도데케인,아이소도데케인,6,,unknown,unmatched
seed_97_ko_official-067,락토바실러스발효물,락토바실러스발효물,7,,unknown,unmatched
seed_97_ko_official-067,프로판다이올,프로판다이올,8,,unknown,unmatched
seed_97_ko_official-067,판테놀,판테놀,9,,unknown,unmatched
seed_97_ko_official-067,폴리글리세릴-3메틸글루코오스다이스테아레이트,폴리글리세릴-3메틸글루코오스다이스테아레이트,10,,unknown,unmatched
seed_97_ko_official-067,폴리메틸실세스퀴옥세인,폴리메틸실세스퀴옥세인,11,,unknown,unmatched
seed_97_ko_official-067,하이드로제네이티드폴리데센,하이드로제네이티드폴리데센,12,,unknown,unmatched
seed_97_ko_official-067,황련뿌리추출물,황련뿌리추출물,13,,unknown,unmatched
seed_97_ko_official-067,복숭아열매추출물,복숭아열매추출물,14,,unknown,unmatched
seed_97_ko_official-067,복숭아꽃추출물,복숭아꽃추출물,15,,unknown,unmatched
seed_97_ko_official-067,소듐하이알루로네이트,소듐하이알루로네이트,16,,unknown,unmatched
seed_97_ko_official-067,수용성콜라겐,수용성콜라겐,17,,unknown,unmatched
seed_97_ko_official-067,호호바에스터,호호바에스터,18,,unknown,unmatched
seed_97_ko_official-067,비닐다이메티콘,비닐다이메티콘,19,,unknown,unmatched
seed_97_ko_official-067,암모늄아크릴로일다이메틸타우레이트/브이피코폴리머,암모늄아크릴로일다이메틸타우레이트/브이피코폴리머,20,,unknown,unmatched
seed_97_ko_official-067,정제수,정제수,21,,unknown,unmatched
seed_97_ko_official-067,다이메티코놀,다이메티코놀,22,,unknown,unmatched
seed_97_ko_official-067,아크릴레이트/C10-30알킬아크릴레이트크로스폴리머,아크릴레이트/C10-30알킬아크릴레이트크로스폴리머,23,,unknown,unmatched
seed_97_ko_official-067,하이드록시아세토페논,하이드록시아세토페논,24,,unknown,unmatched
seed_97_ko_official-067,트로메타민,트로메타민,25,,unknown,unmatched
seed_97_ko_official-067,에틸헥실글리세린,에틸헥실글리세린,26,,unknown,unmatched
seed_97_ko_official-067,부틸렌글라이콜,부틸렌글라이콜,27,,unknown,unmatched
seed_97_ko_official-067,아데노신,아데노신,28,,unknown,unmatched
seed_97_ko_official-067,다이소듐이디티에이,다이소듐이디티에이,29,,unknown,unmatched
seed_97_ko_official-067,시아노코발라민,시아노코발라민,30,,unknown,unmatched
seed_97_ko_official-067,사카로미세스발효여과물,사카로미세스발효여과물,31,,unknown,unmatched
seed_97_ko_official-067,토코페롤,토코페롤,32,,unknown,unmatched
seed_97_ko_official-067,세라마이드엔피,세라마이드엔피,33,,unknown,unmatched
seed_97_ko_official-067,펙틴,펙틴,34,,unknown,unmatched
seed_97_ko_official-067,말토덱스트린,말토덱스트린,35,,unknown,unmatched
seed_97_ko_official-067,하이드롤라이즈드식물성단백질,하이드롤라이즈드식물성단백질,36,,unknown,unmatched
seed_97_ko_official-067,갈락토미세스발효여과물,갈락토미세스발효여과물,37,,unknown,unmatched
seed_97_ko_official-067,비피다발효용해물,비피다발효용해물,38,,unknown,unmatched
seed_97_ko_official-067,향료,향료,39,,unknown,unmatched
seed_97_ko_official-068,복숭아열매수 (77%),복숭아열매수,1,77%,known,unmatched
seed_97_ko_official-068,글리세린,글리세린,2,,unknown,unmatched
seed_97_ko_official-068,에틸헥실스테아레이트,에틸헥실스테아레이트,3,,unknown,unmatched
seed_97_ko_official-068,다이프로필렌글라이콜,다이프로필렌글라이콜,4,,unknown,unmatched
seed_97_ko_official-068,나이아신아마이드,나이아신아마이드,5,,unknown,unmatched
seed_97_ko_official-068,메틸트라이메티콘,메틸트라이메티콘,6,,unknown,unmatched
seed_97_ko_official-068,"1,2-헥산다이올","1,2-헥산다이올",7,,unknown,unmatched
seed_97_ko_official-068,락토바실러스발효물,락토바실러스발효물,8,,unknown,unmatched
seed_97_ko_official-068,폴리글리세릴-3다이스테아레이트,폴리글리세릴-3다이스테아레이트,9,,unknown,unmatched
seed_97_ko_official-068,세테아릴알코올,세테아릴알코올,10,,unknown,unmatched
seed_97_ko_official-068,하이드로제네이티드폴리(C6-14올레핀),하이드로제네이티드폴리(C6-14올레핀),11,,unknown,unmatched
seed_97_ko_official-068,복숭아열매추출물,복숭아열매추출물,12,,unknown,unmatched
seed_97_ko_official-068,복숭아꽃추출물,복숭아꽃추출물,13,,unknown,unmatched
seed_97_ko_official-068,소듐하이알루로네이트,소듐하이알루로네이트,14,,unknown,unmatched
seed_97_ko_official-068,글리세릴스테아레이트,글리세릴스테아레이트,15,,unknown,unmatched
seed_97_ko_official-068,정제수,정제수,16,,unknown,unmatched
seed_97_ko_official-068,소듐스테아로일글루타메이트,소듐스테아로일글루타메이트,17,,unknown,unmatched
seed_97_ko_official-068,하이드록시아세토페논,하이드록시아세토페논,18,,unknown,unmatched
seed_97_ko_official-068,카보머,카보머,19,,unknown,unmatched
seed_97_ko_official-068,에틸헥실글리세린,에틸헥실글리세린,20,,unknown,unmatched
seed_97_ko_official-068,알지닌,알지닌,21,,unknown,unmatched
seed_97_ko_official-068,글리세릴스테아레이트시트레이트,글리세릴스테아레이트시트레이트,22,,unknown,unmatched
seed_97_ko_official-068,다이소듐이디티에이,다이소듐이디티에이,23,,unknown,unmatched
seed_97_ko_official-068,아데노신,아데노신,24,,unknown,unmatched
seed_97_ko_official-068,메틸프로판다이올,메틸프로판다이올,25,,unknown,unmatched
seed_97_ko_official-068,베타인살리실레이트,베타인살리실레이트,26,,unknown,unmatched
seed_97_ko_official-068,판테놀,판테놀,27,,unknown,unmatched
seed_97_ko_official-068,부틸렌글라이콜,부틸렌글라이콜,28,,unknown,unmatched
seed_97_ko_official-068,갈락토미세스발효여과물,갈락토미세스발효여과물,29,,unknown,unmatched
seed_97_ko_official-068,시아노코발라민,시아노코발라민,30,,unknown,unmatched
seed_97_ko_official-068,세라마이드엔피,세라마이드엔피,31,,unknown,unmatched
seed_97_ko_official-068,사카로미세스발효여과물,사카로미세스발효여과물,32,,unknown,unmatched
seed_97_ko_official-068,비피다발효용해물,비피다발효용해물,33,,unknown,unmatched
seed_97_ko_official-068,토코페롤,토코페롤,34,,unknown,unmatched
seed_97_ko_official-068,하이드롤라이즈드하이알루로닉애씨드,하이드롤라이즈드하이알루로닉애씨드,35,,unknown,unmatched
seed_97_ko_official-068,소듐아세틸레이티드하이알루로네이트,소듐아세틸레이티드하이알루로네이트,36,,unknown,unmatched
seed_97_ko_official-068,향료,향료,37,,unknown,unmatched
seed_97_ko_official-069,어성초꽃/잎/줄기수,어성초꽃/잎/줄기수,1,,unknown,unmatched
seed_97_ko_official-069,정제수,정제수,2,,unknown,unmatched
seed_97_ko_official-069,부틸렌글라이콜,부틸렌글라이콜,3,,unknown,unmatched
seed_97_ko_official-069,글리세린,글리세린,4,,unknown,unmatched
seed_97_ko_official-069,하이드로제네이티드폴리데센,하이드로제네이티드폴리데센,5,,unknown,unmatched
seed_97_ko_official-069,"1,2-헥산다이올","1,2-헥산다이올",6,,unknown,unmatched
seed_97_ko_official-069,아크릴레이트코폴리머,아크릴레이트코폴리머,7,,unknown,unmatched
seed_97_ko_official-069,캐롭검,캐롭검,8,,unknown,unmatched
seed_97_ko_official-069,잔탄검,잔탄검,9,,unknown,unmatched
seed_97_ko_official-069,카라기난,카라기난,10,,unknown,unmatched
seed_97_ko_official-069,하이드록시아세토페논,하이드록시아세토페논,11,,unknown,unmatched
seed_97_ko_official-069,수크로오스,수크로오스,12,,unknown,unmatched
seed_97_ko_official-069,알란토인,알란토인,13,,unknown,unmatched
seed_97_ko_official-069,포타슘클로라이드,포타슘클로라이드,14,,unknown,unmatched
seed_97_ko_official-069,셀룰로오스검,셀룰로오스검,15,,unknown,unmatched
seed_97_ko_official-069,소듐폴리아크릴레이트,소듐폴리아크릴레이트,16,,unknown,unmatched
seed_97_ko_official-069,다이포타슘글리시리제이트,다이포타슘글리시리제이트,17,,unknown,unmatched
seed_97_ko_official-069,알로에베라잎추출물,알로에베라잎추출물,18,,unknown,unmatched
seed_97_ko_official-069,젤란검,젤란검,19,,unknown,unmatched
seed_97_ko_official-069,카프릴릴글라이콜,카프릴릴글라이콜,20,,unknown,unmatched
seed_97_ko_official-069,아데노신,아데노신,21,,unknown,unmatched
seed_97_ko_official-069,프로판다이올,프로판다이올,22,,unknown,unmatched
seed_97_ko_official-069,에틸헥실글리세린,에틸헥실글리세린,23,,unknown,unmatched
seed_97_ko_official-069,크로뮴옥사이드그린(CI 77288),크로뮴옥사이드그린(CI 77288),24,,unknown,unmatched
seed_97_ko_official-069,멘톡시프로판다이올,멘톡시프로판다이올,25,,unknown,unmatched
seed_97_ko_official-069,멘틸락테이트,멘틸락테이트,26,,unknown,unmatched
seed_97_ko_official-069,소듐파이테이트,소듐파이테이트,27,,unknown,unmatched
seed_97_ko_official-069,수용성콜라겐,수용성콜라겐,28,,unknown,unmatched
seed_97_ko_official-069,소듐하이알루로네이트,소듐하이알루로네이트,29,,unknown,unmatched
seed_97_ko_official-069,어성초추출물,어성초추출물,30,,unknown,unmatched
seed_97_ko_official-069,삼나무잎추출물,삼나무잎추출물,31,,unknown,unmatched
seed_97_ko_official-069,연꽃잎추출물,연꽃잎추출물,32,,unknown,unmatched
seed_97_ko_official-069,사카로미세스발효물,사카로미세스발효물,33,,unknown,unmatched
seed_97_ko_official-069,하이알루로닉애씨드,하이알루로닉애씨드,34,,unknown,unmatched
seed_97_ko_official-069,하이드롤라이즈드하이알루로닉애씨드,하이드롤라이즈드하이알루로닉애씨드,35,,unknown,unmatched
seed_97_ko_official-070,정제수,정제수,1,,unknown,unmatched
seed_97_ko_official-070,부틸렌글라이콜,부틸렌글라이콜,2,,unknown,unmatched
seed_97_ko_official-070,다이프로필렌글라이콜,다이프로필렌글라이콜,3,,unknown,unmatched
seed_97_ko_official-070,"1,2-헥산다이올","1,2-헥산다이올",4,,unknown,unmatched
seed_97_ko_official-070,글리세린,글리세린,5,,unknown,unmatched
seed_97_ko_official-070,베타인,베타인,6,,unknown,unmatched
seed_97_ko_official-070,알란토인,알란토인,7,,unknown,unmatched
seed_97_ko_official-070,판테놀,판테놀,8,,unknown,unmatched
seed_97_ko_official-070,쇠비름추출물,쇠비름추출물,9,,unknown,unmatched
seed_97_ko_official-070,트레할로오스,트레할로오스,10,,unknown,unmatched
seed_97_ko_official-070,소듐하이알루로네이트,소듐하이알루로네이트,11,,unknown,unmatched
seed_97_ko_official-070,하이드롤라이즈드하이알루로닉애씨드,하이드롤라이즈드하이알루로닉애씨드,12,,unknown,unmatched
seed_97_ko_official-070,소듐하이알루로네이트크로스폴리머,소듐하이알루로네이트크로스폴리머,13,,unknown,unmatched
seed_97_ko_official-070,하이드롤라이즈드소듐하이알루로네이트,하이드롤라이즈드소듐하이알루로네이트,14,,unknown,unmatched
seed_97_ko_official-070,소듐아세틸레이티드하이알루로네이트,소듐아세틸레이티드하이알루로네이트,15,,unknown,unmatched
seed_97_ko_official-070,"2,3-부탄다이올","2,3-부탄다이올",16,,unknown,unmatched
seed_97_ko_official-070,펜틸렌글라이콜,펜틸렌글라이콜,17,,unknown,unmatched
seed_97_ko_official-070,말라카이트추출물,말라카이트추출물,18,,unknown,unmatched
seed_97_ko_official-070,다이소듐이디티에이,다이소듐이디티에이,19,,unknown,unmatched
seed_97_ko_official-070,에틸헥실글리세린,에틸헥실글리세린,20,,unknown,unmatched
seed_97_ko_official-071,정제수,정제수,1,,unknown,unmatched
seed_97_ko_official-071,부틸렌글라이콜,부틸렌글라이콜,2,,unknown,unmatched
seed_97_ko_official-071,글리세린,글리세린,3,,unknown,unmatched
seed_97_ko_official-071,다이프로필렌글라이콜,다이프로필렌글라이콜,4,,unknown,unmatched
seed_97_ko_official-071,"1,2-헥산다이올","1,2-헥산다이올",5,,unknown,unmatched
seed_97_ko_official-071,판테놀,판테놀,6,,unknown,unmatched
seed_97_ko_official-071,소듐하이알루로네이트,소듐하이알루로네이트,7,,unknown,unmatched
seed_97_ko_official-071,하이드롤라이즈드하이알루로닉애씨드,하이드롤라이즈드하이알루로닉애씨드,8,,unknown,unmatched
seed_97_ko_official-071,소듐아세틸레이티드하이알루로네이트,소듐아세틸레이티드하이알루로네이트,9,,unknown,unmatched
seed_97_ko_official-071,소듐하이알루로네이트크로스폴리머,소듐하이알루로네이트크로스폴리머,10,,unknown,unmatched
seed_97_ko_official-071,하이드롤라이즈드소듐하이알루로네이트,하이드롤라이즈드소듐하이알루로네이트,11,,unknown,unmatched
seed_97_ko_official-071,알란토인,알란토인,12,,unknown,unmatched
seed_97_ko_official-071,트레할로오스,트레할로오스,13,,unknown,unmatched
seed_97_ko_official-071,베타인,베타인,14,,unknown,unmatched
seed_97_ko_official-071,프로판다이올,프로판다이올,15,,unknown,unmatched
seed_97_ko_official-071,쇠비름추출물,쇠비름추출물,16,,unknown,unmatched
seed_97_ko_official-071,위치하젤잎추출물,위치하젤잎추출물,17,,unknown,unmatched
seed_97_ko_official-071,마데카소사이드,마데카소사이드,18,,unknown,unmatched
seed_97_ko_official-071,마데카식애씨드,마데카식애씨드,19,,unknown,unmatched
seed_97_ko_official-071,세라마이드엔피,세라마이드엔피,20,,unknown,unmatched
seed_97_ko_official-071,베타-글루칸,베타-글루칸,21,,unknown,unmatched
seed_97_ko_official-071,말라카이트추출물,말라카이트추출물,22,,unknown,unmatched
seed_97_ko_official-071,콜레스테롤,콜레스테롤,23,,unknown,unmatched
seed_97_ko_official-071,펜틸렌글라이콜,펜틸렌글라이콜,24,,unknown,unmatched
seed_97_ko_official-071,글리세릴아크릴레이트/아크릴릭애씨드코폴리머,글리세릴아크릴레이트/아크릴릭애씨드코폴리머,25,,unknown,unmatched
seed_97_ko_official-071,피브이엠/엠에이코폴리머,피브이엠/엠에이코폴리머,26,,unknown,unmatched
seed_97_ko_official-071,폴리글리세릴-10라우레이트,폴리글리세릴-10라우레이트,27,,unknown,unmatched
seed_97_ko_official-071,잔탄검,잔탄검,28,,unknown,unmatched
seed_97_ko_official-071,트로메타민,트로메타민,29,,unknown,unmatched
seed_97_ko_official-071,카보머,카보머,30,,unknown,unmatched
seed_97_ko_official-071,에틸헥실글리세린,에틸헥실글리세린,31,,unknown,unmatched
seed_97_ko_official-071,황금뿌리추출물,황금뿌리추출물,32,,unknown,unmatched
seed_97_ko_official-071,모란뿌리추출물,모란뿌리추출물,33,,unknown,unmatched
seed_97_ko_official-072,정제수,정제수,1,,unknown,unmatched
seed_97_ko_official-072,프로판다이올,프로판다이올,2,,unknown,unmatched
seed_97_ko_official-072,글리세린,글리세린,3,,unknown,unmatched
seed_97_ko_official-072,호호바씨오일,호호바씨오일,4,,unknown,unmatched
seed_97_ko_official-072,카프릴릭/카프릭트라이글리세라이드,카프릴릭/카프릭트라이글리세라이드,5,,unknown,unmatched
seed_97_ko_official-072,에틸헥실팔미테이트,에틸헥실팔미테이트,6,,unknown,unmatched
seed_97_ko_official-072,판테놀,판테놀,7,,unknown,unmatched
seed_97_ko_official-072,"1,2-헥산다이올","1,2-헥산다이올",8,,unknown,unmatched
seed_97_ko_official-072,글리세릴스테아레이트,글리세릴스테아레이트,9,,unknown,unmatched
seed_97_ko_official-072,세테아릴올리베이트,세테아릴올리베이트,10,,unknown,unmatched
seed_97_ko_official-072,솔비탄올리베이트,솔비탄올리베이트,11,,unknown,unmatched
seed_97_ko_official-072,하이드로제네이티드폴리(C6-14올레핀),하이드로제네이티드폴리(C6-14올레핀),12,,unknown,unmatched
seed_97_ko_official-072,세라마이드엔피,세라마이드엔피,13,,unknown,unmatched
seed_97_ko_official-072,세라마이드엔에스,세라마이드엔에스,14,,unknown,unmatched
seed_97_ko_official-072,세라마이드에이에스,세라마이드에이에스,15,,unknown,unmatched
seed_97_ko_official-072,세라마이드이오피,세라마이드이오피,16,,unknown,unmatched
seed_97_ko_official-072,세라마이드에이피,세라마이드에이피,17,,unknown,unmatched
seed_97_ko_official-072,콜레스테롤,콜레스테롤,18,,unknown,unmatched
seed_97_ko_official-072,알란토인,알란토인,19,,unknown,unmatched
seed_97_ko_official-072,글루코오스,글루코오스,20,,unknown,unmatched
seed_97_ko_official-072,베타인,베타인,21,,unknown,unmatched
seed_97_ko_official-072,소듐하이알루로네이트,소듐하이알루로네이트,22,,unknown,unmatched
seed_97_ko_official-072,파이토스테롤,파이토스테롤,23,,unknown,unmatched
seed_97_ko_official-072,스테아릭애씨드,스테아릭애씨드,24,,unknown,unmatched
seed_97_ko_official-072,부틸렌글라이콜,부틸렌글라이콜,25,,unknown,unmatched
seed_97_ko_official-072,소듐폴리아크릴레이트,소듐폴리아크릴레이트,26,,unknown,unmatched
seed_97_ko_official-072,미리스틸글루코사이드,미리스틸글루코사이드,27,,unknown,unmatched
seed_97_ko_official-072,폴리글리세린-3,폴리글리세린-3,28,,unknown,unmatched
seed_97_ko_official-072,C13-16아이소알케인,C13-16아이소알케인,29,,unknown,unmatched
seed_97_ko_official-072,헵틸운데실레네이트,헵틸운데실레네이트,30,,unknown,unmatched
seed_97_ko_official-072,비닐다이메티콘,비닐다이메티콘,31,,unknown,unmatched
seed_97_ko_official-072,카보머,카보머,32,,unknown,unmatched
seed_97_ko_official-072,트로메타민,트로메타민,33,,unknown,unmatched
seed_97_ko_official-072,아라키딜알코올,아라키딜알코올,34,,unknown,unmatched
seed_97_ko_official-072,하이드로제네이티드레시틴,하이드로제네이티드레시틴,35,,unknown,unmatched
seed_97_ko_official-072,폴리글리세릴-6다이스테아레이트,폴리글리세릴-6다이스테아레이트,36,,unknown,unmatched
seed_97_ko_official-072,칸데릴라/호호바/쌀겨폴리글리세릴-3에스터,칸데릴라/호호바/쌀겨폴리글리세릴-3에스터,37,,unknown,unmatched
seed_97_ko_official-072,에틸헥실글리세린,에틸헥실글리세린,38,,unknown,unmatched
seed_97_ko_official-072,베헤닐알코올,베헤닐알코올,39,,unknown,unmatched
seed_97_ko_official-072,라우릴글루코사이드,라우릴글루코사이드,40,,unknown,unmatched
seed_97_ko_official-072,폴리글리세릴-6라우레이트,폴리글리세릴-6라우레이트,41,,unknown,unmatched
seed_97_ko_official-072,다이소듐이디티에이,다이소듐이디티에이,42,,unknown,unmatched
seed_97_ko_official-072,다이프로필렌글라이콜,다이프로필렌글라이콜,43,,unknown,unmatched
seed_97_ko_official-072,아라키딜글루코사이드,아라키딜글루코사이드,44,,unknown,unmatched
seed_97_ko_official-072,토코페롤,토코페롤,45,,unknown,unmatched
seed_97_ko_official-072,바오밥나무씨오일,바오밥나무씨오일,46,,unknown,unmatched
seed_97_ko_official-072,하이드로제네이티드쌀겨오일,하이드로제네이티드쌀겨오일,47,,unknown,unmatched
seed_97_ko_official-072,황련뿌리추출물,황련뿌리추출물,48,,unknown,unmatched
seed_97_ko_official-073,정제수,정제수,1,,unknown,unmatched
seed_97_ko_official-073,부틸렌글라이콜,부틸렌글라이콜,2,,unknown,unmatched
seed_97_ko_official-073,글리세린,글리세린,3,,unknown,unmatched
seed_97_ko_official-073,다이프로필렌글라이콜,다이프로필렌글라이콜,4,,unknown,unmatched
seed_97_ko_official-073,"1,2-헥산다이올","1,2-헥산다이올",5,,unknown,unmatched
seed_97_ko_official-073,글리세레스-26,글리세레스-26,6,,unknown,unmatched
seed_97_ko_official-073,판테놀,판테놀,7,,unknown,unmatched
seed_97_ko_official-073,병풀추출물,병풀추출물,8,,unknown,unmatched
seed_97_ko_official-073,마데카식애씨드,마데카식애씨드,9,,unknown,unmatched
seed_97_ko_official-073,아시아티코사이드,아시아티코사이드,10,,unknown,unmatched
seed_97_ko_official-073,아시아틱애씨드,아시아틱애씨드,11,,unknown,unmatched
seed_97_ko_official-073,마데카소사이드,마데카소사이드,12,,unknown,unmatched
seed_97_ko_official-073,알란토인,알란토인,13,,unknown,unmatched
seed_97_ko_official-073,쓴풀추출물,쓴풀추출물,14,,unknown,unmatched
seed_97_ko_official-073,푸른연꽃꽃추출물,푸른연꽃꽃추출물,15,,unknown,unmatched
seed_97_ko_official-073,락토바실러스발효물,락토바실러스발효물,16,,unknown,unmatched
seed_97_ko_official-073,접시꽃꽃추출물,접시꽃꽃추출물,17,,unknown,unmatched
seed_97_ko_official-073,소듐하이알루로네이트,소듐하이알루로네이트,18,,unknown,unmatched
seed_97_ko_official-073,하이드롤라이즈드하이알루로닉애씨드,하이드롤라이즈드하이알루로닉애씨드,19,,unknown,unmatched
seed_97_ko_official-073,하이알루로닉애씨드,하이알루로닉애씨드,20,,unknown,unmatched
seed_97_ko_official-073,하이드록시프로필트라이모늄하이알루로네이트,하이드록시프로필트라이모늄하이알루로네이트,21,,unknown,unmatched
seed_97_ko_official-073,포타슘하이알루로네이트,포타슘하이알루로네이트,22,,unknown,unmatched
seed_97_ko_official-073,소듐하이알루로네이트크로스폴리머,소듐하이알루로네이트크로스폴리머,23,,unknown,unmatched
seed_97_ko_official-073,소듐아세틸레이티드하이알루로네이트,소듐아세틸레이티드하이알루로네이트,24,,unknown,unmatched
seed_97_ko_official-073,베타인,베타인,25,,unknown,unmatched
seed_97_ko_official-073,카프릴로일살리실릭애씨드,카프릴로일살리실릭애씨드,26,,unknown,unmatched
seed_97_ko_official-073,다이펩타이드-2,다이펩타이드-2,27,,unknown,unmatched
seed_97_ko_official-073,다이포타슘글리시리제이트,다이포타슘글리시리제이트,28,,unknown,unmatched
seed_97_ko_official-073,펜틸렌글라이콜,펜틸렌글라이콜,29,,unknown,unmatched
seed_97_ko_official-073,소듐스테아로일글루타메이트,소듐스테아로일글루타메이트,30,,unknown,unmatched
seed_97_ko_official-073,프로판다이올,프로판다이올,31,,unknown,unmatched
seed_97_ko_official-073,아이소펜틸다이올,아이소펜틸다이올,32,,unknown,unmatched
seed_97_ko_official-073,글리세릴아크릴레이트/아크릴릭애씨드코폴리머,글리세릴아크릴레이트/아크릴릭애씨드코폴리머,33,,unknown,unmatched
seed_97_ko_official-073,피브이엠/엠에이코폴리머,피브이엠/엠에이코폴리머,34,,unknown,unmatched
seed_97_ko_official-073,카프로익애씨드,카프로익애씨드,35,,unknown,unmatched
seed_97_ko_official-073,폴리글리세릴-4올리에이트,폴리글리세릴-4올리에이트,36,,unknown,unmatched
seed_97_ko_official-073,소듐서팩틴,소듐서팩틴,37,,unknown,unmatched
seed_97_ko_official-073,카보머,카보머,38,,unknown,unmatched
seed_97_ko_official-073,잔탄검,잔탄검,39,,unknown,unmatched
seed_97_ko_official-073,트로메타민,트로메타민,40,,unknown,unmatched
seed_97_ko_official-073,소듐아세테이트,소듐아세테이트,41,,unknown,unmatched
seed_97_ko_official-073,님잎추출물,님잎추출물,42,,unknown,unmatched
seed_97_ko_official-073,님꽃추출물,님꽃추출물,43,,unknown,unmatched
seed_97_ko_official-073,다이소듐이디티에이,다이소듐이디티에이,44,,unknown,unmatched
seed_97_ko_official-073,에틸헥실글리세린,에틸헥실글리세린,45,,unknown,unmatched
seed_97_ko_official-074,정제수,정제수,1,,unknown,unmatched
seed_97_ko_official-074,글리세린,글리세린,2,,unknown,unmatched
seed_97_ko_official-074,프로판다이올,프로판다이올,3,,unknown,unmatched
seed_97_ko_official-074,다이프로필렌글라이콜,다이프로필렌글라이콜,4,,unknown,unmatched
seed_97_ko_official-074,나이아신아마이드,나이아신아마이드,5,,unknown,unmatched
seed_97_ko_official-074,"1,2-헥산다이올","1,2-헥산다이올",6,,unknown,unmatched
seed_97_ko_official-074,판테놀,판테놀,7,,unknown,unmatched
seed_97_ko_official-074,병풀추출물,병풀추출물,8,,unknown,unmatched
seed_97_ko_official-074,마데카식애씨드,마데카식애씨드,9,,unknown,unmatched
seed_97_ko_official-074,아시아티코사이드,아시아티코사이드,10,,unknown,unmatched
seed_97_ko_official-074,아시아틱애씨드,아시아틱애씨드,11,,unknown,unmatched
seed_97_ko_official-074,마데카소사이드,마데카소사이드,12,,unknown,unmatched
seed_97_ko_official-074,알란토인,알란토인,13,,unknown,unmatched
seed_97_ko_official-074,쓴풀추출물,쓴풀추출물,14,,unknown,unmatched
seed_97_ko_official-074,푸른연꽃꽃추출물,푸른연꽃꽃추출물,15,,unknown,unmatched
seed_97_ko_official-074,락토바실러스발효물,락토바실러스발효물,16,,unknown,unmatched
seed_97_ko_official-074,접시꽃꽃추출물,접시꽃꽃추출물,17,,unknown,unmatched
seed_97_ko_official-074,소듐하이알루로네이트,소듐하이알루로네이트,18,,unknown,unmatched
seed_97_ko_official-074,하이드롤라이즈드하이알루로닉애씨드,하이드롤라이즈드하이알루로닉애씨드,19,,unknown,unmatched
seed_97_ko_official-074,하이알루로닉애씨드,하이알루로닉애씨드,20,,unknown,unmatched
seed_97_ko_official-074,하이드록시프로필트라이모늄하이알루로네이트,하이드록시프로필트라이모늄하이알루로네이트,21,,unknown,unmatched
seed_97_ko_official-074,포타슘하이알루로네이트,포타슘하이알루로네이트,22,,unknown,unmatched
seed_97_ko_official-074,소듐하이알루로네이트크로스폴리머,소듐하이알루로네이트크로스폴리머,23,,unknown,unmatched
seed_97_ko_official-074,소듐아세틸레이티드하이알루로네이트,소듐아세틸레이티드하이알루로네이트,24,,unknown,unmatched
seed_97_ko_official-074,징크하이드롤라이즈드하이알루로네이트,징크하이드롤라이즈드하이알루로네이트,25,,unknown,unmatched
seed_97_ko_official-074,칼슘판토테네이트,칼슘판토테네이트,26,,unknown,unmatched
seed_97_ko_official-074,석시닉애씨드,석시닉애씨드,27,,unknown,unmatched
seed_97_ko_official-074,글루코닉애씨드,글루코닉애씨드,28,,unknown,unmatched
seed_97_ko_official-074,카프릴로일살리실릭애씨드,카프릴로일살리실릭애씨드,29,,unknown,unmatched
seed_97_ko_official-074,징크피씨에이,징크피씨에이,30,,unknown,unmatched
seed_97_ko_official-074,팔미토일다이펩타이드-7,팔미토일다이펩타이드-7,31,,unknown,unmatched
seed_97_ko_official-074,다이펩타이드-2,다이펩타이드-2,32,,unknown,unmatched
seed_97_ko_official-074,다이포타슘글리시리제이트,다이포타슘글리시리제이트,33,,unknown,unmatched
seed_97_ko_official-074,펜틸렌글라이콜,펜틸렌글라이콜,34,,unknown,unmatched
seed_97_ko_official-074,소듐스테아로일글루타메이트,소듐스테아로일글루타메이트,35,,unknown,unmatched
seed_97_ko_official-074,아세틸글루코사민,아세틸글루코사민,36,,unknown,unmatched
seed_97_ko_official-074,글리세릴글루코사이드,글리세릴글루코사이드,37,,unknown,unmatched
seed_97_ko_official-074,아이소펜틸다이올,아이소펜틸다이올,38,,unknown,unmatched
seed_97_ko_official-074,"2,3-부탄다이올","2,3-부탄다이올",39,,unknown,unmatched
seed_97_ko_official-074,옥틸도데칸올,옥틸도데칸올,40,,unknown,unmatched
seed_97_ko_official-074,글리세릴아크릴레이트/아크릴릭애씨드코폴리머,글리세릴아크릴레이트/아크릴릭애씨드코폴리머,41,,unknown,unmatched
seed_97_ko_official-074,피브이엠/엠에이코폴리머,피브이엠/엠에이코폴리머,42,,unknown,unmatched
seed_97_ko_official-074,카프로익애씨드,카프로익애씨드,43,,unknown,unmatched
seed_97_ko_official-074,폴리글리세릴-4올리에이트,폴리글리세릴-4올리에이트,44,,unknown,unmatched
seed_97_ko_official-074,솔비탄스테아레이트,솔비탄스테아레이트,45,,unknown,unmatched
seed_97_ko_official-074,폴리글리세린-3,폴리글리세린-3,46,,unknown,unmatched
seed_97_ko_official-074,파이토스테롤,파이토스테롤,47,,unknown,unmatched
seed_97_ko_official-074,소듐서팩틴,소듐서팩틴,48,,unknown,unmatched
seed_97_ko_official-074,카보머,카보머,49,,unknown,unmatched
seed_97_ko_official-074,잔탄검,잔탄검,50,,unknown,unmatched
seed_97_ko_official-074,트로메타민,트로메타민,51,,unknown,unmatched
seed_97_ko_official-074,소듐아세테이트,소듐아세테이트,52,,unknown,unmatched
seed_97_ko_official-074,에틸헥실글리세린,에틸헥실글리세린,53,,unknown,unmatched
seed_97_ko_official-074,황련뿌리추출물,황련뿌리추출물,54,,unknown,unmatched
seed_97_ko_official-074,말라카이트추출물,말라카이트추출물,55,,unknown,unmatched
seed_97_ko_official-075,정제수,정제수,1,,unknown,unmatched
seed_97_ko_official-075,글리세린,글리세린,2,,unknown,unmatched
seed_97_ko_official-075,부틸렌글라이콜,부틸렌글라이콜,3,,unknown,unmatched
seed_97_ko_official-075,"1,2-헥산다이올","1,2-헥산다이올",4,,unknown,unmatched
seed_97_ko_official-075,카프릴릭/카프릭트라이글리세라이드,카프릴릭/카프릭트라이글리세라이드,5,,unknown,unmatched
seed_97_ko_official-075,판테놀,판테놀,6,,unknown,unmatched
seed_97_ko_official-075,세라마이드엔피,세라마이드엔피,7,,unknown,unmatched
seed_97_ko_official-075,세라마이드엔에스,세라마이드엔에스,8,,unknown,unmatched
seed_97_ko_official-075,세라마이드에이에스,세라마이드에이에스,9,,unknown,unmatched
seed_97_ko_official-075,세라마이드이오피,세라마이드이오피,10,,unknown,unmatched
seed_97_ko_official-075,세라마이드에이피,세라마이드에이피,11,,unknown,unmatched
seed_97_ko_official-075,캐모마일잎추출물,캐모마일잎추출물,12,,unknown,unmatched
seed_97_ko_official-075,녹차잎추출물,녹차잎추출물,13,,unknown,unmatched
seed_97_ko_official-075,타임추출물,타임추출물,14,,unknown,unmatched
seed_97_ko_official-075,애플민트잎추출물,애플민트잎추출물,15,,unknown,unmatched
seed_97_ko_official-075,알란토인,알란토인,16,,unknown,unmatched
seed_97_ko_official-075,소듐하이알루로네이트,소듐하이알루로네이트,17,,unknown,unmatched
seed_97_ko_official-075,트레할로오스,트레할로오스,18,,unknown,unmatched
seed_97_ko_official-075,수크로오스,수크로오스,19,,unknown,unmatched
seed_97_ko_official-075,콜레스테롤,콜레스테롤,20,,unknown,unmatched
seed_97_ko_official-075,글리세레스-26,글리세레스-26,21,,unknown,unmatched
seed_97_ko_official-075,C14-22알코올,C14-22알코올,22,,unknown,unmatched
seed_97_ko_official-075,C12-20알킬글루코사이드,C12-20알킬글루코사이드,23,,unknown,unmatched
seed_97_ko_official-075,피브이엠/엠에이코폴리머,피브이엠/엠에이코폴리머,24,,unknown,unmatched
seed_97_ko_official-075,아크릴레이트/C10-30알킬아크릴레이트크로스폴리머,아크릴레이트/C10-30알킬아크릴레이트크로스폴리머,25,,unknown,unmatched
seed_97_ko_official-075,글리세릴아크릴레이트/아크릴릭애씨드코폴리머,글리세릴아크릴레이트/아크릴릭애씨드코폴리머,26,,unknown,unmatched
seed_97_ko_official-075,하이드로제네이티드레시틴,하이드로제네이티드레시틴,27,,unknown,unmatched
seed_97_ko_official-075,트로메타민,트로메타민,28,,unknown,unmatched
seed_97_ko_official-075,토코페롤,토코페롤,29,,unknown,unmatched
seed_97_ko_official-075,홍화꽃추출물,홍화꽃추출물,30,,unknown,unmatched
seed_97_ko_official-075,바오밥나무씨오일,바오밥나무씨오일,31,,unknown,unmatched
seed_97_ko_official-075,잔탄검,잔탄검,32,,unknown,unmatched
seed_97_ko_official-075,스테아릭애씨드,스테아릭애씨드,33,,unknown,unmatched
seed_97_ko_official-075,다이소듐이디티에이,다이소듐이디티에이,34,,unknown,unmatched
seed_97_ko_official-075,에틸헥실글리세린,에틸헥실글리세린,35,,unknown,unmatched
seed_97_ko_official-076,정제수,정제수,1,,unknown,unmatched
seed_97_ko_official-076,글리세린,글리세린,2,,unknown,unmatched
seed_97_ko_official-076,소듐코코일글리시네이트,소듐코코일글리시네이트,3,,unknown,unmatched
seed_97_ko_official-076,소듐라우로일글루타메이트,소듐라우로일글루타메이트,4,,unknown,unmatched
seed_97_ko_official-076,소듐하이알루로네이트,소듐하이알루로네이트,5,,unknown,unmatched
seed_97_ko_official-076,하이알루로닉애씨드,하이알루로닉애씨드,6,,unknown,unmatched
seed_97_ko_official-076,하이드롤라이즈드하이알루로닉애씨드,하이드롤라이즈드하이알루로닉애씨드,7,,unknown,unmatched
seed_97_ko_official-076,소듐아세틸레이티드하이알루로네이트,소듐아세틸레이티드하이알루로네이트,8,,unknown,unmatched
seed_97_ko_official-076,하이드록시프로필트라이모늄하이알루로네이트,하이드록시프로필트라이모늄하이알루로네이트,9,,unknown,unmatched
seed_97_ko_official-076,하이드롤라이즈드소듐하이알루로네이트,하이드롤라이즈드소듐하이알루로네이트,10,,unknown,unmatched
seed_97_ko_official-076,소듐하이알루로네이트크로스폴리머,소듐하이알루로네이트크로스폴리머,11,,unknown,unmatched
seed_97_ko_official-076,포타슘하이알루로네이트,포타슘하이알루로네이트,12,,unknown,unmatched
seed_97_ko_official-076,판테놀,판테놀,13,,unknown,unmatched
seed_97_ko_official-076,알란토인,알란토인,14,,unknown,unmatched
seed_97_ko_official-076,트레할로오스,트레할로오스,15,,unknown,unmatched
seed_97_ko_official-076,토코페롤,토코페롤,16,,unknown,unmatched
seed_97_ko_official-076,위치하젤추출물,위치하젤추출물,17,,unknown,unmatched
seed_97_ko_official-076,녹차잎추출물,녹차잎추출물,18,,unknown,unmatched
seed_97_ko_official-076,캐모마일추출물,캐모마일추출물,19,,unknown,unmatched
seed_97_ko_official-076,부틸렌글라이콜,부틸렌글라이콜,20,,unknown,unmatched
seed_97_ko_official-076,다이프로필렌글라이콜,다이프로필렌글라이콜,21,,unknown,unmatched
seed_97_ko_official-076,하이드록시프로필스타치포스페이트,하이드록시프로필스타치포스페이트,22,,unknown,unmatched
seed_97_ko_official-076,글리세릴스테아레이트에스이,글리세릴스테아레이트에스이,23,,unknown,unmatched
seed_97_ko_official-076,포타슘벤조에이트,포타슘벤조에이트,24,,unknown,unmatched
seed_97_ko_official-076,소듐클로라이드,소듐클로라이드,25,,unknown,unmatched
seed_97_ko_official-076,폴리쿼터늄-67,폴리쿼터늄-67,26,,unknown,unmatched
seed_97_ko_official-076,소듐아세테이트,소듐아세테이트,27,,unknown,unmatched
seed_97_ko_official-076,"1,2-헥산다이올","1,2-헥산다이올",28,,unknown,unmatched
seed_97_ko_official-076,시트릭애씨드,시트릭애씨드,29,,unknown,unmatched
seed_97_ko_official-076,에틸헥실글리세린,에틸헥실글리세린,30,,unknown,unmatched
seed_97_ko_official-076,다이소듐이디티에이,다이소듐이디티에이,31,,unknown,unmatched
seed_97_ko_official-076,말라카이트추출물,말라카이트추출물,32,,unknown,unmatched
seed_97_ko_official-077,정제수,정제수,1,,unknown,unmatched
seed_97_ko_official-077,부틸렌글라이콜,부틸렌글라이콜,2,,unknown,unmatched
seed_97_ko_official-077,글리세린,글리세린,3,,unknown,unmatched
seed_97_ko_official-077,"1,2-헥산다이올","1,2-헥산다이올",4,,unknown,unmatched
seed_97_ko_official-077,하이드로제네이티드다이데센,하이드로제네이티드다이데센,5,,unknown,unmatched
seed_97_ko_official-077,알란토인,알란토인,6,,unknown,unmatched
seed_97_ko_official-077,트레할로오스,트레할로오스,7,,unknown,unmatched
seed_97_ko_official-077,위치하젤추출물,위치하젤추출물,8,,unknown,unmatched
seed_97_ko_official-077,판테놀,판테놀,9,,unknown,unmatched
seed_97_ko_official-077,하이드롤라이즈드하이알루로닉애씨드,하이드롤라이즈드하이알루로닉애씨드,10,,unknown,unmatched
seed_97_ko_official-077,소듐하이알루로네이트,소듐하이알루로네이트,11,,unknown,unmatched
seed_97_ko_official-077,소듐하이알루로네이트크로스폴리머,소듐하이알루로네이트크로스폴리머,12,,unknown,unmatched
seed_97_ko_official-077,소듐아세틸레이티드하이알루로네이트,소듐아세틸레이티드하이알루로네이트,13,,unknown,unmatched
seed_97_ko_official-077,하이드롤라이즈드소듐하이알루로네이트,하이드롤라이즈드소듐하이알루로네이트,14,,unknown,unmatched
seed_97_ko_official-077,글리세릴아크릴레이트/아크릴릭애씨드코폴리머,글리세릴아크릴레이트/아크릴릭애씨드코폴리머,15,,unknown,unmatched
seed_97_ko_official-077,피브이엠/엠에이코폴리머,피브이엠/엠에이코폴리머,16,,unknown,unmatched
seed_97_ko_official-077,하이드록시에틸아크릴레이트/소듐아크릴로일다이메틸타우레이트코폴리머,하이드록시에틸아크릴레이트/소듐아크릴로일다이메틸타우레이트코폴리머,17,,unknown,unmatched
seed_97_ko_official-077,"2,3-부탄다이올","2,3-부탄다이올",18,,unknown,unmatched
seed_97_ko_official-077,세테아릴알코올,세테아릴알코올,19,,unknown,unmatched
seed_97_ko_official-077,C14-22알코올,C14-22알코올,20,,unknown,unmatched
seed_97_ko_official-077,C12-20알킬글루코사이드,C12-20알킬글루코사이드,21,,unknown,unmatched
seed_97_ko_official-077,펜틸렌글라이콜,펜틸렌글라이콜,22,,unknown,unmatched
seed_97_ko_official-077,솔비탄아이소스테아레이트,솔비탄아이소스테아레이트,23,,unknown,unmatched
seed_97_ko_official-077,카프릴릭/카프릭트라이글리세라이드,카프릴릭/카프릭트라이글리세라이드,24,,unknown,unmatched
seed_97_ko_official-077,님잎추출물,님잎추출물,25,,unknown,unmatched
seed_97_ko_official-077,님꽃추출물,님꽃추출물,26,,unknown,unmatched
seed_97_ko_official-077,코키니아인디카열매추출물,코키니아인디카열매추출물,27,,unknown,unmatched
seed_97_ko_official-077,가지열매추출물,가지열매추출물,28,,unknown,unmatched
seed_97_ko_official-077,홀리바질잎추출물,홀리바질잎추출물,29,,unknown,unmatched
seed_97_ko_official-077,울금뿌리추출물,울금뿌리추출물,30,,unknown,unmatched
seed_97_ko_official-077,산호말추출물,산호말추출물,31,,unknown,unmatched
seed_97_ko_official-077,클라리세이지추출물,클라리세이지추출물,32,,unknown,unmatched
seed_97_ko_official-077,라벤더꽃추출물,라벤더꽃추출물,33,,unknown,unmatched
seed_97_ko_official-077,히아신스추출물,히아신스추출물,34,,unknown,unmatched
seed_97_ko_official-077,캐모마일꽃추출물,캐모마일꽃추출물,35,,unknown,unmatched
seed_97_ko_official-077,수레국화꽃추출물,수레국화꽃추출물,36,,unknown,unmatched
seed_97_ko_official-077,보리지추출물,보리지추출물,37,,unknown,unmatched
seed_97_ko_official-077,다이소듐이디티에이,다이소듐이디티에이,38,,unknown,unmatched
seed_97_ko_official-077,카보머,카보머,39,,unknown,unmatched
seed_97_ko_official-077,트로메타민,트로메타민,40,,unknown,unmatched
seed_97_ko_official-077,잔탄검,잔탄검,41,,unknown,unmatched
seed_97_ko_official-077,글루타티온,글루타티온,42,,unknown,unmatched
seed_97_ko_official-077,말라카이트추출물,말라카이트추출물,43,,unknown,unmatched
seed_97_ko_official-077,에틸헥실글리세린,에틸헥실글리세린,44,,unknown,unmatched
seed_97_ko_official-078,정제수,정제수,1,,unknown,unmatched
seed_97_ko_official-078,글리세린,글리세린,2,,unknown,unmatched
seed_97_ko_official-078,소듐코코일알라니네이트,소듐코코일알라니네이트,3,,unknown,unmatched
seed_97_ko_official-078,라우릴글루코사이드,라우릴글루코사이드,4,,unknown,unmatched
seed_97_ko_official-078,라우릴하이드록시설테인,라우릴하이드록시설테인,5,,unknown,unmatched
seed_97_ko_official-078,코코-베타인,코코-베타인,6,,unknown,unmatched
seed_97_ko_official-078,다이소듐코코암포다이아세테이트,다이소듐코코암포다이아세테이트,7,,unknown,unmatched
seed_97_ko_official-078,병풀추출물,병풀추출물,8,,unknown,unmatched
seed_97_ko_official-078,마데카소사이드,마데카소사이드,9,,unknown,unmatched
seed_97_ko_official-078,아시아티코사이드,아시아티코사이드,10,,unknown,unmatched
seed_97_ko_official-078,아시아틱애씨드,아시아틱애씨드,11,,unknown,unmatched
seed_97_ko_official-078,마데카식애씨드,마데카식애씨드,12,,unknown,unmatched
seed_97_ko_official-078,판테놀,판테놀,13,,unknown,unmatched
seed_97_ko_official-078,카프릴로일살리실릭애씨드,카프릴로일살리실릭애씨드,14,,unknown,unmatched
seed_97_ko_official-078,세라마이드엔피,세라마이드엔피,15,,unknown,unmatched
seed_97_ko_official-078,알란토인,알란토인,16,,unknown,unmatched
seed_97_ko_official-078,위치하젤추출물,위치하젤추출물,17,,unknown,unmatched
seed_97_ko_official-078,접시꽃꽃추출물,접시꽃꽃추출물,18,,unknown,unmatched
seed_97_ko_official-078,푸른연꽃꽃추출물,푸른연꽃꽃추출물,19,,unknown,unmatched
seed_97_ko_official-078,쓴풀추출물,쓴풀추출물,20,,unknown,unmatched
seed_97_ko_official-078,락토바실러스발효물,락토바실러스발효물,21,,unknown,unmatched
seed_97_ko_official-078,콩씨추출물,콩씨추출물,22,,unknown,unmatched
seed_97_ko_official-078,퀼라야나무껍질추출물,퀼라야나무껍질추출물,23,,unknown,unmatched
seed_97_ko_official-078,케이프알로에잎추출물,케이프알로에잎추출물,24,,unknown,unmatched
seed_97_ko_official-078,부틸렌글라이콜,부틸렌글라이콜,25,,unknown,unmatched
seed_97_ko_official-078,펜틸렌글라이콜,펜틸렌글라이콜,26,,unknown,unmatched
seed_97_ko_official-078,헥실렌글라이콜,헥실렌글라이콜,27,,unknown,unmatched
seed_97_ko_official-078,코코-글루코사이드,코코-글루코사이드,28,,unknown,unmatched
seed_97_ko_official-078,소듐클로라이드,소듐클로라이드,29,,unknown,unmatched
seed_97_ko_official-078,소듐코코일아이세티오네이트,소듐코코일아이세티오네이트,30,,unknown,unmatched
seed_97_ko_official-078,카프릴릴글라이콜,카프릴릴글라이콜,31,,unknown,unmatched
seed_97_ko_official-078,카프릴릭/카프릭트라이글리세라이드,카프릴릭/카프릭트라이글리세라이드,32,,unknown,unmatched
seed_97_ko_official-078,옥탄다이올,옥탄다이올,33,,unknown,unmatched
seed_97_ko_official-078,아크릴레이트/C10-30알킬아크릴레이트크로스폴리머,아크릴레이트/C10-30알킬아크릴레이트크로스폴리머,34,,unknown,unmatched
seed_97_ko_official-078,하이드로제네이티드레시틴,하이드로제네이티드레시틴,35,,unknown,unmatched
seed_97_ko_official-078,님잎추출물,님잎추출물,36,,unknown,unmatched
seed_97_ko_official-078,님꽃추출물,님꽃추출물,37,,unknown,unmatched
seed_97_ko_official-078,다이포타슘글리시리제이트,다이포타슘글리시리제이트,38,,unknown,unmatched
seed_97_ko_official-078,시트릭애씨드,시트릭애씨드,39,,unknown,unmatched
seed_97_ko_official-078,"1,2-헥산다이올","1,2-헥산다이올",40,,unknown,unmatched
seed_97_ko_official-078,로즈마리잎오일,로즈마리잎오일,41,,unknown,unmatched
seed_97_ko_official-078,에틸헥실글리세린,에틸헥실글리세린,42,,unknown,unmatched
seed_97_ko_official-079,규조토,규조토,1,,unknown,unmatched
seed_97_ko_official-079,글루코오스,글루코오스,2,,unknown,unmatched
seed_97_ko_official-079,알진,알진,3,,unknown,unmatched
seed_97_ko_official-079,칼슘설페이트,칼슘설페이트,4,,unknown,unmatched
seed_97_ko_official-079,카올린,카올린,5,,unknown,unmatched
seed_97_ko_official-079,트레할로오스,트레할로오스,6,,unknown,unmatched
seed_97_ko_official-079,베타인,베타인,7,,unknown,unmatched
seed_97_ko_official-079,클로렐라가루,클로렐라가루,8,,unknown,unmatched
seed_97_ko_official-079,자일리톨,자일리톨,9,,unknown,unmatched
seed_97_ko_official-079,병풀추출물,병풀추출물,10,,unknown,unmatched
seed_97_ko_official-079,티트리잎추출물,티트리잎추출물,11,,unknown,unmatched
seed_97_ko_official-079,판테놀,판테놀,12,,unknown,unmatched
seed_97_ko_official-079,알란토인,알란토인,13,,unknown,unmatched
seed_97_ko_official-079,마데카소사이드,마데카소사이드,14,,unknown,unmatched
seed_97_ko_official-079,아시아티코사이드,아시아티코사이드,15,,unknown,unmatched
seed_97_ko_official-079,아시아틱애씨드,아시아틱애씨드,16,,unknown,unmatched
seed_97_ko_official-079,마데카식애씨드,마데카식애씨드,17,,unknown,unmatched
seed_97_ko_official-079,덱스트린,덱스트린,18,,unknown,unmatched
seed_97_ko_official-079,소듐데하이드로아세테이트,소듐데하이드로아세테이트,19,,unknown,unmatched
seed_97_ko_official-079,테트라소듐파이로포스페이트,테트라소듐파이로포스페이트,20,,unknown,unmatched
seed_97_ko_official-079,홍화꽃추출물,홍화꽃추출물,21,,unknown,unmatched
seed_97_ko_official-079,치자열매추출물,치자열매추출물,22,,unknown,unmatched
seed_97_ko_official-079,소듐하이알루로네이트,소듐하이알루로네이트,23,,unknown,unmatched
seed_97_ko_official-079,정제수,정제수,24,,unknown,unmatched
seed_97_ko_official-079,글리세린,글리세린,25,,unknown,unmatched
seed_97_ko_official-079,부틸렌글라이콜,부틸렌글라이콜,26,,unknown,unmatched
seed_97_ko_official-079,"1,2-헥산다이올","1,2-헥산다이올",27,,unknown,unmatched
seed_97_ko_official-079,락토바실러스발효물,락토바실러스발효물,28,,unknown,unmatched
seed_97_ko_official-079,접시꽃꽃추출물,접시꽃꽃추출물,29,,unknown,unmatched
seed_97_ko_official-079,푸른연꽃꽃추출물,푸른연꽃꽃추출물,30,,unknown,unmatched
seed_97_ko_official-079,쓴풀추출물,쓴풀추출물,31,,unknown,unmatched
seed_97_ko_official-080,정제수,정제수,1,,unknown,unmatched
seed_97_ko_official-080,코카미도프로필베타인,코카미도프로필베타인,2,,unknown,unmatched
seed_97_ko_official-080,소듐라우로일메틸아이세티오네이트,소듐라우로일메틸아이세티오네이트,3,,unknown,unmatched
seed_97_ko_official-080,소듐클로라이드,소듐클로라이드,4,,unknown,unmatched
seed_97_ko_official-080,폴리솔베이트20,폴리솔베이트20,5,,unknown,unmatched
seed_97_ko_official-080,때죽나무가지/열매/잎추출물,때죽나무가지/열매/잎추출물,6,,unknown,unmatched
seed_97_ko_official-080,부틸렌글라이콜,부틸렌글라이콜,7,,unknown,unmatched
seed_97_ko_official-080,사카로미세스발효물,사카로미세스발효물,8,,unknown,unmatched
seed_97_ko_official-080,삼나무잎추출물,삼나무잎추출물,9,,unknown,unmatched
seed_97_ko_official-080,연꽃잎추출물,연꽃잎추출물,10,,unknown,unmatched
seed_97_ko_official-080,소나무잎추출물,소나무잎추출물,11,,unknown,unmatched
seed_97_ko_official-080,느릅나무뿌리추출물,느릅나무뿌리추출물,12,,unknown,unmatched
seed_97_ko_official-080,달맞이꽃꽃추출물,달맞이꽃꽃추출물,13,,unknown,unmatched
seed_97_ko_official-080,칡뿌리추출물,칡뿌리추출물,14,,unknown,unmatched
seed_97_ko_official-080,티트리잎오일,티트리잎오일,15,,unknown,unmatched
seed_97_ko_official-080,알란토인,알란토인,16,,unknown,unmatched
seed_97_ko_official-080,카프릴릴글라이콜,카프릴릴글라이콜,17,,unknown,unmatched
seed_97_ko_official-080,에틸헥실글리세린,에틸헥실글리세린,18,,unknown,unmatched
seed_97_ko_official-080,베타인살리실레이트,베타인살리실레이트,19,,unknown,unmatched
seed_97_ko_official-080,시트릭애씨드,시트릭애씨드,20,,unknown,unmatched
seed_97_ko_official-080,에틸헥산다이올,에틸헥산다이올,21,,unknown,unmatched
seed_97_ko_official-080,"1,2-헥산다이올","1,2-헥산다이올",22,,unknown,unmatched
seed_97_ko_official-080,트라이소듐에틸렌다이아민다이석시네이트,트라이소듐에틸렌다이아민다이석시네이트,23,,unknown,unmatched
seed_97_ko_official-080,소듐벤조에이트,소듐벤조에이트,24,,unknown,unmatched
seed_97_ko_official-080,다이소듐이디티에이,다이소듐이디티에이,25,,unknown,unmatched
seed_97_ko_official-081,정제수,정제수,1,,unknown,unmatched
seed_97_ko_official-081,흰버드나무나무껍질수,흰버드나무나무껍질수,2,,unknown,unmatched
seed_97_ko_official-081,사과열매수,사과열매수,3,,unknown,unmatched
seed_97_ko_official-081,부틸렌글라이콜,부틸렌글라이콜,4,,unknown,unmatched
seed_97_ko_official-081,"1,2-헥산다이올","1,2-헥산다이올",5,,unknown,unmatched
seed_97_ko_official-081,소듐락테이트,소듐락테이트,6,,unknown,unmatched
seed_97_ko_official-081,글라이콜릭애씨드,글라이콜릭애씨드,7,,unknown,unmatched
seed_97_ko_official-081,베타인살리실레이트,베타인살리실레이트,8,,unknown,unmatched
seed_97_ko_official-081,알란토인,알란토인,9,,unknown,unmatched
seed_97_ko_official-081,판테놀,판테놀,10,,unknown,unmatched
seed_97_ko_official-081,에틸헥산다이올,에틸헥산다이올,11,,unknown,unmatched
seed_97_ko_official-082,달팽이점액여과물,달팽이점액여과물,1,,unknown,unmatched
seed_97_ko_official-082,베타인,베타인,2,,unknown,unmatched
seed_97_ko_official-082,부틸렌글라이콜,부틸렌글라이콜,3,,unknown,unmatched
seed_97_ko_official-082,"1,2-헥산다이올","1,2-헥산다이올",4,,unknown,unmatched
seed_97_ko_official-082,소듐폴리아크릴레이트,소듐폴리아크릴레이트,5,,unknown,unmatched
seed_97_ko_official-082,페녹시에탄올,페녹시에탄올,6,,unknown,unmatched
seed_97_ko_official-082,소듐하이알루로네이트,소듐하이알루로네이트,7,,unknown,unmatched
seed_97_ko_official-082,알란토인,알란토인,8,,unknown,unmatched
seed_97_ko_official-082,에틸헥산다이올,에틸헥산다이올,9,,unknown,unmatched
seed_97_ko_official-082,카보머,카보머,10,,unknown,unmatched
seed_97_ko_official-082,판테놀,판테놀,11,,unknown,unmatched
seed_97_ko_official-082,알지닌,알지닌,12,,unknown,unmatched
seed_97_ko_official-083,달팽이점액여과물,달팽이점액여과물,1,,unknown,unmatched
seed_97_ko_official-083,부틸렌글라이콜,부틸렌글라이콜,2,,unknown,unmatched
seed_97_ko_official-083,글리세린,글리세린,3,,unknown,unmatched
seed_97_ko_official-083,해바라기씨오일,해바라기씨오일,4,,unknown,unmatched
seed_97_ko_official-083,"1,2-헥산다이올","1,2-헥산다이올",5,,unknown,unmatched
seed_97_ko_official-083,나이아신아마이드,나이아신아마이드,6,,unknown,unmatched
seed_97_ko_official-083,정제수,정제수,7,,unknown,unmatched
seed_97_ko_official-083,팔미틱애씨드,팔미틱애씨드,8,,unknown,unmatched
seed_97_ko_official-083,알지닌,알지닌,9,,unknown,unmatched
seed_97_ko_official-083,카보머,카보머,10,,unknown,unmatched
seed_97_ko_official-083,스테아릭애씨드,스테아릭애씨드,11,,unknown,unmatched
seed_97_ko_official-083,베타인,베타인,12,,unknown,unmatched
seed_97_ko_official-083,세테아릴올리베이트,세테아릴올리베이트,13,,unknown,unmatched
seed_97_ko_official-083,솔비탄올리베이트,솔비탄올리베이트,14,,unknown,unmatched
seed_97_ko_official-083,소듐폴리아크릴레이트,소듐폴리아크릴레이트,15,,unknown,unmatched
seed_97_ko_official-083,알란토인,알란토인,16,,unknown,unmatched
seed_97_ko_official-083,토코페릴아세테이트,토코페릴아세테이트,17,,unknown,unmatched
seed_97_ko_official-083,판테놀,판테놀,18,,unknown,unmatched
seed_97_ko_official-083,하이드록시에틸아크릴레이트/소듐아크릴로일다이메틸타우레이트코폴리머,하이드록시에틸아크릴레이트/소듐아크릴로일다이메틸타우레이트코폴리머,19,,unknown,unmatched
seed_97_ko_official-083,소듐하이알루로네이트,소듐하이알루로네이트,20,,unknown,unmatched
seed_97_ko_official-083,아데노신,아데노신,21,,unknown,unmatched
seed_97_ko_official-083,잔탄검,잔탄검,22,,unknown,unmatched
seed_97_ko_official-083,미리스틱애씨드,미리스틱애씨드,23,,unknown,unmatched
seed_97_ko_official-083,카퍼트라이펩타이드-1,카퍼트라이펩타이드-1,24,,unknown,unmatched
seed_97_ko_official-083,아세틸헥사펩타이드-8,아세틸헥사펩타이드-8,25,,unknown,unmatched
seed_97_ko_official-083,팔미토일펜타펩타이드-4,팔미토일펜타펩타이드-4,26,,unknown,unmatched
seed_97_ko_official-083,팔미토일트라이펩타이드-1,팔미토일트라이펩타이드-1,27,,unknown,unmatched
seed_97_ko_official-083,팔미토일테트라펩타이드-7,팔미토일테트라펩타이드-7,28,,unknown,unmatched
seed_97_ko_official-084,달팽이점액여과물,달팽이점액여과물,1,,unknown,unmatched
seed_97_ko_official-084,베타인,베타인,2,,unknown,unmatched
seed_97_ko_official-084,카프릴릭/카프릭트라이글리세라이드,카프릴릭/카프릭트라이글리세라이드,3,,unknown,unmatched
seed_97_ko_official-084,세테아릴올리베이트,세테아릴올리베이트,4,,unknown,unmatched
seed_97_ko_official-084,솔비탄올리베이트,솔비탄올리베이트,5,,unknown,unmatched
seed_97_ko_official-084,세테아릴알코올,세테아릴알코올,6,,unknown,unmatched
seed_97_ko_official-084,카보머,카보머,7,,unknown,unmatched
seed_97_ko_official-084,알지닌,알지닌,8,,unknown,unmatched
seed_97_ko_official-084,다이메티콘,다이메티콘,9,,unknown,unmatched
seed_97_ko_official-084,소듐폴리아크릴레이트,소듐폴리아크릴레이트,10,,unknown,unmatched
seed_97_ko_official-084,페녹시에탄올,페녹시에탄올,11,,unknown,unmatched
seed_97_ko_official-084,소듐하이알루로네이트,소듐하이알루로네이트,12,,unknown,unmatched
seed_97_ko_official-084,스테아릭애씨드,스테아릭애씨드,13,,unknown,unmatched
seed_97_ko_official-084,알란토인,알란토인,14,,unknown,unmatched
seed_97_ko_official-084,판테놀,판테놀,15,,unknown,unmatched
seed_97_ko_official-084,잔탄검,잔탄검,16,,unknown,unmatched
seed_97_ko_official-084,에틸헥산다이올,에틸헥산다이올,17,,unknown,unmatched
seed_97_ko_official-084,아데노신,아데노신,18,,unknown,unmatched
seed_97_ko_official-085,자작나무수액,자작나무수액,1,,unknown,unmatched
seed_97_ko_official-085,부틸렌글라이콜,부틸렌글라이콜,2,,unknown,unmatched
seed_97_ko_official-085,글리세린,글리세린,3,,unknown,unmatched
seed_97_ko_official-085,다이메티콘,다이메티콘,4,,unknown,unmatched
seed_97_ko_official-085,베타인,베타인,5,,unknown,unmatched
seed_97_ko_official-085,세테아릴알코올,세테아릴알코올,6,,unknown,unmatched
seed_97_ko_official-085,"1,2-헥산다이올","1,2-헥산다이올",7,,unknown,unmatched
seed_97_ko_official-085,세테아릴올리베이트,세테아릴올리베이트,8,,unknown,unmatched
seed_97_ko_official-085,솔비탄올리베이트,솔비탄올리베이트,9,,unknown,unmatched
seed_97_ko_official-085,에틸헥실글리세린,에틸헥실글리세린,10,,unknown,unmatched
seed_97_ko_official-085,하이드록시에틸아크릴레이트/소듐아크릴로일다이메틸타우레이트코폴리머,하이드록시에틸아크릴레이트/소듐아크릴로일다이메틸타우레이트코폴리머,11,,unknown,unmatched
seed_97_ko_official-085,에틸헥산다이올,에틸헥산다이올,12,,unknown,unmatched
seed_97_ko_official-085,잔탄검,잔탄검,13,,unknown,unmatched
seed_97_ko_official-085,알란토인,알란토인,14,,unknown,unmatched
seed_97_ko_official-085,판테놀,판테놀,15,,unknown,unmatched
seed_97_ko_official-085,소듐하이알루로네이트,소듐하이알루로네이트,16,,unknown,unmatched
seed_97_ko_official-085,소듐락테이트,소듐락테이트,17,,unknown,unmatched
seed_97_ko_official-085,4-터피네올,4-터피네올,18,,unknown,unmatched
seed_97_ko_official-085,정제수,정제수,19,,unknown,unmatched
seed_97_ko_official-086,흰버드나무나무껍질수,흰버드나무나무껍질수,1,,unknown,unmatched
seed_97_ko_official-086,부틸렌글라이콜,부틸렌글라이콜,2,,unknown,unmatched
seed_97_ko_official-086,베타인살리실레이트,베타인살리실레이트,3,,unknown,unmatched
seed_97_ko_official-086,나이아신아마이드,나이아신아마이드,4,,unknown,unmatched
seed_97_ko_official-086,"1,2-헥산다이올","1,2-헥산다이올",5,,unknown,unmatched
seed_97_ko_official-086,알지닌,알지닌,6,,unknown,unmatched
seed_97_ko_official-086,판테놀,판테놀,7,,unknown,unmatched
seed_97_ko_official-086,소듐하이알루로네이트,소듐하이알루로네이트,8,,unknown,unmatched
seed_97_ko_official-086,잔탄검,잔탄검,9,,unknown,unmatched
seed_97_ko_official-086,에틸헥산다이올,에틸헥산다이올,10,,unknown,unmatched
seed_97_ko_official-087,사과열매수,사과열매수,1,,unknown,unmatched
seed_97_ko_official-087,부틸렌글라이콜,부틸렌글라이콜,2,,unknown,unmatched
seed_97_ko_official-087,글라이콜릭애씨드,글라이콜릭애씨드,3,,unknown,unmatched
seed_97_ko_official-087,나이아신아마이드,나이아신아마이드,4,,unknown,unmatched
seed_97_ko_official-087,소듐하이드록사이드,소듐하이드록사이드,5,,unknown,unmatched
seed_97_ko_official-087,"1,2-헥산다이올","1,2-헥산다이올",6,,unknown,unmatched
seed_97_ko_official-087,판테놀,판테놀,7,,unknown,unmatched
seed_97_ko_official-087,소듐하이알루로네이트,소듐하이알루로네이트,8,,unknown,unmatched
seed_97_ko_official-087,잔탄검,잔탄검,9,,unknown,unmatched
seed_97_ko_official-087,에틸헥산다이올,에틸헥산다이올,10,,unknown,unmatched
seed_97_ko_official-088,정제수,정제수,1,,unknown,unmatched
seed_97_ko_official-088,카프릴릭/카프릭트라이글리세라이드,카프릴릭/카프릭트라이글리세라이드,2,,unknown,unmatched
seed_97_ko_official-088,프로판다이올,프로판다이올,3,,unknown,unmatched
seed_97_ko_official-088,글리세린,글리세린,4,,unknown,unmatched
seed_97_ko_official-088,토코페릴아세테이트,토코페릴아세테이트,5,,unknown,unmatched
seed_97_ko_official-088,세테아릴알코올,세테아릴알코올,6,,unknown,unmatched
seed_97_ko_official-088,트레할로오스,트레할로오스,7,,unknown,unmatched
seed_97_ko_official-088,판테놀,판테놀,8,,unknown,unmatched
seed_97_ko_official-088,시어버터,시어버터,9,,unknown,unmatched
seed_97_ko_official-088,콩오일,콩오일,10,,unknown,unmatched
seed_97_ko_official-088,암모늄아크릴로일다이메틸타우레이트/브이피코폴리머,암모늄아크릴로일다이메틸타우레이트/브이피코폴리머,11,,unknown,unmatched
seed_97_ko_official-088,다이메티콘,다이메티콘,12,,unknown,unmatched
seed_97_ko_official-088,글리세릴폴리메타크릴레이트,글리세릴폴리메타크릴레이트,13,,unknown,unmatched
seed_97_ko_official-088,해바라기씨오일,해바라기씨오일,14,,unknown,unmatched
seed_97_ko_official-088,폴리글리세릴-10스테아레이트,폴리글리세릴-10스테아레이트,15,,unknown,unmatched
seed_97_ko_official-088,하이드로제네이티드레시틴,하이드로제네이티드레시틴,16,,unknown,unmatched
seed_97_ko_official-088,하이드록시에틸아크릴레이트/소듐아크릴로일다이메틸타우레이트코폴리머,하이드록시에틸아크릴레이트/소듐아크릴로일다이메틸타우레이트코폴리머,17,,unknown,unmatched
seed_97_ko_official-088,카보머,카보머,18,,unknown,unmatched
seed_97_ko_official-088,트로메타민,트로메타민,19,,unknown,unmatched
seed_97_ko_official-088,글리세릴스테아레이트,글리세릴스테아레이트,20,,unknown,unmatched
seed_97_ko_official-088,폴리실리콘-11,폴리실리콘-11,21,,unknown,unmatched
seed_97_ko_official-088,소듐설파이트,소듐설파이트,22,,unknown,unmatched
seed_97_ko_official-088,토코페롤,토코페롤,23,,unknown,unmatched
seed_97_ko_official-088,당근뿌리추출물,당근뿌리추출물,24,,unknown,unmatched
seed_97_ko_official-088,레티놀 (0.1%),레티놀,25,0.1%,known,unmatched
seed_97_ko_official-088,알란토인,알란토인,26,,unknown,unmatched
seed_97_ko_official-088,글리세릴카프릴레이트,글리세릴카프릴레이트,27,,unknown,unmatched
seed_97_ko_official-088,쌀겨왁스,쌀겨왁스,28,,unknown,unmatched
seed_97_ko_official-088,토코트리에놀,토코트리에놀,29,,unknown,unmatched
seed_97_ko_official-088,스테아릭애씨드,스테아릭애씨드,30,,unknown,unmatched
seed_97_ko_official-088,폴리글리세릴-3메틸글루코오스다이스테아레이트,폴리글리세릴-3메틸글루코오스다이스테아레이트,31,,unknown,unmatched
seed_97_ko_official-088,팔미틱애씨드,팔미틱애씨드,32,,unknown,unmatched
seed_97_ko_official-088,다이소듐이디티에이,다이소듐이디티에이,33,,unknown,unmatched
seed_97_ko_official-088,에틸헥실글리세린,에틸헥실글리세린,34,,unknown,unmatched
seed_97_ko_official-088,아데노신,아데노신,35,,unknown,unmatched
seed_97_ko_official-088,솔비탄아이소스테아레이트,솔비탄아이소스테아레이트,36,,unknown,unmatched
seed_97_ko_official-088,팜오일,팜오일,37,,unknown,unmatched
seed_97_ko_official-088,비에이치티,비에이치티,38,,unknown,unmatched
seed_97_ko_official-088,베타-카로틴,베타-카로틴,39,,unknown,unmatched
seed_97_ko_official-088,미리스틱애씨드,미리스틱애씨드,40,,unknown,unmatched
seed_97_ko_official-088,라우릭애씨드,라우릭애씨드,41,,unknown,unmatched
seed_97_ko_official-088,아스코빅애씨드,아스코빅애씨드,42,,unknown,unmatched
seed_97_ko_official-088,메도우폼씨오일,메도우폼씨오일,43,,unknown,unmatched
seed_97_ko_official-088,3-O-에틸아스코빅애씨드,3-O-에틸아스코빅애씨드,44,,unknown,unmatched
seed_97_ko_official-088,글루타티온,글루타티온,45,,unknown,unmatched
seed_97_ko_official-088,소듐하이알루로네이트,소듐하이알루로네이트,46,,unknown,unmatched
seed_97_ko_official-088,"1,2-헥산다이올","1,2-헥산다이올",47,,unknown,unmatched
seed_97_ko_official-088,하이드롤라이즈드하이알루로닉애씨드,하이드롤라이즈드하이알루로닉애씨드,48,,unknown,unmatched
seed_97_ko_official-088,소듐하이알루로네이트크로스폴리머,소듐하이알루로네이트크로스폴리머,49,,unknown,unmatched
seed_97_ko_official-088,하이알루로닉애씨드,하이알루로닉애씨드,50,,unknown,unmatched
seed_97_ko_official-088,소듐아세틸레이티드하이알루로네이트,소듐아세틸레이티드하이알루로네이트,51,,unknown,unmatched
seed_97_ko_official-089,달팽이점액여과물,달팽이점액여과물,1,,unknown,unmatched
seed_97_ko_official-089,부틸렌글라이콜,부틸렌글라이콜,2,,unknown,unmatched
seed_97_ko_official-089,나이아신아마이드,나이아신아마이드,3,,unknown,unmatched
seed_97_ko_official-089,"1,2-헥산다이올","1,2-헥산다이올",4,,unknown,unmatched
seed_97_ko_official-089,베타인,베타인,5,,unknown,unmatched
seed_97_ko_official-089,판테놀,판테놀,6,,unknown,unmatched
seed_97_ko_official-089,정제수,정제수,7,,unknown,unmatched
seed_97_ko_official-089,글리세린,글리세린,8,,unknown,unmatched
seed_97_ko_official-089,메도우폼씨오일,메도우폼씨오일,9,,unknown,unmatched
seed_97_ko_official-089,해바라기씨오일,해바라기씨오일,10,,unknown,unmatched
seed_97_ko_official-089,알란토인,알란토인,11,,unknown,unmatched
seed_97_ko_official-089,카보머,카보머,12,,unknown,unmatched
seed_97_ko_official-089,마카다미아씨오일,마카다미아씨오일,13,,unknown,unmatched
seed_97_ko_official-089,소듐폴리아크릴레이트,소듐폴리아크릴레이트,14,,unknown,unmatched
seed_97_ko_official-089,소듐하이알루로네이트,소듐하이알루로네이트,15,,unknown,unmatched
seed_97_ko_official-089,이눌린라우릴카바메이트,이눌린라우릴카바메이트,16,,unknown,unmatched
seed_97_ko_official-089,알지닌,알지닌,17,,unknown,unmatched
seed_97_ko_official-089,아르간씨오일,아르간씨오일,18,,unknown,unmatched
seed_97_ko_official-089,잔탄검,잔탄검,19,,unknown,unmatched
seed_97_ko_official-089,소듐서팩틴,소듐서팩틴,20,,unknown,unmatched
seed_97_ko_official-089,에틸헥실글리세린,에틸헥실글리세린,21,,unknown,unmatched
seed_97_ko_official-089,글루타티온,글루타티온,22,,unknown,unmatched
seed_97_ko_official-090,프로폴리스추출물,프로폴리스추출물,1,,unknown,unmatched
seed_97_ko_official-090,꿀추출물,꿀추출물,2,,unknown,unmatched
seed_97_ko_official-090,부틸렌글라이콜,부틸렌글라이콜,3,,unknown,unmatched
seed_97_ko_official-090,"1,2-헥산다이올","1,2-헥산다이올",4,,unknown,unmatched
seed_97_ko_official-090,글리세린,글리세린,5,,unknown,unmatched
seed_97_ko_official-090,베타인,베타인,6,,unknown,unmatched
seed_97_ko_official-090,결명자씨추출물,결명자씨추출물,7,,unknown,unmatched
seed_97_ko_official-090,판테놀,판테놀,8,,unknown,unmatched
seed_97_ko_official-090,폴리글리세릴-10라우레이트,폴리글리세릴-10라우레이트,9,,unknown,unmatched
seed_97_ko_official-090,폴리글리세릴-10미리스테이트,폴리글리세릴-10미리스테이트,10,,unknown,unmatched
seed_97_ko_official-090,에틸헥실글리세린,에틸헥실글리세린,11,,unknown,unmatched
seed_97_ko_official-090,소듐하이알루로네이트,소듐하이알루로네이트,12,,unknown,unmatched
seed_97_ko_official-090,하이드록시에틸아크릴레이트/소듐아크릴로일다이메틸타우레이트코폴리머,하이드록시에틸아크릴레이트/소듐아크릴로일다이메틸타우레이트코폴리머,13,,unknown,unmatched
seed_97_ko_official-090,카프릴릭/카프릭트라이글리세라이드,카프릴릭/카프릭트라이글리세라이드,14,,unknown,unmatched
seed_97_ko_official-091,프로폴리스추출물,프로폴리스추출물,1,,unknown,unmatched
seed_97_ko_official-091,부틸렌글라이콜,부틸렌글라이콜,2,,unknown,unmatched
seed_97_ko_official-091,글리세린,글리세린,3,,unknown,unmatched
seed_97_ko_official-091,베타인,베타인,4,,unknown,unmatched
seed_97_ko_official-091,"1,2-헥산다이올","1,2-헥산다이올",5,,unknown,unmatched
seed_97_ko_official-091,결명자씨추출물,결명자씨추출물,6,,unknown,unmatched
seed_97_ko_official-091,소듐하이알루로네이트,소듐하이알루로네이트,7,,unknown,unmatched
seed_97_ko_official-091,하이드록시에틸셀룰로오스,하이드록시에틸셀룰로오스,8,,unknown,unmatched
seed_97_ko_official-091,카보머,카보머,9,,unknown,unmatched
seed_97_ko_official-091,판테놀,판테놀,10,,unknown,unmatched
seed_97_ko_official-091,알지닌,알지닌,11,,unknown,unmatched
seed_97_ko_official-092,정제수,정제수,1,,unknown,unmatched
seed_97_ko_official-092,부틸렌글라이콜,부틸렌글라이콜,2,,unknown,unmatched
seed_97_ko_official-092,프로판다이올,프로판다이올,3,,unknown,unmatched
seed_97_ko_official-092,글리세린,글리세린,4,,unknown,unmatched
seed_97_ko_official-092,소듐하이알루로네이트 (3%),소듐하이알루로네이트,5,3%,known,unmatched
seed_97_ko_official-092,펜틸렌글라이콜,펜틸렌글라이콜,6,,unknown,unmatched
seed_97_ko_official-092,"1,2-헥산다이올","1,2-헥산다이올",7,,unknown,unmatched
seed_97_ko_official-092,다이에톡시에틸석시네이트,다이에톡시에틸석시네이트,8,,unknown,unmatched
seed_97_ko_official-092,소듐폴리아크릴로일다이메틸타우레이트,소듐폴리아크릴로일다이메틸타우레이트,9,,unknown,unmatched
seed_97_ko_official-092,베타인,베타인,10,,unknown,unmatched
seed_97_ko_official-092,잔탄검,잔탄검,11,,unknown,unmatched
seed_97_ko_official-092,다이메티콘,다이메티콘,12,,unknown,unmatched
seed_97_ko_official-092,하이드록시에틸아크릴레이트/소듐아크릴로일다이메틸타우레이트코폴리머,하이드록시에틸아크릴레이트/소듐아크릴로일다이메틸타우레이트코폴리머,13,,unknown,unmatched
seed_97_ko_official-092,소듐피씨에이,소듐피씨에이,14,,unknown,unmatched
seed_97_ko_official-092,소듐락테이트,소듐락테이트,15,,unknown,unmatched
seed_97_ko_official-092,피씨에이,피씨에이,16,,unknown,unmatched
seed_97_ko_official-092,글리세릴아크릴레이트/아크릴릭애씨드코폴리머,글리세릴아크릴레이트/아크릴릭애씨드코폴리머,17,,unknown,unmatched
seed_97_ko_official-092,하이드로제네이티드레시틴,하이드로제네이티드레시틴,18,,unknown,unmatched
seed_97_ko_official-092,에틸헥실글리세린,에틸헥실글리세린,19,,unknown,unmatched
seed_97_ko_official-092,세린,세린,20,,unknown,unmatched
seed_97_ko_official-092,알라닌,알라닌,21,,unknown,unmatched
seed_97_ko_official-092,글라이신,글라이신,22,,unknown,unmatched
seed_97_ko_official-092,소듐파이테이트,소듐파이테이트,23,,unknown,unmatched
seed_97_ko_official-092,솔비탄아이소스테아레이트,솔비탄아이소스테아레이트,24,,unknown,unmatched
seed_97_ko_official-092,피브이엠/엠에이코폴리머,피브이엠/엠에이코폴리머,25,,unknown,unmatched
seed_97_ko_official-092,글루타믹애씨드,글루타믹애씨드,26,,unknown,unmatched
seed_97_ko_official-092,시트릭애씨드,시트릭애씨드,27,,unknown,unmatched
seed_97_ko_official-092,라이신에이치씨엘,라이신에이치씨엘,28,,unknown,unmatched
seed_97_ko_official-092,트레오닌,트레오닌,29,,unknown,unmatched
seed_97_ko_official-092,알지닌,알지닌,30,,unknown,unmatched
seed_97_ko_official-092,소듐메틸스테아로일타우레이트,소듐메틸스테아로일타우레이트,31,,unknown,unmatched
seed_97_ko_official-092,프롤린,프롤린,32,,unknown,unmatched
seed_97_ko_official-092,세라마이드엔피,세라마이드엔피,33,,unknown,unmatched
seed_97_ko_official-092,콜레스테롤,콜레스테롤,34,,unknown,unmatched
seed_97_ko_official-092,카프릴릭/카프릭트라이글리세라이드,카프릴릭/카프릭트라이글리세라이드,35,,unknown,unmatched
seed_97_ko_official-092,파이토스핑고신,파이토스핑고신,36,,unknown,unmatched
seed_97_ko_official-092,스테아릭애씨드,스테아릭애씨드,37,,unknown,unmatched
seed_97_ko_official-092,올레익애씨드,올레익애씨드,38,,unknown,unmatched
seed_97_ko_official-092,에탄올,에탄올,39,,unknown,unmatched
seed_97_ko_official-092,토코페롤,토코페롤,40,,unknown,unmatched
seed_97_ko_official-092,락틱애씨드,락틱애씨드,41,,unknown,unmatched
seed_97_ko_official-092,카프릴릴글라이콜,카프릴릴글라이콜,42,,unknown,unmatched
seed_97_ko_official-092,카프릴하이드록사믹애씨드,카프릴하이드록사믹애씨드,43,,unknown,unmatched
seed_97_ko_official-093,정제수,정제수,1,,unknown,unmatched
seed_97_ko_official-093,펜틸렌글라이콜,펜틸렌글라이콜,2,,unknown,unmatched
seed_97_ko_official-093,나이아신아마이드 (15%),나이아신아마이드,3,15%,known,unmatched
seed_97_ko_official-093,부틸렌글라이콜,부틸렌글라이콜,4,,unknown,unmatched
seed_97_ko_official-093,아세틸글루코사민,아세틸글루코사민,5,,unknown,unmatched
seed_97_ko_official-093,"1,2-헥산다이올","1,2-헥산다이올",6,,unknown,unmatched
seed_97_ko_official-093,징크피씨에이,징크피씨에이,7,,unknown,unmatched
seed_97_ko_official-093,트레할로오스,트레할로오스,8,,unknown,unmatched
seed_97_ko_official-093,잔탄검,잔탄검,9,,unknown,unmatched
seed_97_ko_official-093,풀루란,풀루란,10,,unknown,unmatched
seed_97_ko_official-093,알란토인,알란토인,11,,unknown,unmatched
seed_97_ko_official-093,에틸헥실글리세린,에틸헥실글리세린,12,,unknown,unmatched
seed_97_ko_official-093,소듐파이테이트,소듐파이테이트,13,,unknown,unmatched
seed_97_ko_official-093,시트릭애씨드,시트릭애씨드,14,,unknown,unmatched
seed_97_ko_official-093,토코페롤,토코페롤,15,,unknown,unmatched
seed_97_ko_official-094,정제수,정제수,1,,unknown,unmatched
seed_97_ko_official-094,다이프로필렌글라이콜,다이프로필렌글라이콜,2,,unknown,unmatched
seed_97_ko_official-094,글리세린,글리세린,3,,unknown,unmatched
seed_97_ko_official-094,펜틸렌글라이콜,펜틸렌글라이콜,4,,unknown,unmatched
seed_97_ko_official-094,"1,2-헥산다이올","1,2-헥산다이올",5,,unknown,unmatched
seed_97_ko_official-094,나이아신아마이드,나이아신아마이드,6,,unknown,unmatched
seed_97_ko_official-094,아세틸헥사펩타이드-8,아세틸헥사펩타이드-8,7,,unknown,unmatched
seed_97_ko_official-094,카퍼트라이펩타이드-1,카퍼트라이펩타이드-1,8,,unknown,unmatched
seed_97_ko_official-094,에스에이치-폴리펩타이드-121,에스에이치-폴리펩타이드-121,9,,unknown,unmatched
seed_97_ko_official-094,다이펩타이드다이아미노부티로일벤질아마이드다이아세테이트,다이펩타이드다이아미노부티로일벤질아마이드다이아세테이트,10,,unknown,unmatched
seed_97_ko_official-094,올리고펩타이드-68,올리고펩타이드-68,11,,unknown,unmatched
seed_97_ko_official-094,팔미토일트라이펩타이드-8,팔미토일트라이펩타이드-8,12,,unknown,unmatched
seed_97_ko_official-094,알란토인,알란토인,13,,unknown,unmatched
seed_97_ko_official-094,소듐하이알루로네이트,소듐하이알루로네이트,14,,unknown,unmatched
seed_97_ko_official-094,아세틸글루코사민,아세틸글루코사민,15,,unknown,unmatched
seed_97_ko_official-094,세린,세린,16,,unknown,unmatched
seed_97_ko_official-094,알라닌,알라닌,17,,unknown,unmatched
seed_97_ko_official-094,글라이신,글라이신,18,,unknown,unmatched
seed_97_ko_official-094,트레오닌,트레오닌,19,,unknown,unmatched
seed_97_ko_official-094,알지닌,알지닌,20,,unknown,unmatched
seed_97_ko_official-094,프롤린,프롤린,21,,unknown,unmatched
seed_97_ko_official-094,베타인,베타인,22,,unknown,unmatched
seed_97_ko_official-094,소듐피씨에이,소듐피씨에이,23,,unknown,unmatched
seed_97_ko_official-094,소듐락테이트,소듐락테이트,24,,unknown,unmatched
seed_97_ko_official-094,피씨에이,피씨에이,25,,unknown,unmatched
seed_97_ko_official-094,글루타믹애씨드,글루타믹애씨드,26,,unknown,unmatched
seed_97_ko_official-094,라이신에이치씨엘,라이신에이치씨엘,27,,unknown,unmatched
seed_97_ko_official-094,토코페롤,토코페롤,28,,unknown,unmatched
seed_97_ko_official-094,덱스트란,덱스트란,29,,unknown,unmatched
seed_97_ko_official-094,콩오일,콩오일,30,,unknown,unmatched
seed_97_ko_official-094,하이드로제네이티드레시틴,하이드로제네이티드레시틴,31,,unknown,unmatched
seed_97_ko_official-094,암모늄아크릴로일다이메틸타우레이트/브이피코폴리머,암모늄아크릴로일다이메틸타우레이트/브이피코폴리머,32,,unknown,unmatched
seed_97_ko_official-094,폴리아크릴레이트크로스폴리머-6,폴리아크릴레이트크로스폴리머-6,33,,unknown,unmatched
seed_97_ko_official-094,부틸렌글라이콜,부틸렌글라이콜,34,,unknown,unmatched
seed_97_ko_official-094,잔탄검,잔탄검,35,,unknown,unmatched
seed_97_ko_official-094,에틸헥실글리세린,에틸헥실글리세린,36,,unknown,unmatched
seed_97_ko_official-094,아데노신,아데노신,37,,unknown,unmatched
seed_97_ko_official-094,폴리쿼터늄-51,폴리쿼터늄-51,38,,unknown,unmatched
seed_97_ko_official-094,다이소듐이디티에이,다이소듐이디티에이,39,,unknown,unmatched
seed_97_ko_official-094,시트릭애씨드,시트릭애씨드,40,,unknown,unmatched
seed_97_ko_official-094,카프릴릴글라이콜,카프릴릴글라이콜,41,,unknown,unmatched
seed_97_ko_official-094,t-부틸알코올,t-부틸알코올,42,,unknown,unmatched
seed_97_ko_official-094,포타슘솔베이트,포타슘솔베이트,43,,unknown,unmatched
seed_97_ko_official-094,소듐올리에이트,소듐올리에이트,44,,unknown,unmatched
seed_97_ko_official-095,정제수,정제수,1,,unknown,unmatched
seed_97_ko_official-095,아스코빅애씨드 (13%),아스코빅애씨드,2,13%,known,unmatched
seed_97_ko_official-095,부틸렌글라이콜,부틸렌글라이콜,3,,unknown,unmatched
seed_97_ko_official-095,다이프로필렌글라이콜,다이프로필렌글라이콜,4,,unknown,unmatched
seed_97_ko_official-095,트로메타민,트로메타민,5,,unknown,unmatched
seed_97_ko_official-095,3-O-에틸아스코빅애씨드,3-O-에틸아스코빅애씨드,6,,unknown,unmatched
seed_97_ko_official-095,판테놀,판테놀,7,,unknown,unmatched
seed_97_ko_official-095,아세틸글루코사민,아세틸글루코사민,8,,unknown,unmatched
seed_97_ko_official-095,카페인,카페인,9,,unknown,unmatched
seed_97_ko_official-095,소듐하이알루로네이트,소듐하이알루로네이트,10,,unknown,unmatched
seed_97_ko_official-095,소듐설파이트,소듐설파이트,11,,unknown,unmatched
seed_97_ko_official-095,다이소듐이디티에이,다이소듐이디티에이,12,,unknown,unmatched
seed_97_ko_official-095,글루타티온,글루타티온,13,,unknown,unmatched
seed_97_ko_official-095,아데노신,아데노신,14,,unknown,unmatched
seed_97_ko_official-095,치자열매추출물,치자열매추출물,15,,unknown,unmatched
seed_97_ko_official-095,알란토인,알란토인,16,,unknown,unmatched
seed_97_ko_official-095,덱스트린,덱스트린,17,,unknown,unmatched
seed_97_ko_official-095,스쿠알란,스쿠알란,18,,unknown,unmatched
seed_97_ko_official-095,토코트리에놀,토코트리에놀,19,,unknown,unmatched
seed_97_ko_official-095,토코페롤,토코페롤,20,,unknown,unmatched
seed_97_ko_official-095,팜오일,팜오일,21,,unknown,unmatched
seed_97_ko_official-095,알지닌,알지닌,22,,unknown,unmatched
seed_97_ko_official-095,나이아신아마이드,나이아신아마이드,23,,unknown,unmatched
seed_97_ko_official-095,펜틸렌글라이콜,펜틸렌글라이콜,24,,unknown,unmatched
seed_97_ko_official-095,감초뿌리추출물,감초뿌리추출물,25,,unknown,unmatched
seed_97_ko_official-096,병풀잎수,병풀잎수,1,,unknown,unmatched
seed_97_ko_official-096,부틸렌글라이콜,부틸렌글라이콜,2,,unknown,unmatched
seed_97_ko_official-096,글리세린,글리세린,3,,unknown,unmatched
seed_97_ko_official-096,해바라기씨오일,해바라기씨오일,4,,unknown,unmatched
seed_97_ko_official-096,카프릴릭/카프릭트라이글리세라이드,카프릴릭/카프릭트라이글리세라이드,5,,unknown,unmatched
seed_97_ko_official-096,세테아릴알코올,세테아릴알코올,6,,unknown,unmatched
seed_97_ko_official-096,베타인,베타인,7,,unknown,unmatched
seed_97_ko_official-096,"1,2-헥산다이올","1,2-헥산다이올",8,,unknown,unmatched
seed_97_ko_official-096,세테아릴올리베이트,세테아릴올리베이트,9,,unknown,unmatched
seed_97_ko_official-096,팜오일,팜오일,10,,unknown,unmatched
seed_97_ko_official-096,세라마이드엔피,세라마이드엔피,11,,unknown,unmatched
seed_97_ko_official-096,솔비탄올리베이트,솔비탄올리베이트,12,,unknown,unmatched
seed_97_ko_official-096,하이드로제네이티드레시틴,하이드로제네이티드레시틴,13,,unknown,unmatched
seed_97_ko_official-096,트라이에틸헥사노인,트라이에틸헥사노인,14,,unknown,unmatched
seed_97_ko_official-096,밀랍,밀랍,15,,unknown,unmatched
seed_97_ko_official-096,팜씨오일,팜씨오일,16,,unknown,unmatched
seed_97_ko_official-096,하이드록시에틸아크릴레이트/소듐아크릴로일다이메틸타우레이트코폴리머,하이드록시에틸아크릴레이트/소듐아크릴로일다이메틸타우레이트코폴리머,17,,unknown,unmatched
seed_97_ko_official-096,에틸헥실글리세린,에틸헥실글리세린,18,,unknown,unmatched
seed_97_ko_official-096,사이클로헥사실록세인,사이클로헥사실록세인,19,,unknown,unmatched
seed_97_ko_official-096,결명자씨추출물,결명자씨추출물,20,,unknown,unmatched
seed_97_ko_official-096,수크로오스다이스테아레이트,수크로오스다이스테아레이트,21,,unknown,unmatched
seed_97_ko_official-096,다이프로필렌글라이콜,다이프로필렌글라이콜,22,,unknown,unmatched
seed_97_ko_official-096,판테놀,판테놀,23,,unknown,unmatched
seed_97_ko_official-096,나이아신아마이드,나이아신아마이드,24,,unknown,unmatched
seed_97_ko_official-096,다이메티콘/비닐다이메티콘크로스폴리머,다이메티콘/비닐다이메티콘크로스폴리머,25,,unknown,unmatched
seed_97_ko_official-096,글리세릴스테아레이트,글리세릴스테아레이트,26,,unknown,unmatched
seed_97_ko_official-096,잔탄검,잔탄검,27,,unknown,unmatched
seed_97_ko_official-096,소듐하이알루로네이트,소듐하이알루로네이트,28,,unknown,unmatched
seed_97_ko_official-096,리모넨,리모넨,29,,unknown,unmatched
seed_97_ko_official-096,베르가모트열매오일,베르가모트열매오일,30,,unknown,unmatched
seed_97_ko_official-096,아시아티코사이드,아시아티코사이드,31,,unknown,unmatched
seed_97_ko_official-096,아시아틱애씨드,아시아틱애씨드,32,,unknown,unmatched
seed_97_ko_official-096,마데카식애씨드,마데카식애씨드,33,,unknown,unmatched
seed_97_ko_official-096,리날룰,리날룰,34,,unknown,unmatched
seed_97_ko_official-097,정제수,정제수,1,,unknown,unmatched
seed_97_ko_official-097,카프릴릭/카프릭트라이글리세라이드,카프릴릭/카프릭트라이글리세라이드,2,,unknown,unmatched
seed_97_ko_official-097,부틸렌글라이콜,부틸렌글라이콜,3,,unknown,unmatched
seed_97_ko_official-097,글리세린,글리세린,4,,unknown,unmatched
seed_97_ko_official-097,콩오일,콩오일,5,,unknown,unmatched
seed_97_ko_official-097,토코페롤,토코페롤,6,,unknown,unmatched
seed_97_ko_official-097,토코페릴아세테이트,토코페릴아세테이트,7,,unknown,unmatched
seed_97_ko_official-097,세테아릴알코올,세테아릴알코올,8,,unknown,unmatched
seed_97_ko_official-097,트레할로오스,트레할로오스,9,,unknown,unmatched
seed_97_ko_official-097,판테놀,판테놀,10,,unknown,unmatched
seed_97_ko_official-097,시어버터,시어버터,11,,unknown,unmatched
seed_97_ko_official-097,암모늄아크릴로일다이메틸타우레이트/브이피코폴리머,암모늄아크릴로일다이메틸타우레이트/브이피코폴리머,12,,unknown,unmatched
seed_97_ko_official-097,다이메티콘,다이메티콘,13,,unknown,unmatched
seed_97_ko_official-097,글리세릴폴리메타크릴레이트,글리세릴폴리메타크릴레이트,14,,unknown,unmatched
seed_97_ko_official-097,폴리글리세릴-10스테아레이트,폴리글리세릴-10스테아레이트,15,,unknown,unmatched
seed_97_ko_official-097,하이드로제네이티드레시틴,하이드로제네이티드레시틴,16,,unknown,unmatched
seed_97_ko_official-097,해바라기씨오일,해바라기씨오일,17,,unknown,unmatched
seed_97_ko_official-097,하이드록시에틸아크릴레이트/소듐아크릴로일다이메틸타우레이트코폴리머,하이드록시에틸아크릴레이트/소듐아크릴로일다이메틸타우레이트코폴리머,18,,unknown,unmatched
seed_97_ko_official-097,카보머,카보머,19,,unknown,unmatched
seed_97_ko_official-097,레티놀 (0.3%),레티놀,20,0.3%,known,unmatched
seed_97_ko_official-097,트로메타민,트로메타민,21,,unknown,unmatched
seed_97_ko_official-097,글리세릴스테아레이트,글리세릴스테아레이트,22,,unknown,unmatched
seed_97_ko_official-097,폴리실리콘-11,폴리실리콘-11,23,,unknown,unmatched
seed_97_ko_official-097,소듐설파이트,소듐설파이트,24,,unknown,unmatched
seed_97_ko_official-097,당근뿌리추출물,당근뿌리추출물,25,,unknown,unmatched
seed_97_ko_official-097,알란토인,알란토인,26,,unknown,unmatched
seed_97_ko_official-097,글리세릴카프릴레이트,글리세릴카프릴레이트,27,,unknown,unmatched
seed_97_ko_official-097,프로판다이올,프로판다이올,28,,unknown,unmatched
seed_97_ko_official-097,쌀겨왁스,쌀겨왁스,29,,unknown,unmatched
seed_97_ko_official-097,토코트리에놀,토코트리에놀,30,,unknown,unmatched
seed_97_ko_official-097,스테아릭애씨드,스테아릭애씨드,31,,unknown,unmatched
seed_97_ko_official-097,폴리글리세릴-3메틸글루코오스다이스테아레이트,폴리글리세릴-3메틸글루코오스다이스테아레이트,32,,unknown,unmatched
seed_97_ko_official-097,팔미틱애씨드,팔미틱애씨드,33,,unknown,unmatched
seed_97_ko_official-097,에틸헥실글리세린,에틸헥실글리세린,34,,unknown,unmatched
seed_97_ko_official-097,다이소듐이디티에이,다이소듐이디티에이,35,,unknown,unmatched
seed_97_ko_official-097,아데노신,아데노신,36,,unknown,unmatched
seed_97_ko_official-097,소듐하이알루로네이트,소듐하이알루로네이트,37,,unknown,unmatched
seed_97_ko_official-097,솔비탄아이소스테아레이트,솔비탄아이소스테아레이트,38,,unknown,unmatched
seed_97_ko_official-097,"1,2-헥산다이올","1,2-헥산다이올",39,,unknown,unmatched
seed_97_ko_official-097,팜오일,팜오일,40,,unknown,unmatched
seed_97_ko_official-097,하이드롤라이즈드하이알루로닉애씨드,하이드롤라이즈드하이알루로닉애씨드,41,,unknown,unmatched
seed_97_ko_official-097,베타-카로틴,베타-카로틴,42,,unknown,unmatched
seed_97_ko_official-097,소듐하이알루로네이트크로스폴리머,소듐하이알루로네이트크로스폴리머,43,,unknown,unmatched
seed_97_ko_official-097,미리스틱애씨드,미리스틱애씨드,44,,unknown,unmatched
seed_97_ko_official-097,하이알루로닉애씨드,하이알루로닉애씨드,45,,unknown,unmatched
seed_97_ko_official-097,라우릭애씨드,라우릭애씨드,46,,unknown,unmatched
seed_97_ko_official-097,소듐아세틸레이티드하이알루로네이트,소듐아세틸레이티드하이알루로네이트,47,,unknown,unmatched
seed_97_ko_official-097,아스코빅애씨드,아스코빅애씨드,48,,unknown,unmatched
seed_97_ko_official-097,메도우폼씨오일,메도우폼씨오일,49,,unknown,unmatched
seed_97_ko_official-097,3-O-에틸아스코빅애씨드,3-O-에틸아스코빅애씨드,50,,unknown,unmatched
seed_97_ko_official-097,글루타티온,글루타티온,51,,unknown,unmatched
seed_additional_100_ko_official-001,정제수,정제수,1,,unknown,unmatched
seed_additional_100_ko_official-001,부틸렌글라이콜,부틸렌글라이콜,2,,unknown,unmatched
seed_additional_100_ko_official-001,글리세린,글리세린,3,,unknown,unmatched
seed_additional_100_ko_official-001,부틸렌글라이콜다이카프릴레이트/다이카프레이트,부틸렌글라이콜다이카프릴레이트/다이카프레이트,4,,unknown,unmatched
seed_additional_100_ko_official-001,세틸에틸헥사노에이트,세틸에틸헥사노에이트,5,,unknown,unmatched
seed_additional_100_ko_official-001,스쿠알란,스쿠알란,6,,unknown,unmatched
seed_additional_100_ko_official-001,펜타에리스리틸테트라아이소스테아레이트,펜타에리스리틸테트라아이소스테아레이트,7,,unknown,unmatched
seed_additional_100_ko_official-001,다이카프릴릴카보네이트,다이카프릴릴카보네이트,8,,unknown,unmatched
seed_additional_100_ko_official-001,베헤닐알코올,베헤닐알코올,9,,unknown,unmatched
seed_additional_100_ko_official-001,다이메티콘,다이메티콘,10,,unknown,unmatched
seed_additional_100_ko_official-001,하이드록시프로필비스팔미타마이드엠이에이,하이드록시프로필비스팔미타마이드엠이에이,11,,unknown,unmatched
seed_additional_100_ko_official-001,스테아릭애씨드,스테아릭애씨드,12,,unknown,unmatched
seed_additional_100_ko_official-001,베타인,베타인,13,,unknown,unmatched
seed_additional_100_ko_official-001,만니톨,만니톨,14,,unknown,unmatched
seed_additional_100_ko_official-001,C14-22알코올,C14-22알코올,15,,unknown,unmatched
seed_additional_100_ko_official-001,팔미틱애씨드,팔미틱애씨드,16,,unknown,unmatched
seed_additional_100_ko_official-001,하이드록시프로필비스라우라마이드엠이에이,하이드록시프로필비스라우라마이드엠이에이,17,,unknown,unmatched
seed_additional_100_ko_official-001,아라키딜알코올,아라키딜알코올,18,,unknown,unmatched
seed_additional_100_ko_official-001,콜레스테롤,콜레스테롤,19,,unknown,unmatched
seed_additional_100_ko_official-001,폴리아크릴레이트-13,폴리아크릴레이트-13,20,,unknown,unmatched
seed_additional_100_ko_official-001,C12-20알킬글루코사이드,C12-20알킬글루코사이드,21,,unknown,unmatched
seed_additional_100_ko_official-001,알란토인,알란토인,22,,unknown,unmatched
seed_additional_100_ko_official-001,아라키딜글루코사이드,아라키딜글루코사이드,23,,unknown,unmatched
seed_additional_100_ko_official-001,나이아신아마이드,나이아신아마이드,24,,unknown,unmatched
seed_additional_100_ko_official-001,세라마이드엔피,세라마이드엔피,25,,unknown,unmatched
seed_additional_100_ko_official-001,글리세릴카프릴레이트,글리세릴카프릴레이트,26,,unknown,unmatched
seed_additional_100_ko_official-001,에틸헥실글리세린,에틸헥실글리세린,27,,unknown,unmatched
seed_additional_100_ko_official-001,하이드로제네이티드폴리아이소부텐,하이드로제네이티드폴리아이소부텐,28,,unknown,unmatched
seed_additional_100_ko_official-001,카보머,카보머,29,,unknown,unmatched
seed_additional_100_ko_official-001,트로메타민,트로메타민,30,,unknown,unmatched
seed_additional_100_ko_official-001,다이메티콘올,다이메티콘올,31,,unknown,unmatched
seed_additional_100_ko_official-001,폴리글리세릴-10라우레이트,폴리글리세릴-10라우레이트,32,,unknown,unmatched
seed_additional_100_ko_official-001,하이드로제네이티드레시틴,하이드로제네이티드레시틴,33,,unknown,unmatched
seed_additional_100_ko_official-001,에틸헥실팔미테이트,에틸헥실팔미테이트,34,,unknown,unmatched
seed_additional_100_ko_official-001,아크릴레이트/암모늄메타크릴레이트코폴리머,아크릴레이트/암모늄메타크릴레이트코폴리머,35,,unknown,unmatched
seed_additional_100_ko_official-001,솔비탄아이소스테아레이트,솔비탄아이소스테아레이트,36,,unknown,unmatched
seed_additional_100_ko_official-001,실리카,실리카,37,,unknown,unmatched
seed_additional_100_ko_official-001,피토스핑고신,피토스핑고신,38,,unknown,unmatched
seed_additional_100_ko_official-001,스핑고리피드,스핑고리피드,39,,unknown,unmatched
seed_additional_100_ko_official-001,아라키딕애씨드,아라키딕애씨드,40,,unknown,unmatched
seed_additional_100_ko_official-001,토코페롤,토코페롤,41,,unknown,unmatched
seed_additional_100_ko_official-001,올레익애씨드,올레익애씨드,42,,unknown,unmatched
seed_additional_100_ko_official-002,정제수,정제수,1,,unknown,unmatched
seed_additional_100_ko_official-002,부틸렌글라이콜,부틸렌글라이콜,2,,unknown,unmatched
seed_additional_100_ko_official-002,글리세린,글리세린,3,,unknown,unmatched
seed_additional_100_ko_official-002,다이메티콘,다이메티콘,4,,unknown,unmatched
seed_additional_100_ko_official-002,스쿠알란,스쿠알란,5,,unknown,unmatched
seed_additional_100_ko_official-002,펜타에리스리틸테트라아이소스테아레이트,펜타에리스리틸테트라아이소스테아레이트,6,,unknown,unmatched
seed_additional_100_ko_official-002,베타인,베타인,7,,unknown,unmatched
seed_additional_100_ko_official-002,폴리글리세릴-3메틸글루코오스다이스테아레이트,폴리글리세릴-3메틸글루코오스다이스테아레이트,8,,unknown,unmatched
seed_additional_100_ko_official-002,부틸렌글라이콜다이카프릴레이트/다이카프레이트,부틸렌글라이콜다이카프릴레이트/다이카프레이트,9,,unknown,unmatched
seed_additional_100_ko_official-002,카프릴릭/카프릭트라이글리세라이드,카프릴릭/카프릭트라이글리세라이드,10,,unknown,unmatched
seed_additional_100_ko_official-002,팔미틱애씨드,팔미틱애씨드,11,,unknown,unmatched
seed_additional_100_ko_official-002,"1,2-헥산다이올","1,2-헥산다이올",12,,unknown,unmatched
seed_additional_100_ko_official-002,스테아릭애씨드,스테아릭애씨드,13,,unknown,unmatched
seed_additional_100_ko_official-002,하이드록시에틸아크릴레이트/소듐아크릴로일다이메틸타우레이트코폴리머,하이드록시에틸아크릴레이트/소듐아크릴로일다이메틸타우레이트코폴리머,14,,unknown,unmatched
seed_additional_100_ko_official-002,글리세릴스테아레이트,글리세릴스테아레이트,15,,unknown,unmatched
seed_additional_100_ko_official-002,하이드록시프로필비스팔미타마이드엠이에이,하이드록시프로필비스팔미타마이드엠이에이,16,,unknown,unmatched
seed_additional_100_ko_official-002,글리세릴스테아레이트시트레이트,글리세릴스테아레이트시트레이트,17,,unknown,unmatched
seed_additional_100_ko_official-002,콜레스테롤,콜레스테롤,18,,unknown,unmatched
seed_additional_100_ko_official-002,나이아신아마이드,나이아신아마이드,19,,unknown,unmatched
seed_additional_100_ko_official-002,다이메티콘올,다이메티콘올,20,,unknown,unmatched
seed_additional_100_ko_official-002,하이드록시프로필비스라우라마이드엠이에이,하이드록시프로필비스라우라마이드엠이에이,21,,unknown,unmatched
seed_additional_100_ko_official-002,베헤닐알코올,베헤닐알코올,22,,unknown,unmatched
seed_additional_100_ko_official-002,글리세릴카프릴레이트,글리세릴카프릴레이트,23,,unknown,unmatched
seed_additional_100_ko_official-002,카보머,카보머,24,,unknown,unmatched
seed_additional_100_ko_official-002,다이소듐이디티에이,다이소듐이디티에이,25,,unknown,unmatched
seed_additional_100_ko_official-002,에틸헥실글리세린,에틸헥실글리세린,26,,unknown,unmatched
seed_additional_100_ko_official-002,트로메타민,트로메타민,27,,unknown,unmatched
seed_additional_100_ko_official-002,솔비탄아이소스테아레이트,솔비탄아이소스테아레이트,28,,unknown,unmatched
seed_additional_100_ko_official-002,피토스핑고신,피토스핑고신,29,,unknown,unmatched
seed_additional_100_ko_official-002,만니톨,만니톨,30,,unknown,unmatched
seed_additional_100_ko_official-002,세라마이드엔피,세라마이드엔피,31,,unknown,unmatched
seed_additional_100_ko_official-002,토코페롤,토코페롤,32,,unknown,unmatched
seed_additional_100_ko_official-002,하이드로제네이티드레시틴,하이드로제네이티드레시틴,33,,unknown,unmatched
seed_additional_100_ko_official-002,아크릴레이트/암모늄메타크릴레이트코폴리머,아크릴레이트/암모늄메타크릴레이트코폴리머,34,,unknown,unmatched
seed_additional_100_ko_official-002,실리카,실리카,35,,unknown,unmatched
seed_additional_100_ko_official-002,스핑고리피드,스핑고리피드,36,,unknown,unmatched
seed_additional_100_ko_official-002,아라키딕애씨드,아라키딕애씨드,37,,unknown,unmatched
seed_additional_100_ko_official-002,올레익애씨드,올레익애씨드,38,,unknown,unmatched
seed_additional_100_ko_official-003,정제수,정제수,1,,unknown,unmatched
seed_additional_100_ko_official-003,부틸렌글라이콜,부틸렌글라이콜,2,,unknown,unmatched
seed_additional_100_ko_official-003,글리세린,글리세린,3,,unknown,unmatched
seed_additional_100_ko_official-003,스쿠알란,스쿠알란,4,,unknown,unmatched
seed_additional_100_ko_official-003,"1,2-헥산다이올","1,2-헥산다이올",5,,unknown,unmatched
seed_additional_100_ko_official-003,아크릴레이트/C10-30알킬아크릴레이트크로스폴리머,아크릴레이트/C10-30알킬아크릴레이트크로스폴리머,6,,unknown,unmatched
seed_additional_100_ko_official-003,카보머,카보머,7,,unknown,unmatched
seed_additional_100_ko_official-003,트로메타민,트로메타민,8,,unknown,unmatched
seed_additional_100_ko_official-003,글리세릴카프릴레이트,글리세릴카프릴레이트,9,,unknown,unmatched
seed_additional_100_ko_official-003,에틸헥실글리세린,에틸헥실글리세린,10,,unknown,unmatched
seed_additional_100_ko_official-003,다이소듐이디티에이,다이소듐이디티에이,11,,unknown,unmatched
seed_additional_100_ko_official-003,낫토검,낫토검,12,,unknown,unmatched
seed_additional_100_ko_official-003,스테아릭애씨드,스테아릭애씨드,13,,unknown,unmatched
seed_additional_100_ko_official-003,하이드록시프로필비스팔미타마이드엠이에이,하이드록시프로필비스팔미타마이드엠이에이,14,,unknown,unmatched
seed_additional_100_ko_official-003,만니톨,만니톨,15,,unknown,unmatched
seed_additional_100_ko_official-003,피씨에이,피씨에이,16,,unknown,unmatched
seed_additional_100_ko_official-003,락틱애씨드,락틱애씨드,17,,unknown,unmatched
seed_additional_100_ko_official-003,글루코오스,글루코오스,18,,unknown,unmatched
seed_additional_100_ko_official-003,글라이신,글라이신,19,,unknown,unmatched
seed_additional_100_ko_official-003,우레아,우레아,20,,unknown,unmatched
seed_additional_100_ko_official-003,소듐글리세로포스페이트,소듐글리세로포스페이트,21,,unknown,unmatched
seed_additional_100_ko_official-003,세린,세린,22,,unknown,unmatched
seed_additional_100_ko_official-003,글루타믹애씨드,글루타믹애씨드,23,,unknown,unmatched
seed_additional_100_ko_official-003,토코페롤,토코페롤,24,,unknown,unmatched
seed_additional_100_ko_official-003,아크릴레이트/암모늄메타크릴레이트코폴리머,아크릴레이트/암모늄메타크릴레이트코폴리머,25,,unknown,unmatched
seed_additional_100_ko_official-003,포타슘마그네슘아스파테이트,포타슘마그네슘아스파테이트,26,,unknown,unmatched
seed_additional_100_ko_official-003,아스파틱애씨드,아스파틱애씨드,27,,unknown,unmatched
seed_additional_100_ko_official-003,류신,류신,28,,unknown,unmatched
seed_additional_100_ko_official-003,소듐클로라이드,소듐클로라이드,29,,unknown,unmatched
seed_additional_100_ko_official-003,알라닌,알라닌,30,,unknown,unmatched
seed_additional_100_ko_official-003,라이신,라이신,31,,unknown,unmatched
seed_additional_100_ko_official-003,알지닌,알지닌,32,,unknown,unmatched
seed_additional_100_ko_official-003,칼슘글루코네이트,칼슘글루코네이트,33,,unknown,unmatched
seed_additional_100_ko_official-003,마그네슘글루코네이트,마그네슘글루코네이트,34,,unknown,unmatched
seed_additional_100_ko_official-003,타이로신,타이로신,35,,unknown,unmatched
seed_additional_100_ko_official-003,페닐알라닌,페닐알라닌,36,,unknown,unmatched
seed_additional_100_ko_official-003,프롤린,프롤린,37,,unknown,unmatched
seed_additional_100_ko_official-003,트레오닌,트레오닌,38,,unknown,unmatched
seed_additional_100_ko_official-003,발린,발린,39,,unknown,unmatched
seed_additional_100_ko_official-003,아이소류신,아이소류신,40,,unknown,unmatched
seed_additional_100_ko_official-003,시트릭애씨드,시트릭애씨드,41,,unknown,unmatched
seed_additional_100_ko_official-003,콜레스테롤,콜레스테롤,42,,unknown,unmatched
seed_additional_100_ko_official-003,히스티딘,히스티딘,43,,unknown,unmatched
seed_additional_100_ko_official-003,실리카,실리카,44,,unknown,unmatched
seed_additional_100_ko_official-003,아세틸글루코사민,아세틸글루코사민,45,,unknown,unmatched
seed_additional_100_ko_official-003,크레아틴,크레아틴,46,,unknown,unmatched
seed_additional_100_ko_official-003,우릭애씨드,우릭애씨드,47,,unknown,unmatched
seed_additional_100_ko_official-003,시스테인,시스테인,48,,unknown,unmatched
seed_additional_100_ko_official-003,메티오닌,메티오닌,49,,unknown,unmatched
seed_additional_100_ko_official-004,정제수,정제수,1,,unknown,unmatched
seed_additional_100_ko_official-004,부틸렌글라이콜,부틸렌글라이콜,2,,unknown,unmatched
seed_additional_100_ko_official-004,글리세린,글리세린,3,,unknown,unmatched
seed_additional_100_ko_official-004,나이아신아마이드,나이아신아마이드,4,,unknown,unmatched
seed_additional_100_ko_official-004,"1,2-헥산다이올","1,2-헥산다이올",5,,unknown,unmatched
seed_additional_100_ko_official-004,베타인,베타인,6,,unknown,unmatched
seed_additional_100_ko_official-004,판테놀,판테놀,7,,unknown,unmatched
seed_additional_100_ko_official-004,카보머,카보머,8,,unknown,unmatched
seed_additional_100_ko_official-004,에틸헥실글리세린,에틸헥실글리세린,9,,unknown,unmatched
seed_additional_100_ko_official-004,소듐하이알루로네이트(1001 ppm),소듐하이알루로네이트,10,1001ppm,known,unmatched
seed_additional_100_ko_official-004,3-O-에틸아스코빅애씨드,3-O-에틸아스코빅애씨드,11,,unknown,unmatched
seed_additional_100_ko_official-004,셀룰로오스검,셀룰로오스검,12,,unknown,unmatched
seed_additional_100_ko_official-004,트로메타민,트로메타민,13,,unknown,unmatched
seed_additional_100_ko_official-004,소듐트라이메타포스페이트,소듐트라이메타포스페이트,14,,unknown,unmatched
seed_additional_100_ko_official-004,다이포타슘글리시리제이트,다이포타슘글리시리제이트,15,,unknown,unmatched
seed_additional_100_ko_official-004,프로판다이올,프로판다이올,16,,unknown,unmatched
seed_additional_100_ko_official-004,아데노신,아데노신,17,,unknown,unmatched
seed_additional_100_ko_official-004,하이드록시프로필비스팔미타마이드엠이에이(210 ppm),하이드록시프로필비스팔미타마이드엠이에이,18,210ppm,known,unmatched
seed_additional_100_ko_official-004,소듐메타포스페이트,소듐메타포스페이트,19,,unknown,unmatched
seed_additional_100_ko_official-004,글리세릴카프릴레이트,글리세릴카프릴레이트,20,,unknown,unmatched
seed_additional_100_ko_official-004,포타슘하이드록사이드,포타슘하이드록사이드,21,,unknown,unmatched
seed_additional_100_ko_official-004,소듐락테이트,소듐락테이트,22,,unknown,unmatched
seed_additional_100_ko_official-004,바이오사카라이드검-1,바이오사카라이드검-1,23,,unknown,unmatched
seed_additional_100_ko_official-004,카프릴릭/카프릭트라이글리세라이드,카프릴릭/카프릭트라이글리세라이드,24,,unknown,unmatched
seed_additional_100_ko_official-004,펜틸렌글라이콜,펜틸렌글라이콜,25,,unknown,unmatched
seed_additional_100_ko_official-004,시트릭애씨드,시트릭애씨드,26,,unknown,unmatched
seed_additional_100_ko_official-004,하이드록시에틸우레아,하이드록시에틸우레아,27,,unknown,unmatched
seed_additional_100_ko_official-004,폴리글리세릴-10스테아레이트,폴리글리세릴-10스테아레이트,28,,unknown,unmatched
seed_additional_100_ko_official-004,콜레스테롤,콜레스테롤,29,,unknown,unmatched
seed_additional_100_ko_official-004,프로필렌글라이콜,프로필렌글라이콜,30,,unknown,unmatched
seed_additional_100_ko_official-004,포타슘세틸포스페이트,포타슘세틸포스페이트,31,,unknown,unmatched
seed_additional_100_ko_official-004,토코페롤,토코페롤,32,,unknown,unmatched
seed_additional_100_ko_official-004,세라마이드엔피(0.75 ppm),세라마이드엔피,33,0.75ppm,known,unmatched
seed_additional_100_ko_official-004,만니톨,만니톨,34,,unknown,unmatched
seed_additional_100_ko_official-004,스테아릭애씨드,스테아릭애씨드,35,,unknown,unmatched
seed_additional_100_ko_official-004,실리카,실리카,36,,unknown,unmatched
seed_additional_100_ko_official-004,아크릴레이트/암모늄메타크릴레이트코폴리머,아크릴레이트/암모늄메타크릴레이트코폴리머,37,,unknown,unmatched
seed_additional_100_ko_official-004,하이드로제네이티드레시틴,하이드로제네이티드레시틴,38,,unknown,unmatched
seed_additional_100_ko_official-004,팔미틱애씨드,팔미틱애씨드,39,,unknown,unmatched
seed_additional_100_ko_official-004,올레익애씨드,올레익애씨드,40,,unknown,unmatched
seed_additional_100_ko_official-004,아라키딕애씨드,아라키딕애씨드,41,,unknown,unmatched
seed_additional_100_ko_official-004,스핑고리피드,스핑고리피드,42,,unknown,unmatched
seed_additional_100_ko_official-005,정제수,정제수,1,,unknown,unmatched
seed_additional_100_ko_official-005,부틸렌글라이콜,부틸렌글라이콜,2,,unknown,unmatched
seed_additional_100_ko_official-005,글리세린,글리세린,3,,unknown,unmatched
seed_additional_100_ko_official-005,프로필렌글라이콜,프로필렌글라이콜,4,,unknown,unmatched
seed_additional_100_ko_official-005,"1,2-헥산다이올","1,2-헥산다이올",5,,unknown,unmatched
seed_additional_100_ko_official-005,글루코노락톤,글루코노락톤,6,,unknown,unmatched
seed_additional_100_ko_official-005,에틸헥실글리세린,에틸헥실글리세린,7,,unknown,unmatched
seed_additional_100_ko_official-005,칼슘클로라이드,칼슘클로라이드,8,,unknown,unmatched
seed_additional_100_ko_official-005,만니톨,만니톨,9,,unknown,unmatched
seed_additional_100_ko_official-005,셀룰로오스,셀룰로오스,10,,unknown,unmatched
seed_additional_100_ko_official-005,셀룰로오스검,셀룰로오스검,11,,unknown,unmatched
seed_additional_100_ko_official-005,트로메타민,트로메타민,12,,unknown,unmatched
seed_additional_100_ko_official-005,세틸-피지하이드록시에틸팔미타마이드,세틸-피지하이드록시에틸팔미타마이드,13,,unknown,unmatched
seed_additional_100_ko_official-005,스테아릭애씨드,스테아릭애씨드,14,,unknown,unmatched
seed_additional_100_ko_official-005,젤란검,젤란검,15,,unknown,unmatched
seed_additional_100_ko_official-005,소듐시트레이트,소듐시트레이트,16,,unknown,unmatched
seed_additional_100_ko_official-005,소듐글루코네이트,소듐글루코네이트,17,,unknown,unmatched
seed_additional_100_ko_official-005,벤조익애씨드,벤조익애씨드,18,,unknown,unmatched
seed_additional_100_ko_official-005,세라마이드엔피,세라마이드엔피,19,,unknown,unmatched
seed_additional_100_ko_official-005,하이드로제네이티드레시틴,하이드로제네이티드레시틴,20,,unknown,unmatched
seed_additional_100_ko_official-005,소듐벤조에이트,소듐벤조에이트,21,,unknown,unmatched
seed_additional_100_ko_official-005,실리카,실리카,22,,unknown,unmatched
seed_additional_100_ko_official-005,콜레스테롤,콜레스테롤,23,,unknown,unmatched
seed_additional_100_ko_official-005,스핑고리피드,스핑고리피드,24,,unknown,unmatched
seed_additional_100_ko_official-005,소듐하이알루로네이트,소듐하이알루로네이트,25,,unknown,unmatched
seed_additional_100_ko_official-005,하이드록시프로필메틸셀룰로오스,하이드록시프로필메틸셀룰로오스,26,,unknown,unmatched
seed_additional_100_ko_official-005,토코페롤,토코페롤,27,,unknown,unmatched
seed_additional_100_ko_official-006,정제수,정제수,1,,unknown,unmatched
seed_additional_100_ko_official-006,글리세린,글리세린,2,,unknown,unmatched
seed_additional_100_ko_official-006,부틸렌글라이콜,부틸렌글라이콜,3,,unknown,unmatched
seed_additional_100_ko_official-006,카프릴릭/카프릭트리글리세라이드,카프릴릭/카프릭트리글리세라이드,4,,unknown,unmatched
seed_additional_100_ko_official-006,하이드로제네이티드폴리(C6-14올레핀),하이드로제네이티드폴리(C6-14올레핀),5,,unknown,unmatched
seed_additional_100_ko_official-006,디메치콘,디메치콘,6,,unknown,unmatched
seed_additional_100_ko_official-006,세틸에칠헥사노에이트,세틸에칠헥사노에이트,7,,unknown,unmatched
seed_additional_100_ko_official-006,하이드록시프로필비스라우라마이드엠이에이,하이드록시프로필비스라우라마이드엠이에이,8,,unknown,unmatched
seed_additional_100_ko_official-006,"1,2-헥산디올","1,2-헥산디올",9,,unknown,unmatched
seed_additional_100_ko_official-006,소듐서팩틴,소듐서팩틴,10,,unknown,unmatched
seed_additional_100_ko_official-006,콜레스테롤,콜레스테롤,11,,unknown,unmatched
seed_additional_100_ko_official-006,글리세릴카프릴레이트,글리세릴카프릴레이트,12,,unknown,unmatched
seed_additional_100_ko_official-006,디소듐이디티에이,디소듐이디티에이,13,,unknown,unmatched
seed_additional_100_ko_official-006,에칠헥실글리세린,에칠헥실글리세린,14,,unknown,unmatched
seed_additional_100_ko_official-006,베헤닉애씨드,베헤닉애씨드,15,,unknown,unmatched
seed_additional_100_ko_official-006,토코페롤,토코페롤,16,,unknown,unmatched
seed_additional_100_ko_official-007,정제수,정제수,1,,unknown,unmatched
seed_additional_100_ko_official-007,부틸렌글라이콜,부틸렌글라이콜,2,,unknown,unmatched
seed_additional_100_ko_official-007,글리세린,글리세린,3,,unknown,unmatched
seed_additional_100_ko_official-007,프로판다이올,프로판다이올,4,,unknown,unmatched
seed_additional_100_ko_official-007,펜타에리스리틸테트라에틸헥사노에이트,펜타에리스리틸테트라에틸헥사노에이트,5,,unknown,unmatched
seed_additional_100_ko_official-007,하이드로제네이티드폴리(C6-14올레핀),하이드로제네이티드폴리(C6-14올레핀),6,,unknown,unmatched
seed_additional_100_ko_official-007,"1,2-헥산다이올","1,2-헥산다이올",7,,unknown,unmatched
seed_additional_100_ko_official-007,페닐트라이메티콘,페닐트라이메티콘,8,,unknown,unmatched
seed_additional_100_ko_official-007,비스-하이드록시에톡시프로필다이메티콘,비스-하이드록시에톡시프로필다이메티콘,9,,unknown,unmatched
seed_additional_100_ko_official-007,합성왁스,합성왁스,10,,unknown,unmatched
seed_additional_100_ko_official-007,C14-22알코올,C14-22알코올,11,,unknown,unmatched
seed_additional_100_ko_official-007,식물성스쿠알란,식물성스쿠알란,12,,unknown,unmatched
seed_additional_100_ko_official-007,세테아릴알코올,세테아릴알코올,13,,unknown,unmatched
seed_additional_100_ko_official-007,하이드록시프로필스타치포스페이트,하이드록시프로필스타치포스페이트,14,,unknown,unmatched
seed_additional_100_ko_official-007,잔탄검,잔탄검,15,,unknown,unmatched
seed_additional_100_ko_official-007,글리세릴스테아레이트,글리세릴스테아레이트,16,,unknown,unmatched
seed_additional_100_ko_official-007,하이드로제네이티드레시틴,하이드로제네이티드레시틴,17,,unknown,unmatched
seed_additional_100_ko_official-007,아크릴레이트/C10-30알킬아크릴레이트크로스폴리머,아크릴레이트/C10-30알킬아크릴레이트크로스폴리머,18,,unknown,unmatched
seed_additional_100_ko_official-007,C12-20알킬글루코사이드,C12-20알킬글루코사이드,19,,unknown,unmatched
seed_additional_100_ko_official-007,아세틸글루코사민,아세틸글루코사민,20,,unknown,unmatched
seed_additional_100_ko_official-007,스테아릭애씨드,스테아릭애씨드,21,,unknown,unmatched
seed_additional_100_ko_official-007,글리세릴스테아레이트시트레이트,글리세릴스테아레이트시트레이트,22,,unknown,unmatched
seed_additional_100_ko_official-007,하이드로제네이티드식물성오일,하이드로제네이티드식물성오일,23,,unknown,unmatched
seed_additional_100_ko_official-007,글리세릴카프릴레이트,글리세릴카프릴레이트,24,,unknown,unmatched
seed_additional_100_ko_official-007,트로메타민,트로메타민,25,,unknown,unmatched
seed_additional_100_ko_official-007,판테놀,판테놀,26,,unknown,unmatched
seed_additional_100_ko_official-007,폴리글리세릴-10스테아레이트,폴리글리세릴-10스테아레이트,27,,unknown,unmatched
seed_additional_100_ko_official-007,팔미틱애씨드,팔미틱애씨드,28,,unknown,unmatched
seed_additional_100_ko_official-007,에틸헥실글리세린,에틸헥실글리세린,29,,unknown,unmatched
seed_additional_100_ko_official-007,다이소듐이디티에이,다이소듐이디티에이,30,,unknown,unmatched
seed_additional_100_ko_official-007,글루코노락톤,글루코노락톤,31,,unknown,unmatched
seed_additional_100_ko_official-007,폴리글리세릴-3메틸글루코오스다이스테아레이트,폴리글리세릴-3메틸글루코오스다이스테아레이트,32,,unknown,unmatched
seed_additional_100_ko_official-007,카보머,카보머,33,,unknown,unmatched
seed_additional_100_ko_official-007,티몰트라이메톡시신나메이트,티몰트라이메톡시신나메이트,34,,unknown,unmatched
seed_additional_100_ko_official-007,콜레스테롤,콜레스테롤,35,,unknown,unmatched
seed_additional_100_ko_official-007,세라마이드엔피,세라마이드엔피,36,,unknown,unmatched
seed_additional_100_ko_official-007,글루코오스,글루코오스,37,,unknown,unmatched
seed_additional_100_ko_official-007,달맞이꽃오일,달맞이꽃오일,38,,unknown,unmatched
seed_additional_100_ko_official-007,하이드록시프로필비스팔미타마이드엠이에이,하이드록시프로필비스팔미타마이드엠이에이,39,,unknown,unmatched
seed_additional_100_ko_official-007,만니톨,만니톨,40,,unknown,unmatched
seed_additional_100_ko_official-007,미리스틱애씨드,미리스틱애씨드,41,,unknown,unmatched
seed_additional_100_ko_official-007,라우릭애씨드,라우릭애씨드,42,,unknown,unmatched
seed_additional_100_ko_official-007,토코페롤,토코페롤,43,,unknown,unmatched
seed_additional_100_ko_official-007,카나우바왁스추출물,카나우바왁스추출물,44,,unknown,unmatched
seed_additional_100_ko_official-007,아크릴레이트/암모늄메타크릴레이트코폴리머,아크릴레이트/암모늄메타크릴레이트코폴리머,45,,unknown,unmatched
seed_additional_100_ko_official-007,실리카,실리카,46,,unknown,unmatched
seed_additional_100_ko_official-007,아라키딕애씨드,아라키딕애씨드,47,,unknown,unmatched
seed_additional_100_ko_official-007,소목줄기가루,소목줄기가루,48,,unknown,unmatched
seed_additional_100_ko_official-007,올레익애씨드,올레익애씨드,49,,unknown,unmatched
seed_additional_100_ko_official-008,정제수,정제수,1,,unknown,unmatched
seed_additional_100_ko_official-008,부틸렌글라이콜,부틸렌글라이콜,2,,unknown,unmatched
seed_additional_100_ko_official-008,글리세린,글리세린,3,,unknown,unmatched
seed_additional_100_ko_official-008,다이아이소스테아릴말레이트,다이아이소스테아릴말레이트,4,,unknown,unmatched
seed_additional_100_ko_official-008,다이카프릴릴에터,다이카프릴릴에터,5,,unknown,unmatched
seed_additional_100_ko_official-008,하이드로제네이티드폴리(C6-14올레핀),하이드로제네이티드폴리(C6-14올레핀),6,,unknown,unmatched
seed_additional_100_ko_official-008,베타인,베타인,7,,unknown,unmatched
seed_additional_100_ko_official-008,세틸에틸헥사노에이트,세틸에틸헥사노에이트,8,,unknown,unmatched
seed_additional_100_ko_official-008,메틸트라이메티콘,메틸트라이메티콘,9,,unknown,unmatched
seed_additional_100_ko_official-008,C14-22알코올,C14-22알코올,10,,unknown,unmatched
seed_additional_100_ko_official-008,세테아릴알코올,세테아릴알코올,11,,unknown,unmatched
seed_additional_100_ko_official-008,글리세릴스테아레이트시트레이트,글리세릴스테아레이트시트레이트,12,,unknown,unmatched
seed_additional_100_ko_official-008,"1,2-헥산다이올","1,2-헥산다이올",13,,unknown,unmatched
seed_additional_100_ko_official-008,스테아릭애씨드,스테아릭애씨드,14,,unknown,unmatched
seed_additional_100_ko_official-008,글리세릴폴리메타크릴레이트,글리세릴폴리메타크릴레이트,15,,unknown,unmatched
seed_additional_100_ko_official-008,판테놀,판테놀,16,,unknown,unmatched
seed_additional_100_ko_official-008,하이드록시에틸아크릴레이트/소듐아크릴로일다이메틸타우레이트코폴리머,하이드록시에틸아크릴레이트/소듐아크릴로일다이메틸타우레이트코폴리머,17,,unknown,unmatched
seed_additional_100_ko_official-008,암모늄아크릴로일다이메틸타우레이트/브이피코폴리머,암모늄아크릴로일다이메틸타우레이트/브이피코폴리머,18,,unknown,unmatched
seed_additional_100_ko_official-008,글리세릴스테아레이트,글리세릴스테아레이트,19,,unknown,unmatched
seed_additional_100_ko_official-008,팔미틱애씨드,팔미틱애씨드,20,,unknown,unmatched
seed_additional_100_ko_official-008,아라키딜알코올,아라키딜알코올,21,,unknown,unmatched
seed_additional_100_ko_official-008,C12-20알킬글루코사이드,C12-20알킬글루코사이드,22,,unknown,unmatched
seed_additional_100_ko_official-008,아세틸글루코사민,아세틸글루코사민,23,,unknown,unmatched
seed_additional_100_ko_official-008,베헤닐알코올,베헤닐알코올,24,,unknown,unmatched
seed_additional_100_ko_official-008,아라키딜글루코사이드,아라키딜글루코사이드,25,,unknown,unmatched
seed_additional_100_ko_official-008,에틸헥실글리세린,에틸헥실글리세린,26,,unknown,unmatched
seed_additional_100_ko_official-008,세라마이드엔피,세라마이드엔피,27,,unknown,unmatched
seed_additional_100_ko_official-008,다이소듐이디티에이,다이소듐이디티에이,28,,unknown,unmatched
seed_additional_100_ko_official-008,하이드로제네이티드레시틴,하이드로제네이티드레시틴,29,,unknown,unmatched
seed_additional_100_ko_official-008,솔비탄아이소스테아레이트,솔비탄아이소스테아레이트,30,,unknown,unmatched
seed_additional_100_ko_official-008,다이프로필렌글라이콜,다이프로필렌글라이콜,31,,unknown,unmatched
seed_additional_100_ko_official-008,티몰트라이메톡시신나메이트,티몰트라이메톡시신나메이트,32,,unknown,unmatched
seed_additional_100_ko_official-008,글루코노락톤,글루코노락톤,33,,unknown,unmatched
seed_additional_100_ko_official-008,글루코오스,글루코오스,34,,unknown,unmatched
seed_additional_100_ko_official-008,토코페롤,토코페롤,35,,unknown,unmatched
seed_additional_100_ko_official-008,달맞이꽃오일,달맞이꽃오일,36,,unknown,unmatched
seed_additional_100_ko_official-008,하이드록시프로필비스팔미타마이드엠이에이,하이드록시프로필비스팔미타마이드엠이에이,37,,unknown,unmatched
seed_additional_100_ko_official-008,만니톨,만니톨,38,,unknown,unmatched
seed_additional_100_ko_official-008,카나우바왁스추출물,카나우바왁스추출물,39,,unknown,unmatched
seed_additional_100_ko_official-008,아크릴레이트/암모늄메타크릴레이트코폴리머,아크릴레이트/암모늄메타크릴레이트코폴리머,40,,unknown,unmatched
seed_additional_100_ko_official-008,실리카,실리카,41,,unknown,unmatched
seed_additional_100_ko_official-008,아라키딕애씨드,아라키딕애씨드,42,,unknown,unmatched
seed_additional_100_ko_official-008,소목줄기가루,소목줄기가루,43,,unknown,unmatched
seed_additional_100_ko_official-008,콜레스테롤,콜레스테롤,44,,unknown,unmatched
seed_additional_100_ko_official-008,올레익애씨드,올레익애씨드,45,,unknown,unmatched
seed_additional_100_ko_official-009,정제수,정제수,1,,unknown,unmatched
seed_additional_100_ko_official-009,징크옥사이드,징크옥사이드,2,,unknown,unmatched
seed_additional_100_ko_official-009,사이클로헥사실록세인,사이클로헥사실록세인,3,,unknown,unmatched
seed_additional_100_ko_official-009,프로판다이올,프로판다이올,4,,unknown,unmatched
seed_additional_100_ko_official-009,부틸옥틸살리실레이트,부틸옥틸살리실레이트,5,,unknown,unmatched
seed_additional_100_ko_official-009,프로필헵틸카프릴레이트,프로필헵틸카프릴레이트,6,,unknown,unmatched
seed_additional_100_ko_official-009,아이소도데케인,아이소도데케인,7,,unknown,unmatched
seed_additional_100_ko_official-009,폴리글리세릴-3폴리다이메틸실록시에틸다이메티콘,폴리글리세릴-3폴리다이메틸실록시에틸다이메티콘,8,,unknown,unmatched
seed_additional_100_ko_official-009,카프릴릴메티콘,카프릴릴메티콘,9,,unknown,unmatched
seed_additional_100_ko_official-009,다이실록세인,다이실록세인,10,,unknown,unmatched
seed_additional_100_ko_official-009,다이스테아다이모늄헥토라이트,다이스테아다이모늄헥토라이트,11,,unknown,unmatched
seed_additional_100_ko_official-009,마그네슘설페이트,마그네슘설페이트,12,,unknown,unmatched
seed_additional_100_ko_official-009,트라이에톡시카프릴릴실레인,트라이에톡시카프릴릴실레인,13,,unknown,unmatched
seed_additional_100_ko_official-009,"1,2-헥산다이올","1,2-헥산다이올",14,,unknown,unmatched
seed_additional_100_ko_official-009,폴리메틸실세스퀴옥세인,폴리메틸실세스퀴옥세인,15,,unknown,unmatched
seed_additional_100_ko_official-009,폴리글리세릴-2다이폴리하이드록시스테아레이트,폴리글리세릴-2다이폴리하이드록시스테아레이트,16,,unknown,unmatched
seed_additional_100_ko_official-009,라우릴폴리글리세릴-3폴리다이메틸실록시에틸다이메티콘,라우릴폴리글리세릴-3폴리다이메틸실록시에틸다이메티콘,17,,unknown,unmatched
seed_additional_100_ko_official-009,알란토인,알란토인,18,,unknown,unmatched
seed_additional_100_ko_official-009,카프릴릴글라이콜,카프릴릴글라이콜,19,,unknown,unmatched
seed_additional_100_ko_official-009,글리세릴카프릴레이트,글리세릴카프릴레이트,20,,unknown,unmatched
seed_additional_100_ko_official-009,에틸헥실글리세린,에틸헥실글리세린,21,,unknown,unmatched
seed_additional_100_ko_official-009,소듐하이알루로네이트,소듐하이알루로네이트,22,,unknown,unmatched
seed_additional_100_ko_official-009,세라마이드엔피,세라마이드엔피,23,,unknown,unmatched
seed_additional_100_ko_official-009,토코페롤,토코페롤,24,,unknown,unmatched
seed_additional_100_ko_official-009,소듐아세틸레이티드하이알루로네이트,소듐아세틸레이티드하이알루로네이트,25,,unknown,unmatched
seed_additional_100_ko_official-009,하이드롤라이즈드하이알루로닉애씨드,하이드롤라이즈드하이알루로닉애씨드,26,,unknown,unmatched
seed_additional_100_ko_official-010,정제수,정제수,1,,unknown,unmatched
seed_additional_100_ko_official-010,부틸렌글라이콜,부틸렌글라이콜,2,,unknown,unmatched
seed_additional_100_ko_official-010,글리세린,글리세린,3,,unknown,unmatched
seed_additional_100_ko_official-010,디에칠아미노하이드록시벤조일헥실벤조에이트,디에칠아미노하이드록시벤조일헥실벤조에이트,4,,unknown,unmatched
seed_additional_100_ko_official-010,호모살레이트,호모살레이트,5,,unknown,unmatched
seed_additional_100_ko_official-010,에칠헥실살리실레이트,에칠헥실살리실레이트,6,,unknown,unmatched
seed_additional_100_ko_official-010,메틸트라이메티콘,메틸트라이메티콘,7,,unknown,unmatched
seed_additional_100_ko_official-010,부틸옥틸살리실레이트,부틸옥틸살리실레이트,8,,unknown,unmatched
seed_additional_100_ko_official-010,티타늄디옥사이드,티타늄디옥사이드,9,,unknown,unmatched
seed_additional_100_ko_official-010,C12-15알킬벤조에이트,C12-15알킬벤조에이트,10,,unknown,unmatched
seed_additional_100_ko_official-010,비스-에칠헥실옥시페놀메톡시페닐트리아진,비스-에칠헥실옥시페놀메톡시페닐트리아진,11,,unknown,unmatched
seed_additional_100_ko_official-010,폴리실리콘-15,폴리실리콘-15,12,,unknown,unmatched
seed_additional_100_ko_official-010,티타늄디옥사이드 (CI 77891),티타늄디옥사이드 (CI 77891),13,,unknown,unmatched
seed_additional_100_ko_official-010,"1,2-헥산다이올","1,2-헥산다이올",14,,unknown,unmatched
seed_additional_100_ko_official-010,세테아릴알코올,세테아릴알코올,15,,unknown,unmatched
seed_additional_100_ko_official-010,실리카,실리카,16,,unknown,unmatched
seed_additional_100_ko_official-010,폴리C10-30알킬아크릴레이트,폴리C10-30알킬아크릴레이트,17,,unknown,unmatched
seed_additional_100_ko_official-010,하이드록시에틸아크릴레이트/소듐아크릴로일다이메틸타우레이트코폴리머,하이드록시에틸아크릴레이트/소듐아크릴로일다이메틸타우레이트코폴리머,18,,unknown,unmatched
seed_additional_100_ko_official-010,알루미늄스테아레이트,알루미늄스테아레이트,19,,unknown,unmatched
seed_additional_100_ko_official-010,알루미나,알루미나,20,,unknown,unmatched
seed_additional_100_ko_official-010,스테아릭애씨드,스테아릭애씨드,21,,unknown,unmatched
seed_additional_100_ko_official-010,폴리하이드록시스테아릭애씨드,폴리하이드록시스테아릭애씨드,22,,unknown,unmatched
seed_additional_100_ko_official-010,아크릴레이트/C10-30알킬아크릴레이트크로스폴리머,아크릴레이트/C10-30알킬아크릴레이트크로스폴리머,23,,unknown,unmatched
seed_additional_100_ko_official-010,알란토인,알란토인,24,,unknown,unmatched
seed_additional_100_ko_official-010,글리세릴스테아레이트,글리세릴스테아레이트,25,,unknown,unmatched
seed_additional_100_ko_official-010,하이드로제네이티드레시틴,하이드로제네이티드레시틴,26,,unknown,unmatched
seed_additional_100_ko_official-010,카프릴릴글라이콜,카프릴릴글라이콜,27,,unknown,unmatched
seed_additional_100_ko_official-010,에틸헥실글리세린,에틸헥실글리세린,28,,unknown,unmatched
seed_additional_100_ko_official-010,트로메타민,트로메타민,29,,unknown,unmatched
seed_additional_100_ko_official-010,알루미늄하이드록사이드,알루미늄하이드록사이드,30,,unknown,unmatched
seed_additional_100_ko_official-010,폴리글리세릴-3메틸글루코오스다이스테아레이트,폴리글리세릴-3메틸글루코오스다이스테아레이트,31,,unknown,unmatched
seed_additional_100_ko_official-010,팔미틱애씨드,팔미틱애씨드,32,,unknown,unmatched
seed_additional_100_ko_official-010,다이소듐이디티에이,다이소듐이디티에이,33,,unknown,unmatched
seed_additional_100_ko_official-010,트라이에톡시카프릴릴실레인,트라이에톡시카프릴릴실레인,34,,unknown,unmatched
seed_additional_100_ko_official-010,솔비탄아이소스테아레이트,솔비탄아이소스테아레이트,35,,unknown,unmatched
seed_additional_100_ko_official-010,적색산화철,적색산화철,36,,unknown,unmatched
seed_additional_100_ko_official-010,하이드롤라이즈드하이알루로닉애씨드,하이드롤라이즈드하이알루로닉애씨드,37,,unknown,unmatched
seed_additional_100_ko_official-010,세라마이드엔피,세라마이드엔피,38,,unknown,unmatched
seed_additional_100_ko_official-010,황색산화철,황색산화철,39,,unknown,unmatched
seed_additional_100_ko_official-010,미리스틱애씨드,미리스틱애씨드,40,,unknown,unmatched
seed_additional_100_ko_official-010,라우릭애씨드,라우릭애씨드,41,,unknown,unmatched
seed_additional_100_ko_official-010,토코페롤,토코페롤,42,,unknown,unmatched
seed_additional_100_ko_official-011,정제수,정제수,1,,unknown,unmatched
seed_additional_100_ko_official-011,비스-에칠헥실옥시페놀메톡시페닐트리아진,비스-에칠헥실옥시페놀메톡시페닐트리아진,2,,unknown,unmatched
seed_additional_100_ko_official-011,다이부틸아디페이트,다이부틸아디페이트,3,,unknown,unmatched
seed_additional_100_ko_official-011,다이에틸헥실석시네이트,다이에틸헥실석시네이트,4,,unknown,unmatched
seed_additional_100_ko_official-011,에칠헥실트리아존,에칠헥실트리아존,5,,unknown,unmatched
seed_additional_100_ko_official-011,디에칠아미노하이드록시벤조일헥실벤조에이트,디에칠아미노하이드록시벤조일헥실벤조에이트,6,,unknown,unmatched
seed_additional_100_ko_official-011,프로판다이올,프로판다이올,7,,unknown,unmatched
seed_additional_100_ko_official-011,폴리실리콘-15,폴리실리콘-15,8,,unknown,unmatched
seed_additional_100_ko_official-011,나이아신아마이드,나이아신아마이드,9,,unknown,unmatched
seed_additional_100_ko_official-011,"1,2-헥산다이올","1,2-헥산다이올",10,,unknown,unmatched
seed_additional_100_ko_official-011,실리카,실리카,11,,unknown,unmatched
seed_additional_100_ko_official-011,페닐트라이메티콘,페닐트라이메티콘,12,,unknown,unmatched
seed_additional_100_ko_official-011,베헤닐알코올,베헤닐알코올,13,,unknown,unmatched
seed_additional_100_ko_official-011,글리세릴스테아레이트에스이,글리세릴스테아레이트에스이,14,,unknown,unmatched
seed_additional_100_ko_official-011,아크릴레이트/C10-30알킬아크릴레이트크로스폴리머,아크릴레이트/C10-30알킬아크릴레이트크로스폴리머,15,,unknown,unmatched
seed_additional_100_ko_official-011,트로메타민,트로메타민,16,,unknown,unmatched
seed_additional_100_ko_official-011,알란토인,알란토인,17,,unknown,unmatched
seed_additional_100_ko_official-011,소듐메틸스테아로일타우레이트,소듐메틸스테아로일타우레이트,18,,unknown,unmatched
seed_additional_100_ko_official-011,암모늄폴리아크릴로일다이메틸타우레이트,암모늄폴리아크릴로일다이메틸타우레이트,19,,unknown,unmatched
seed_additional_100_ko_official-011,폴리글리세릴-3메틸글루코오스다이스테아레이트,폴리글리세릴-3메틸글루코오스다이스테아레이트,20,,unknown,unmatched
seed_additional_100_ko_official-011,글리세릴카프릴레이트,글리세릴카프릴레이트,21,,unknown,unmatched
seed_additional_100_ko_official-011,에틸헥실글리세린,에틸헥실글리세린,22,,unknown,unmatched
seed_additional_100_ko_official-011,아데노신,아데노신,23,,unknown,unmatched
seed_additional_100_ko_official-011,소듐메타포스페이트,소듐메타포스페이트,24,,unknown,unmatched
seed_additional_100_ko_official-011,아스코빌테트라이소팔미테이트,아스코빌테트라이소팔미테이트,25,,unknown,unmatched
seed_additional_100_ko_official-011,세라마이드엔피,세라마이드엔피,26,,unknown,unmatched
seed_additional_100_ko_official-011,하이드롤라이즈드하이알루로닉애씨드,하이드롤라이즈드하이알루로닉애씨드,27,,unknown,unmatched
seed_additional_100_ko_official-011,토코페롤,토코페롤,28,,unknown,unmatched
seed_additional_100_ko_official-012,정제수,정제수,1,,unknown,unmatched
seed_additional_100_ko_official-012,징크옥사이드,징크옥사이드,2,,unknown,unmatched
seed_additional_100_ko_official-012,코코-카프릴레이트/카프레이트,코코-카프릴레이트/카프레이트,3,,unknown,unmatched
seed_additional_100_ko_official-012,부틸옥틸살리실레이트,부틸옥틸살리실레이트,4,,unknown,unmatched
seed_additional_100_ko_official-012,부틸렌글라이콜,부틸렌글라이콜,5,,unknown,unmatched
seed_additional_100_ko_official-012,폴리글리세릴-6카프릴레이트,폴리글리세릴-6카프릴레이트,6,,unknown,unmatched
seed_additional_100_ko_official-012,폴리글리세릴-4카프레이트,폴리글리세릴-4카프레이트,7,,unknown,unmatched
seed_additional_100_ko_official-012,폴리하이드록시스테아릭애씨드,폴리하이드록시스테아릭애씨드,8,,unknown,unmatched
seed_additional_100_ko_official-012,트라이에톡시카프릴릴실레인,트라이에톡시카프릴릴실레인,9,,unknown,unmatched
seed_additional_100_ko_official-012,글리세릴스테아레이트시트레이트,글리세릴스테아레이트시트레이트,10,,unknown,unmatched
seed_additional_100_ko_official-012,폴리글리세릴-3메틸글루코오스다이스테아레이트,폴리글리세릴-3메틸글루코오스다이스테아레이트,11,,unknown,unmatched
seed_additional_100_ko_official-012,소듐폴리아크릴로일다이메틸타우레이트,소듐폴리아크릴로일다이메틸타우레이트,12,,unknown,unmatched
seed_additional_100_ko_official-012,세테아릴올리베이트,세테아릴올리베이트,13,,unknown,unmatched
seed_additional_100_ko_official-012,폴리메틸실세스퀴옥세인,폴리메틸실세스퀴옥세인,14,,unknown,unmatched
seed_additional_100_ko_official-012,솔비탄올리베이트,솔비탄올리베이트,15,,unknown,unmatched
seed_additional_100_ko_official-012,하이드록시에틸아크릴레이트/소듐아크릴로일다이메틸타우레이트코폴리머,하이드록시에틸아크릴레이트/소듐아크릴로일다이메틸타우레이트코폴리머,16,,unknown,unmatched
seed_additional_100_ko_official-012,카프릴릴글라이콜,카프릴릴글라이콜,17,,unknown,unmatched
seed_additional_100_ko_official-012,에틸헥실글리세린,에틸헥실글리세린,18,,unknown,unmatched
seed_additional_100_ko_official-012,다이소듐이디티에이,다이소듐이디티에이,19,,unknown,unmatched
seed_additional_100_ko_official-012,솔비탄아이소스테아레이트,솔비탄아이소스테아레이트,20,,unknown,unmatched
seed_additional_100_ko_official-012,하이드롤라이즈드하이알루로닉애씨드,하이드롤라이즈드하이알루로닉애씨드,21,,unknown,unmatched
seed_additional_100_ko_official-012,피토스테롤,피토스테롤,22,,unknown,unmatched
seed_additional_100_ko_official-012,세라마이드엔피,세라마이드엔피,23,,unknown,unmatched
seed_additional_100_ko_official-012,토코페롤,토코페롤,24,,unknown,unmatched
seed_additional_100_ko_official-013,정제수,정제수,1,,unknown,unmatched
seed_additional_100_ko_official-013,부틸렌글라이콜,부틸렌글라이콜,2,,unknown,unmatched
seed_additional_100_ko_official-013,글리세린,글리세린,3,,unknown,unmatched
seed_additional_100_ko_official-013,나이아신아마이드,나이아신아마이드,4,,unknown,unmatched
seed_additional_100_ko_official-013,"1,2-헥산다이올","1,2-헥산다이올",5,,unknown,unmatched
seed_additional_100_ko_official-013,글루코노락톤,글루코노락톤,6,,unknown,unmatched
seed_additional_100_ko_official-013,트로메타민,트로메타민,7,,unknown,unmatched
seed_additional_100_ko_official-013,잔탄검,잔탄검,8,,unknown,unmatched
seed_additional_100_ko_official-013,에틸헥실글리세린,에틸헥실글리세린,9,,unknown,unmatched
seed_additional_100_ko_official-013,레시틴,레시틴,10,,unknown,unmatched
seed_additional_100_ko_official-013,소듐메타포스페이트,소듐메타포스페이트,11,,unknown,unmatched
seed_additional_100_ko_official-013,폴리글리세릴-10올리에이트,폴리글리세릴-10올리에이트,12,,unknown,unmatched
seed_additional_100_ko_official-013,소듐하이알루로네이트,소듐하이알루로네이트,13,,unknown,unmatched
seed_additional_100_ko_official-013,3-O-에틸아스코빅애씨드,3-O-에틸아스코빅애씨드,14,,unknown,unmatched
seed_additional_100_ko_official-013,징크피씨에이,징크피씨에이,15,,unknown,unmatched
seed_additional_100_ko_official-013,폴리글리세릴-4카프레이트,폴리글리세릴-4카프레이트,16,,unknown,unmatched
seed_additional_100_ko_official-013,아시아티코사이드,아시아티코사이드,17,,unknown,unmatched
seed_additional_100_ko_official-013,마데카식애씨드,마데카식애씨드,18,,unknown,unmatched
seed_additional_100_ko_official-013,글리세릴카프릴레이트,글리세릴카프릴레이트,19,,unknown,unmatched
seed_additional_100_ko_official-013,아시아틱애씨드,아시아틱애씨드,20,,unknown,unmatched
seed_additional_100_ko_official-013,마데카소사이드,마데카소사이드,21,,unknown,unmatched
seed_additional_100_ko_official-013,소듐트라이메타포스페이트,소듐트라이메타포스페이트,22,,unknown,unmatched
seed_additional_100_ko_official-013,프로필렌글라이콜,프로필렌글라이콜,23,,unknown,unmatched
seed_additional_100_ko_official-013,토코페롤,토코페롤,24,,unknown,unmatched
seed_additional_100_ko_official-013,쌀겨오일,쌀겨오일,25,,unknown,unmatched
seed_additional_100_ko_official-014,정제수,정제수,1,,unknown,unmatched
seed_additional_100_ko_official-014,글리세린,글리세린,2,,unknown,unmatched
seed_additional_100_ko_official-014,부틸렌글라이콜,부틸렌글라이콜,3,,unknown,unmatched
seed_additional_100_ko_official-014,다이프로필렌글라이콜,다이프로필렌글라이콜,4,,unknown,unmatched
seed_additional_100_ko_official-014,베타인,베타인,5,,unknown,unmatched
seed_additional_100_ko_official-014,나이아신아마이드,나이아신아마이드,6,,unknown,unmatched
seed_additional_100_ko_official-014,글루코노락톤,글루코노락톤,7,,unknown,unmatched
seed_additional_100_ko_official-014,"1,2-헥산다이올","1,2-헥산다이올",8,,unknown,unmatched
seed_additional_100_ko_official-014,다이에톡시에틸석시네이트,다이에톡시에틸석시네이트,9,,unknown,unmatched
seed_additional_100_ko_official-014,트로메타민,트로메타민,10,,unknown,unmatched
seed_additional_100_ko_official-014,수크로오스스테아레이트,수크로오스스테아레이트,11,,unknown,unmatched
seed_additional_100_ko_official-014,스쿠알란,스쿠알란,12,,unknown,unmatched
seed_additional_100_ko_official-014,하이드로제네이티드레시틴,하이드로제네이티드레시틴,13,,unknown,unmatched
seed_additional_100_ko_official-014,폴리글리세릴-10스테아레이트,폴리글리세릴-10스테아레이트,14,,unknown,unmatched
seed_additional_100_ko_official-014,폴리글리세릴-10라우레이트,폴리글리세릴-10라우레이트,15,,unknown,unmatched
seed_additional_100_ko_official-014,카보머,카보머,16,,unknown,unmatched
seed_additional_100_ko_official-014,카프릴릴메티콘,카프릴릴메티콘,17,,unknown,unmatched
seed_additional_100_ko_official-014,폴리아크릴레이트크로스폴리머-6,폴리아크릴레이트크로스폴리머-6,18,,unknown,unmatched
seed_additional_100_ko_official-014,에틸헥실글리세린,에틸헥실글리세린,19,,unknown,unmatched
seed_additional_100_ko_official-014,콜레스테롤,콜레스테롤,20,,unknown,unmatched
seed_additional_100_ko_official-014,잔탄검,잔탄검,21,,unknown,unmatched
seed_additional_100_ko_official-014,아시아티코사이드,아시아티코사이드,22,,unknown,unmatched
seed_additional_100_ko_official-014,마데카식애씨드,마데카식애씨드,23,,unknown,unmatched
seed_additional_100_ko_official-014,아시아틱애씨드,아시아틱애씨드,24,,unknown,unmatched
seed_additional_100_ko_official-014,소듐하이알루로네이트,소듐하이알루로네이트,25,,unknown,unmatched
seed_additional_100_ko_official-014,셀룰로오스검,셀룰로오스검,26,,unknown,unmatched
seed_additional_100_ko_official-014,3-O-에틸아스코빅애씨드,3-O-에틸아스코빅애씨드,27,,unknown,unmatched
seed_additional_100_ko_official-014,징크피씨에이,징크피씨에이,28,,unknown,unmatched
seed_additional_100_ko_official-014,소듐글루코네이트,소듐글루코네이트,29,,unknown,unmatched
seed_additional_100_ko_official-014,글리세릴카프릴레이트,글리세릴카프릴레이트,30,,unknown,unmatched
seed_additional_100_ko_official-014,마데카소사이드,마데카소사이드,31,,unknown,unmatched
seed_additional_100_ko_official-014,소듐트라이메타포스페이트,소듐트라이메타포스페이트,32,,unknown,unmatched
seed_additional_100_ko_official-015,정제수,정제수,1,,unknown,unmatched
seed_additional_100_ko_official-015,프로판다이올,프로판다이올,2,,unknown,unmatched
seed_additional_100_ko_official-015,판테놀,판테놀,3,,unknown,unmatched
seed_additional_100_ko_official-015,글리세린,글리세린,4,,unknown,unmatched
seed_additional_100_ko_official-015,스쿠알란,스쿠알란,5,,unknown,unmatched
seed_additional_100_ko_official-015,세테아릴알코올,세테아릴알코올,6,,unknown,unmatched
seed_additional_100_ko_official-015,"1,2-헥산다이올","1,2-헥산다이올",7,,unknown,unmatched
seed_additional_100_ko_official-015,다이아이소스테아릴말레이트,다이아이소스테아릴말레이트,8,,unknown,unmatched
seed_additional_100_ko_official-015,글리세릴스테아레이트시트레이트,글리세릴스테아레이트시트레이트,9,,unknown,unmatched
seed_additional_100_ko_official-015,아크릴레이트/C10-30알킬아크릴레이트크로스폴리머,아크릴레이트/C10-30알킬아크릴레이트크로스폴리머,10,,unknown,unmatched
seed_additional_100_ko_official-015,하이드록시에틸아크릴레이트/소듐아크릴로일다이메틸타우레이트코폴리머,하이드록시에틸아크릴레이트/소듐아크릴로일다이메틸타우레이트코폴리머,11,,unknown,unmatched
seed_additional_100_ko_official-015,트로메타민,트로메타민,12,,unknown,unmatched
seed_additional_100_ko_official-015,글리세릴스테아레이트,글리세릴스테아레이트,13,,unknown,unmatched
seed_additional_100_ko_official-015,세테아릴글루코사이드,세테아릴글루코사이드,14,,unknown,unmatched
seed_additional_100_ko_official-015,하이드로제네이티드레시틴,하이드로제네이티드레시틴,15,,unknown,unmatched
seed_additional_100_ko_official-015,글리세릴카프릴레이트,글리세릴카프릴레이트,16,,unknown,unmatched
seed_additional_100_ko_official-015,스테아릭애씨드,스테아릭애씨드,17,,unknown,unmatched
seed_additional_100_ko_official-015,폴리글리세릴-3메틸글루코오스다이스테아레이트,폴리글리세릴-3메틸글루코오스다이스테아레이트,18,,unknown,unmatched
seed_additional_100_ko_official-015,팔미틱애씨드,팔미틱애씨드,19,,unknown,unmatched
seed_additional_100_ko_official-015,에틸헥실글리세린,에틸헥실글리세린,20,,unknown,unmatched
seed_additional_100_ko_official-015,다이소듐이디티에이,다이소듐이디티에이,21,,unknown,unmatched
seed_additional_100_ko_official-015,솔비탄아이소스테아레이트,솔비탄아이소스테아레이트,22,,unknown,unmatched
seed_additional_100_ko_official-015,마데카소사이드,마데카소사이드,23,,unknown,unmatched
seed_additional_100_ko_official-015,피토스테롤,피토스테롤,24,,unknown,unmatched
seed_additional_100_ko_official-015,베타-글루칸,베타-글루칸,25,,unknown,unmatched
seed_additional_100_ko_official-015,글루코오스,글루코오스,26,,unknown,unmatched
seed_additional_100_ko_official-015,미리스틱애씨드,미리스틱애씨드,27,,unknown,unmatched
seed_additional_100_ko_official-015,라우릭애씨드,라우릭애씨드,28,,unknown,unmatched
seed_additional_100_ko_official-015,토코페롤,토코페롤,29,,unknown,unmatched
seed_additional_100_ko_official-016,정제수,정제수,1,,unknown,unmatched
seed_additional_100_ko_official-016,부틸렌글라이콜,부틸렌글라이콜,2,,unknown,unmatched
seed_additional_100_ko_official-016,글리세린,글리세린,3,,unknown,unmatched
seed_additional_100_ko_official-016,변성알코올,변성알코올,4,,unknown,unmatched
seed_additional_100_ko_official-016,나이아신아마이드,나이아신아마이드,5,,unknown,unmatched
seed_additional_100_ko_official-016,"1,2-헥산다이올","1,2-헥산다이올",6,,unknown,unmatched
seed_additional_100_ko_official-016,실리카,실리카,7,,unknown,unmatched
seed_additional_100_ko_official-016,다이에톡시에틸석시네이트,다이에톡시에틸석시네이트,8,,unknown,unmatched
seed_additional_100_ko_official-016,해바라기씨오일,해바라기씨오일,9,,unknown,unmatched
seed_additional_100_ko_official-016,하이드록시에틸아크릴레이트/소듐아크릴로일다이메틸타우레이트코폴리머,하이드록시에틸아크릴레이트/소듐아크릴로일다이메틸타우레이트코폴리머,10,,unknown,unmatched
seed_additional_100_ko_official-016,암모늄아크릴로일다이메틸타우레이트/브이피코폴리머,암모늄아크릴로일다이메틸타우레이트/브이피코폴리머,11,,unknown,unmatched
seed_additional_100_ko_official-016,트로메타민,트로메타민,12,,unknown,unmatched
seed_additional_100_ko_official-016,살리실릭애씨드,살리실릭애씨드,13,,unknown,unmatched
seed_additional_100_ko_official-016,잔탄검,잔탄검,14,,unknown,unmatched
seed_additional_100_ko_official-016,다이포타슘글리시리제이트,다이포타슘글리시리제이트,15,,unknown,unmatched
seed_additional_100_ko_official-016,글리세릴카프릴레이트,글리세릴카프릴레이트,16,,unknown,unmatched
seed_additional_100_ko_official-016,락틱애씨드,락틱애씨드,17,,unknown,unmatched
seed_additional_100_ko_official-016,다이소듐이디티에이,다이소듐이디티에이,18,,unknown,unmatched
seed_additional_100_ko_official-016,멘톡시프로판다이올,멘톡시프로판다이올,19,,unknown,unmatched
seed_additional_100_ko_official-016,에틸헥실글리세린,에틸헥실글리세린,20,,unknown,unmatched
seed_additional_100_ko_official-016,솔비탄아이소스테아레이트,솔비탄아이소스테아레이트,21,,unknown,unmatched
seed_additional_100_ko_official-016,화이트루핀씨추출물,화이트루핀씨추출물,22,,unknown,unmatched
seed_additional_100_ko_official-016,시트릭애씨드,시트릭애씨드,23,,unknown,unmatched
seed_additional_100_ko_official-016,징크클로라이드,징크클로라이드,24,,unknown,unmatched
seed_additional_100_ko_official-016,징크피씨에이,징크피씨에이,25,,unknown,unmatched
seed_additional_100_ko_official-016,글라이콜릭애씨드,글라이콜릭애씨드,26,,unknown,unmatched
seed_additional_100_ko_official-016,아시아티코사이드,아시아티코사이드,27,,unknown,unmatched
seed_additional_100_ko_official-016,초피나무열매오일,초피나무열매오일,28,,unknown,unmatched
seed_additional_100_ko_official-016,마데카식애씨드,마데카식애씨드,29,,unknown,unmatched
seed_additional_100_ko_official-016,아시아틱애씨드,아시아틱애씨드,30,,unknown,unmatched
seed_additional_100_ko_official-016,토코페롤,토코페롤,31,,unknown,unmatched
seed_additional_100_ko_official-017,글리세린,글리세린,1,,unknown,unmatched
seed_additional_100_ko_official-017,정제수,정제수,2,,unknown,unmatched
seed_additional_100_ko_official-017,포타슘코코일글리시네이트,포타슘코코일글리시네이트,3,,unknown,unmatched
seed_additional_100_ko_official-017,소듐코코일글라이시네이트,소듐코코일글라이시네이트,4,,unknown,unmatched
seed_additional_100_ko_official-017,부틸렌글라이콜,부틸렌글라이콜,5,,unknown,unmatched
seed_additional_100_ko_official-017,폴리글리세릴-10라우레이트,폴리글리세릴-10라우레이트,6,,unknown,unmatched
seed_additional_100_ko_official-017,다이소듐라우레스설포석시네이트,다이소듐라우레스설포석시네이트,7,,unknown,unmatched
seed_additional_100_ko_official-017,글리세릴스테아레이트에스이,글리세릴스테아레이트에스이,8,,unknown,unmatched
seed_additional_100_ko_official-017,시트릭애씨드,시트릭애씨드,9,,unknown,unmatched
seed_additional_100_ko_official-017,글라이콜다이스테아레이트,글라이콜다이스테아레이트,10,,unknown,unmatched
seed_additional_100_ko_official-017,알란토인,알란토인,11,,unknown,unmatched
seed_additional_100_ko_official-017,다이소듐이디티에이,다이소듐이디티에이,12,,unknown,unmatched
seed_additional_100_ko_official-017,에틸헥실글리세린,에틸헥실글리세린,13,,unknown,unmatched
seed_additional_100_ko_official-017,테트라소듐이디티에이,테트라소듐이디티에이,14,,unknown,unmatched
seed_additional_100_ko_official-017,소듐하이알루로네이트,소듐하이알루로네이트,15,,unknown,unmatched
seed_additional_100_ko_official-017,마데카소사이드,마데카소사이드,16,,unknown,unmatched
seed_additional_100_ko_official-017,글루코노락톤,글루코노락톤,17,,unknown,unmatched
seed_additional_100_ko_official-017,토코페롤,토코페롤,18,,unknown,unmatched
seed_additional_100_ko_official-018,정제수,정제수,1,,unknown,unmatched
seed_additional_100_ko_official-018,부틸렌글라이콜,부틸렌글라이콜,2,,unknown,unmatched
seed_additional_100_ko_official-018,변성알코올,변성알코올,3,,unknown,unmatched
seed_additional_100_ko_official-018,글리세린,글리세린,4,,unknown,unmatched
seed_additional_100_ko_official-018,녹차추출물,녹차추출물,5,,unknown,unmatched
seed_additional_100_ko_official-018,다이메티콘,다이메티콘,6,,unknown,unmatched
seed_additional_100_ko_official-018,스쿠알란,스쿠알란,7,,unknown,unmatched
seed_additional_100_ko_official-018,부틸렌글라이콜다이카프릴레이트/다이카프레이트,부틸렌글라이콜다이카프릴레이트/다이카프레이트,8,,unknown,unmatched
seed_additional_100_ko_official-018,펜타에리스리틸테트라에틸헥사노에이트,펜타에리스리틸테트라에틸헥사노에이트,9,,unknown,unmatched
seed_additional_100_ko_official-018,사이클로펜타실록세인,사이클로펜타실록세인,10,,unknown,unmatched
seed_additional_100_ko_official-018,C14-22알코올,C14-22알코올,11,,unknown,unmatched
seed_additional_100_ko_official-018,세테아릴올리베이트,세테아릴올리베이트,12,,unknown,unmatched
seed_additional_100_ko_official-018,스테아릭애씨드,스테아릭애씨드,13,,unknown,unmatched
seed_additional_100_ko_official-018,세테아릴알코올,세테아릴알코올,14,,unknown,unmatched
seed_additional_100_ko_official-018,나이아신아마이드,나이아신아마이드,15,,unknown,unmatched
seed_additional_100_ko_official-018,페녹시에탄올,페녹시에탄올,16,,unknown,unmatched
seed_additional_100_ko_official-018,솔비탄올리베이트,솔비탄올리베이트,17,,unknown,unmatched
seed_additional_100_ko_official-018,프로판다이올,프로판다이올,18,,unknown,unmatched
seed_additional_100_ko_official-018,글리세릴스테아레이트,글리세릴스테아레이트,19,,unknown,unmatched
seed_additional_100_ko_official-018,피이지-100스테아레이트,피이지-100스테아레이트,20,,unknown,unmatched
seed_additional_100_ko_official-018,폴리아크릴레이트-13,폴리아크릴레이트-13,21,,unknown,unmatched
seed_additional_100_ko_official-018,C12-20알킬글루코사이드,C12-20알킬글루코사이드,22,,unknown,unmatched
seed_additional_100_ko_official-018,하이드록시에틸아크릴레이트/소듐아크릴로일다이메틸타우레이트코폴리머,하이드록시에틸아크릴레이트/소듐아크릴로일다이메틸타우레이트코폴리머,23,,unknown,unmatched
seed_additional_100_ko_official-018,다이메티콘올,다이메티콘올,24,,unknown,unmatched
seed_additional_100_ko_official-018,폴리아이소부텐,폴리아이소부텐,25,,unknown,unmatched
seed_additional_100_ko_official-018,에틸헥실글리세린,에틸헥실글리세린,26,,unknown,unmatched
seed_additional_100_ko_official-018,다이소듐이디티에이,다이소듐이디티에이,27,,unknown,unmatched
seed_additional_100_ko_official-018,솔비탄아이소스테아레이트,솔비탄아이소스테아레이트,28,,unknown,unmatched
seed_additional_100_ko_official-018,폴리솔베이트20,폴리솔베이트20,29,,unknown,unmatched
seed_additional_100_ko_official-018,소듐하이알루로네이트,소듐하이알루로네이트,30,,unknown,unmatched
seed_additional_100_ko_official-018,베타-글루칸,베타-글루칸,31,,unknown,unmatched
seed_additional_100_ko_official-018,폴리솔베이트60,폴리솔베이트60,32,,unknown,unmatched
seed_additional_100_ko_official-018,글루코오스,글루코오스,33,,unknown,unmatched
seed_additional_100_ko_official-018,토코페롤,토코페롤,34,,unknown,unmatched
seed_additional_100_ko_official-019,정제수,정제수,1,,unknown,unmatched
seed_additional_100_ko_official-019,프로판다이올,프로판다이올,2,,unknown,unmatched
seed_additional_100_ko_official-019,글리세린,글리세린,3,,unknown,unmatched
seed_additional_100_ko_official-019,페닐트라이메티콘,페닐트라이메티콘,4,,unknown,unmatched
seed_additional_100_ko_official-019,"1,2-헥산다이올","1,2-헥산다이올",5,,unknown,unmatched
seed_additional_100_ko_official-019,메틸트라이메티콘,메틸트라이메티콘,6,,unknown,unmatched
seed_additional_100_ko_official-019,다이카프릴릴카보네이트,다이카프릴릴카보네이트,7,,unknown,unmatched
seed_additional_100_ko_official-019,암모늄아크릴로일다이메틸타우레이트/브이피코폴리머,암모늄아크릴로일다이메틸타우레이트/브이피코폴리머,8,,unknown,unmatched
seed_additional_100_ko_official-019,세테아릴올리베이트,세테아릴올리베이트,9,,unknown,unmatched
seed_additional_100_ko_official-019,하이드로제네이티드레시틴,하이드로제네이티드레시틴,10,,unknown,unmatched
seed_additional_100_ko_official-019,하이드로제네이티드폴리아이소부텐,하이드로제네이티드폴리아이소부텐,11,,unknown,unmatched
seed_additional_100_ko_official-019,솔비탄올리베이트,솔비탄올리베이트,12,,unknown,unmatched
seed_additional_100_ko_official-019,하이드록시에틸아크릴레이트/소듐아크릴로일다이메틸타우레이트코폴리머,하이드록시에틸아크릴레이트/소듐아크릴로일다이메틸타우레이트코폴리머,13,,unknown,unmatched
seed_additional_100_ko_official-019,세테아릴알코올,세테아릴알코올,14,,unknown,unmatched
seed_additional_100_ko_official-019,세라마이드엔피,세라마이드엔피,15,,unknown,unmatched
seed_additional_100_ko_official-019,아크릴레이트/C10-30알킬아크릴레이트크로스폴리머,아크릴레이트/C10-30알킬아크릴레이트크로스폴리머,16,,unknown,unmatched
seed_additional_100_ko_official-019,글리세릴카프릴레이트,글리세릴카프릴레이트,17,,unknown,unmatched
seed_additional_100_ko_official-019,글리세릴스테아레이트,글리세릴스테아레이트,18,,unknown,unmatched
seed_additional_100_ko_official-019,트로메타민,트로메타민,19,,unknown,unmatched
seed_additional_100_ko_official-019,다이소듐이디티에이,다이소듐이디티에이,20,,unknown,unmatched
seed_additional_100_ko_official-019,에틸헥실글리세린,에틸헥실글리세린,21,,unknown,unmatched
seed_additional_100_ko_official-019,스테아릭애씨드,스테아릭애씨드,22,,unknown,unmatched
seed_additional_100_ko_official-019,팔미틱애씨드,팔미틱애씨드,23,,unknown,unmatched
seed_additional_100_ko_official-019,폴리글리세릴-3메틸글루코오스다이스테아레이트,폴리글리세릴-3메틸글루코오스다이스테아레이트,24,,unknown,unmatched
seed_additional_100_ko_official-019,솔비탄아이소스테아레이트,솔비탄아이소스테아레이트,25,,unknown,unmatched
seed_additional_100_ko_official-019,피토스핑고신,피토스핑고신,26,,unknown,unmatched
seed_additional_100_ko_official-019,피토스테롤,피토스테롤,27,,unknown,unmatched
seed_additional_100_ko_official-019,하이드록시프로필비스팔미타마이드엠이에이,하이드록시프로필비스팔미타마이드엠이에이,28,,unknown,unmatched
seed_additional_100_ko_official-019,만니톨,만니톨,29,,unknown,unmatched
seed_additional_100_ko_official-019,아크릴레이트/암모늄메타크릴레이트코폴리머,아크릴레이트/암모늄메타크릴레이트코폴리머,30,,unknown,unmatched
seed_additional_100_ko_official-019,토코페롤,토코페롤,31,,unknown,unmatched
seed_additional_100_ko_official-019,미리스틱애씨드,미리스틱애씨드,32,,unknown,unmatched
seed_additional_100_ko_official-019,아라키딕애씨드,아라키딕애씨드,33,,unknown,unmatched
seed_additional_100_ko_official-019,콜레스테롤,콜레스테롤,34,,unknown,unmatched
seed_additional_100_ko_official-019,실리카,실리카,35,,unknown,unmatched
seed_additional_100_ko_official-020,정제수,정제수,1,,unknown,unmatched
seed_additional_100_ko_official-020,부틸렌글라이콜,부틸렌글라이콜,2,,unknown,unmatched
seed_additional_100_ko_official-020,글리세린,글리세린,3,,unknown,unmatched
seed_additional_100_ko_official-020,스쿠알란,스쿠알란,4,,unknown,unmatched
seed_additional_100_ko_official-020,펜타에리스리틸테트라아이소스테아레이트,펜타에리스리틸테트라아이소스테아레이트,5,,unknown,unmatched
seed_additional_100_ko_official-020,사이클로펜타실록세인,사이클로펜타실록세인,6,,unknown,unmatched
seed_additional_100_ko_official-020,폴리글리세릴-3메틸글루코오스다이스테아레이트,폴리글리세릴-3메틸글루코오스다이스테아레이트,7,,unknown,unmatched
seed_additional_100_ko_official-020,부틸렌글라이콜다이카프릴레이트/다이카프레이트,부틸렌글라이콜다이카프릴레이트/다이카프레이트,8,,unknown,unmatched
seed_additional_100_ko_official-020,카프릴릭/카프릭트라이글리세라이드,카프릴릭/카프릭트라이글리세라이드,9,,unknown,unmatched
seed_additional_100_ko_official-020,사이클로헥사실록세인,사이클로헥사실록세인,10,,unknown,unmatched
seed_additional_100_ko_official-020,다이메티콘올,다이메티콘올,11,,unknown,unmatched
seed_additional_100_ko_official-020,스테아릭애씨드,스테아릭애씨드,12,,unknown,unmatched
seed_additional_100_ko_official-020,다이메티콘,다이메티콘,13,,unknown,unmatched
seed_additional_100_ko_official-020,하이드록시에틸아크릴레이트/소듐아크릴로일다이메틸타우레이트코폴리머,하이드록시에틸아크릴레이트/소듐아크릴로일다이메틸타우레이트코폴리머,14,,unknown,unmatched
seed_additional_100_ko_official-020,팔미틱애씨드,팔미틱애씨드,15,,unknown,unmatched
seed_additional_100_ko_official-020,글리세릴리놀리에이트,글리세릴리놀리에이트,16,,unknown,unmatched
seed_additional_100_ko_official-020,하이드록시프로필비스팔미타마이드엠이에이,하이드록시프로필비스팔미타마이드엠이에이,17,,unknown,unmatched
seed_additional_100_ko_official-020,콜레스테롤,콜레스테롤,18,,unknown,unmatched
seed_additional_100_ko_official-020,알란토인,알란토인,19,,unknown,unmatched
seed_additional_100_ko_official-020,글리세릴스테아레이트,글리세릴스테아레이트,20,,unknown,unmatched
seed_additional_100_ko_official-020,피이지-100스테아레이트,피이지-100스테아레이트,21,,unknown,unmatched
seed_additional_100_ko_official-020,하이드록시프로필비스라우라마이드엠이에이,하이드록시프로필비스라우라마이드엠이에이,22,,unknown,unmatched
seed_additional_100_ko_official-020,베헤닐알코올,베헤닐알코올,23,,unknown,unmatched
seed_additional_100_ko_official-020,토코페릴아세테이트,토코페릴아세테이트,24,,unknown,unmatched
seed_additional_100_ko_official-020,피토스핑고신,피토스핑고신,25,,unknown,unmatched
seed_additional_100_ko_official-020,글리세릴카프릴레이트,글리세릴카프릴레이트,26,,unknown,unmatched
seed_additional_100_ko_official-020,글리세릴리놀리네이트,글리세릴리놀리네이트,27,,unknown,unmatched
seed_additional_100_ko_official-020,글리세릴아라키도네이트,글리세릴아라키도네이트,28,,unknown,unmatched
seed_additional_100_ko_official-020,에틸헥실글리세린,에틸헥실글리세린,29,,unknown,unmatched
seed_additional_100_ko_official-020,녹차추출물,녹차추출물,30,,unknown,unmatched
seed_additional_100_ko_official-020,귤껍질추출물,귤껍질추출물,31,,unknown,unmatched
seed_additional_100_ko_official-020,코치닐선인장열매추출물,코치닐선인장열매추출물,32,,unknown,unmatched
seed_additional_100_ko_official-020,난추출물,난추출물,33,,unknown,unmatched
seed_additional_100_ko_official-020,동백나무잎추출물,동백나무잎추출물,34,,unknown,unmatched
seed_additional_100_ko_official-020,소듐하이알루로네이트,소듐하이알루로네이트,35,,unknown,unmatched
seed_additional_100_ko_official-020,다이소듐이디티에이,다이소듐이디티에이,36,,unknown,unmatched
seed_additional_100_ko_official-020,미리스틱애씨드,미리스틱애씨드,37,,unknown,unmatched
seed_additional_100_ko_official-020,라우릭애씨드,라우릭애씨드,38,,unknown,unmatched
seed_additional_100_ko_official-020,보리지씨오일,보리지씨오일,39,,unknown,unmatched
seed_additional_100_ko_official-020,나이아신아마이드,나이아신아마이드,40,,unknown,unmatched
seed_additional_100_ko_official-020,만니톨,만니톨,41,,unknown,unmatched
seed_additional_100_ko_official-020,아스코빌팔미테이트,아스코빌팔미테이트,42,,unknown,unmatched
seed_additional_100_ko_official-020,아크릴레이트/암모늄메타크릴레이트코폴리머,아크릴레이트/암모늄메타크릴레이트코폴리머,43,,unknown,unmatched
seed_additional_100_ko_official-020,실리카,실리카,44,,unknown,unmatched
seed_additional_100_ko_official-021,정제수,정제수,1,,unknown,unmatched
seed_additional_100_ko_official-021,부틸렌글라이콜,부틸렌글라이콜,2,,unknown,unmatched
seed_additional_100_ko_official-021,다이프로필렌글라이콜,다이프로필렌글라이콜,3,,unknown,unmatched
seed_additional_100_ko_official-021,나이아신아마이드,나이아신아마이드,4,,unknown,unmatched
seed_additional_100_ko_official-021,"1,2-헥산다이올","1,2-헥산다이올",5,,unknown,unmatched
seed_additional_100_ko_official-021,베타인,베타인,6,,unknown,unmatched
seed_additional_100_ko_official-021,하이드록시에틸우레아,하이드록시에틸우레아,7,,unknown,unmatched
seed_additional_100_ko_official-021,아이소펜틸다이올,아이소펜틸다이올,8,,unknown,unmatched
seed_additional_100_ko_official-021,폴리글리세린-3,폴리글리세린-3,9,,unknown,unmatched
seed_additional_100_ko_official-021,알란토인,알란토인,10,,unknown,unmatched
seed_additional_100_ko_official-021,판테놀,판테놀,11,,unknown,unmatched
seed_additional_100_ko_official-021,에틸헥실글리세린,에틸헥실글리세린,12,,unknown,unmatched
seed_additional_100_ko_official-021,잔탄검,잔탄검,13,,unknown,unmatched
seed_additional_100_ko_official-021,알지닌,알지닌,14,,unknown,unmatched
seed_additional_100_ko_official-021,카보머,카보머,15,,unknown,unmatched
seed_additional_100_ko_official-021,다이소듐이디티에이,다이소듐이디티에이,16,,unknown,unmatched
seed_additional_100_ko_official-021,다이포타슘글리시리제이트,다이포타슘글리시리제이트,17,,unknown,unmatched
seed_additional_100_ko_official-021,폴리글리세릴-10라우레이트,폴리글리세릴-10라우레이트,18,,unknown,unmatched
seed_additional_100_ko_official-021,소듐하이알루로네이트,소듐하이알루로네이트,19,,unknown,unmatched
seed_additional_100_ko_official-021,파스향나무잎추출물,파스향나무잎추출물,20,,unknown,unmatched
seed_additional_100_ko_official-021,모란뿌리추출물,모란뿌리추출물,21,,unknown,unmatched
seed_additional_100_ko_official-021,글리세린,글리세린,22,,unknown,unmatched
seed_additional_100_ko_official-021,약모밀추출물,약모밀추출물,23,,unknown,unmatched
seed_additional_100_ko_official-021,케이프알로에잎추출물,케이프알로에잎추출물,24,,unknown,unmatched
seed_additional_100_ko_official-021,카프릴릭/카프릭트라이글리세라이드,카프릴릭/카프릭트라이글리세라이드,25,,unknown,unmatched
seed_additional_100_ko_official-021,병풀추출물,병풀추출물,26,,unknown,unmatched
seed_additional_100_ko_official-021,하이드로제네이티드포스파티딜콜린,하이드로제네이티드포스파티딜콜린,27,,unknown,unmatched
seed_additional_100_ko_official-021,수크로오스스테아레이트,수크로오스스테아레이트,28,,unknown,unmatched
seed_additional_100_ko_official-021,세테아릴알코올,세테아릴알코올,29,,unknown,unmatched
seed_additional_100_ko_official-021,비타민나무열매추출물,비타민나무열매추출물,30,,unknown,unmatched
seed_additional_100_ko_official-021,아시아티코사이드,아시아티코사이드,31,,unknown,unmatched
seed_additional_100_ko_official-021,아시아틱애씨드,아시아틱애씨드,32,,unknown,unmatched
seed_additional_100_ko_official-021,마데카식애씨드,마데카식애씨드,33,,unknown,unmatched
seed_additional_100_ko_official-021,마데카소사이드,마데카소사이드,34,,unknown,unmatched
seed_additional_100_ko_official-022,정제수,정제수,1,,unknown,unmatched
seed_additional_100_ko_official-022,다이프로필렌글라이콜,다이프로필렌글라이콜,2,,unknown,unmatched
seed_additional_100_ko_official-022,프로판다이올,프로판다이올,3,,unknown,unmatched
seed_additional_100_ko_official-022,펜틸렌글라이콜,펜틸렌글라이콜,4,,unknown,unmatched
seed_additional_100_ko_official-022,나이아신아마이드,나이아신아마이드,5,,unknown,unmatched
seed_additional_100_ko_official-022,부틸렌글라이콜,부틸렌글라이콜,6,,unknown,unmatched
seed_additional_100_ko_official-022,글리세린,글리세린,7,,unknown,unmatched
seed_additional_100_ko_official-022,쇠비름추출물,쇠비름추출물,8,,unknown,unmatched
seed_additional_100_ko_official-022,병풀추출물,병풀추출물,9,,unknown,unmatched
seed_additional_100_ko_official-022,무화과추출물,무화과추출물,10,,unknown,unmatched
seed_additional_100_ko_official-022,흰버드나무껍질추출물,흰버드나무껍질추출물,11,,unknown,unmatched
seed_additional_100_ko_official-022,사탕수수추출물,사탕수수추출물,12,,unknown,unmatched
seed_additional_100_ko_official-022,사과추출물,사과추출물,13,,unknown,unmatched
seed_additional_100_ko_official-022,케이프알로에잎추출물,케이프알로에잎추출물,14,,unknown,unmatched
seed_additional_100_ko_official-022,하이드로제네이티드레시틴,하이드로제네이티드레시틴,15,,unknown,unmatched
seed_additional_100_ko_official-022,판테놀,판테놀,16,,unknown,unmatched
seed_additional_100_ko_official-022,라피노오스,라피노오스,17,,unknown,unmatched
seed_additional_100_ko_official-022,아크릴레이트/C10-30알킬아크릴레이트크로스폴리머,아크릴레이트/C10-30알킬아크릴레이트크로스폴리머,18,,unknown,unmatched
seed_additional_100_ko_official-022,트로메타민,트로메타민,19,,unknown,unmatched
seed_additional_100_ko_official-022,다이소듐이디티에이,다이소듐이디티에이,20,,unknown,unmatched
seed_additional_100_ko_official-022,베타인,베타인,21,,unknown,unmatched
seed_additional_100_ko_official-022,베타-글루칸,베타-글루칸,22,,unknown,unmatched
seed_additional_100_ko_official-022,마데카소사이드,마데카소사이드,23,,unknown,unmatched
seed_additional_100_ko_official-022,세라마이드엔피,세라마이드엔피,24,,unknown,unmatched
seed_additional_100_ko_official-022,마데카식애씨드,마데카식애씨드,25,,unknown,unmatched
seed_additional_100_ko_official-022,아시아티코사이드,아시아티코사이드,26,,unknown,unmatched
seed_additional_100_ko_official-022,아시아틱애씨드,아시아틱애씨드,27,,unknown,unmatched
seed_additional_100_ko_official-022,에틸헥실글리세린,에틸헥실글리세린,28,,unknown,unmatched
seed_additional_100_ko_official-022,"1,2-헥산다이올","1,2-헥산다이올",29,,unknown,unmatched
seed_additional_100_ko_official-022,카프릴릴글라이콜,카프릴릴글라이콜,30,,unknown,unmatched
seed_additional_100_ko_official-023,정제수,정제수,1,,unknown,unmatched
seed_additional_100_ko_official-023,징크옥사이드,징크옥사이드,2,,unknown,unmatched
seed_additional_100_ko_official-023,다이부틸아디페이트,다이부틸아디페이트,3,,unknown,unmatched
seed_additional_100_ko_official-023,사이클로헥사실록세인,사이클로헥사실록세인,4,,unknown,unmatched
seed_additional_100_ko_official-023,다이프로필렌글라이콜,다이프로필렌글라이콜,5,,unknown,unmatched
seed_additional_100_ko_official-023,다이카프릴릴카보네이트,다이카프릴릴카보네이트,6,,unknown,unmatched
seed_additional_100_ko_official-023,프로필헵틸카프릴레이트,프로필헵틸카프릴레이트,7,,unknown,unmatched
seed_additional_100_ko_official-023,카프릴릴메티콘,카프릴릴메티콘,8,,unknown,unmatched
seed_additional_100_ko_official-023,폴리글리세릴-4다이아이소스테아레이트/폴리하이드록시스테아레이트/세바케이트,폴리글리세릴-4다이아이소스테아레이트/폴리하이드록시스테아레이트/세바케이트,9,,unknown,unmatched
seed_additional_100_ko_official-023,나이아신아마이드,나이아신아마이드,10,,unknown,unmatched
seed_additional_100_ko_official-023,부틸옥틸살리실레이트,부틸옥틸살리실레이트,11,,unknown,unmatched
seed_additional_100_ko_official-023,폴리메틸실세스퀴옥세인,폴리메틸실세스퀴옥세인,12,,unknown,unmatched
seed_additional_100_ko_official-023,디에칠아미노하이드록시벤조일헥실벤조에이트,디에칠아미노하이드록시벤조일헥실벤조에이트,13,,unknown,unmatched
seed_additional_100_ko_official-023,메틸메타크릴레이트크로스폴리머,메틸메타크릴레이트크로스폴리머,14,,unknown,unmatched
seed_additional_100_ko_official-023,비스-에칠헥실옥시페놀메톡시페닐트리아진,비스-에칠헥실옥시페놀메톡시페닐트리아진,15,,unknown,unmatched
seed_additional_100_ko_official-023,에칠헥실트리아존,에칠헥실트리아존,16,,unknown,unmatched
seed_additional_100_ko_official-023,폴리글리세릴-3폴리다이메틸실록시에틸다이메티콘,폴리글리세릴-3폴리다이메틸실록시에틸다이메티콘,17,,unknown,unmatched
seed_additional_100_ko_official-023,티타늄디옥사이드,티타늄디옥사이드,18,,unknown,unmatched
seed_additional_100_ko_official-023,다이스테아다이모늄헥토라이트,다이스테아다이모늄헥토라이트,19,,unknown,unmatched
seed_additional_100_ko_official-023,마그네슘설페이트,마그네슘설페이트,20,,unknown,unmatched
seed_additional_100_ko_official-023,트라이에톡시카프릴릴실레인,트라이에톡시카프릴릴실레인,21,,unknown,unmatched
seed_additional_100_ko_official-023,"1,2-헥산다이올","1,2-헥산다이올",22,,unknown,unmatched
seed_additional_100_ko_official-023,페닐트라이메티콘,페닐트라이메티콘,23,,unknown,unmatched
seed_additional_100_ko_official-023,아크릴레이트/다이메티콘코폴리머,아크릴레이트/다이메티콘코폴리머,24,,unknown,unmatched
seed_additional_100_ko_official-023,글리세릴카프릴레이트,글리세릴카프릴레이트,25,,unknown,unmatched
seed_additional_100_ko_official-023,카프릴릴글라이콜,카프릴릴글라이콜,26,,unknown,unmatched
seed_additional_100_ko_official-023,프랑스해안송껍질추출물,프랑스해안송껍질추출물,27,,unknown,unmatched
seed_additional_100_ko_official-023,에틸헥실글리세린,에틸헥실글리세린,28,,unknown,unmatched
seed_additional_100_ko_official-023,아데노신,아데노신,29,,unknown,unmatched
seed_additional_100_ko_official-023,소듐하이알루로네이트,소듐하이알루로네이트,30,,unknown,unmatched
seed_additional_100_ko_official-023,마데카소사이드,마데카소사이드,31,,unknown,unmatched
seed_additional_100_ko_official-023,실리카,실리카,32,,unknown,unmatched
seed_additional_100_ko_official-023,C12-15알킬벤조에이트,C12-15알킬벤조에이트,33,,unknown,unmatched
seed_additional_100_ko_official-023,프로판다이올,프로판다이올,34,,unknown,unmatched
seed_additional_100_ko_official-023,병풀추출물,병풀추출물,35,,unknown,unmatched
seed_additional_100_ko_official-023,세륨옥사이드,세륨옥사이드,36,,unknown,unmatched
seed_additional_100_ko_official-023,하이드로젠다이메티콘,하이드로젠다이메티콘,37,,unknown,unmatched
seed_additional_100_ko_official-023,글리세린,글리세린,38,,unknown,unmatched
seed_additional_100_ko_official-023,부틸렌글라이콜,부틸렌글라이콜,39,,unknown,unmatched
seed_additional_100_ko_official-023,카프릴릭/카프릭트라이글리세라이드,카프릴릭/카프릭트라이글리세라이드,40,,unknown,unmatched
seed_additional_100_ko_official-023,폴리하이드록시스테아릭애씨드,폴리하이드록시스테아릭애씨드,41,,unknown,unmatched
seed_additional_100_ko_official-023,폴리글리세릴-10스테아레이트,폴리글리세릴-10스테아레이트,42,,unknown,unmatched
seed_additional_100_ko_official-023,폴리글리세릴-10올리에이트,폴리글리세릴-10올리에이트,43,,unknown,unmatched
seed_additional_100_ko_official-023,하이드로제네이티드레시틴,하이드로제네이티드레시틴,44,,unknown,unmatched
seed_additional_100_ko_official-023,플랑크톤추출물,플랑크톤추출물,45,,unknown,unmatched
seed_additional_100_ko_official-023,알루미늄/마그네슘하이드록사이드스테아레이트,알루미늄/마그네슘하이드록사이드스테아레이트,46,,unknown,unmatched
seed_additional_100_ko_official-023,미역취추출물,미역취추출물,47,,unknown,unmatched
seed_additional_100_ko_official-023,클로브싹추출물,클로브싹추출물,48,,unknown,unmatched
seed_additional_100_ko_official-023,소듐스테아로일글루타메이트,소듐스테아로일글루타메이트,49,,unknown,unmatched
seed_additional_100_ko_official-023,7-데하이드로콜레스테롤,7-데하이드로콜레스테롤,50,,unknown,unmatched
seed_additional_100_ko_official-023,알지닌페룰레이트,알지닌페룰레이트,51,,unknown,unmatched
seed_additional_100_ko_official-023,칼슘클로라이드,칼슘클로라이드,52,,unknown,unmatched
seed_additional_100_ko_official-024,정제수,정제수,1,,unknown,unmatched
seed_additional_100_ko_official-024,글리세린,글리세린,2,,unknown,unmatched
seed_additional_100_ko_official-024,다이소듐코코암포다이아세테이트,다이소듐코코암포다이아세테이트,3,,unknown,unmatched
seed_additional_100_ko_official-024,다이소듐코코일글루타메이트,다이소듐코코일글루타메이트,4,,unknown,unmatched
seed_additional_100_ko_official-024,시트릭애씨드,시트릭애씨드,5,,unknown,unmatched
seed_additional_100_ko_official-024,하이드록시프로필스타치포스페이트,하이드록시프로필스타치포스페이트,6,,unknown,unmatched
seed_additional_100_ko_official-024,아크릴레이트/C10-30알킬아크릴레이트크로스폴리머,아크릴레이트/C10-30알킬아크릴레이트크로스폴리머,7,,unknown,unmatched
seed_additional_100_ko_official-024,카프릴릴글라이콜,카프릴릴글라이콜,8,,unknown,unmatched
seed_additional_100_ko_official-024,"1,2-헥산다이올","1,2-헥산다이올",9,,unknown,unmatched
seed_additional_100_ko_official-024,소듐메틸올레오일타우레이트,소듐메틸올레오일타우레이트,10,,unknown,unmatched
seed_additional_100_ko_official-024,코코-베타인,코코-베타인,11,,unknown,unmatched
seed_additional_100_ko_official-024,글리세릴카프릴레이트,글리세릴카프릴레이트,12,,unknown,unmatched
seed_additional_100_ko_official-024,코코-글루코사이드,코코-글루코사이드,13,,unknown,unmatched
seed_additional_100_ko_official-024,에틸헥실글리세린,에틸헥실글리세린,14,,unknown,unmatched
seed_additional_100_ko_official-024,다이소듐이디티에이,다이소듐이디티에이,15,,unknown,unmatched
seed_additional_100_ko_official-024,부틸렌글라이콜,부틸렌글라이콜,16,,unknown,unmatched
seed_additional_100_ko_official-024,락토바실러스,락토바실러스,17,,unknown,unmatched
seed_additional_100_ko_official-024,류코노스톡/무발효여과물,류코노스톡/무발효여과물,18,,unknown,unmatched
seed_additional_100_ko_official-024,비피다발효용해물,비피다발효용해물,19,,unknown,unmatched
seed_additional_100_ko_official-024,스트렙토코쿠스 테르모필루스발효물,스트렙토코쿠스 테르모필루스발효물,20,,unknown,unmatched
seed_additional_100_ko_official-024,토코페롤,토코페롤,21,,unknown,unmatched
seed_additional_100_ko_official-024,폴리글리세릴-10올리에이트,폴리글리세릴-10올리에이트,22,,unknown,unmatched
seed_additional_100_ko_official-024,프룩토올리고사카라이드,프룩토올리고사카라이드,23,,unknown,unmatched
seed_additional_100_ko_official-024,하이드로제네이티드레시틴,하이드로제네이티드레시틴,24,,unknown,unmatched
seed_additional_100_ko_official-024,올리브오일불검화물,올리브오일불검화물,25,,unknown,unmatched
seed_additional_100_ko_official-024,돌콩오일불검화물,돌콩오일불검화물,26,,unknown,unmatched
seed_additional_100_ko_official-024,밀배아오일불검화물,밀배아오일불검화물,27,,unknown,unmatched
seed_additional_100_ko_official-024,꽃가루추출물,꽃가루추출물,28,,unknown,unmatched
seed_additional_100_ko_official-025,정제수,정제수,1,,unknown,unmatched
seed_additional_100_ko_official-025,프로판다이올,프로판다이올,2,,unknown,unmatched
seed_additional_100_ko_official-025,하이드로제네이티드폴리데센,하이드로제네이티드폴리데센,3,,unknown,unmatched
seed_additional_100_ko_official-025,스쿠알란,스쿠알란,4,,unknown,unmatched
seed_additional_100_ko_official-025,폴리글리세릴-3다이스테아레이트,폴리글리세릴-3다이스테아레이트,5,,unknown,unmatched
seed_additional_100_ko_official-025,글리세린,글리세린,6,,unknown,unmatched
seed_additional_100_ko_official-025,비닐다이메티콘,비닐다이메티콘,7,,unknown,unmatched
seed_additional_100_ko_official-025,실리카,실리카,8,,unknown,unmatched
seed_additional_100_ko_official-025,솔비탄스테아레이트,솔비탄스테아레이트,9,,unknown,unmatched
seed_additional_100_ko_official-025,"1,2-헥산다이올","1,2-헥산다이올",10,,unknown,unmatched
seed_additional_100_ko_official-025,세테아릴올리베이트,세테아릴올리베이트,11,,unknown,unmatched
seed_additional_100_ko_official-025,세라마이드엔피,세라마이드엔피,12,,unknown,unmatched
seed_additional_100_ko_official-025,카프릴릴글라이콜,카프릴릴글라이콜,13,,unknown,unmatched
seed_additional_100_ko_official-025,솔비탄올리베이트,솔비탄올리베이트,14,,unknown,unmatched
seed_additional_100_ko_official-025,올리브오일불검화물,올리브오일불검화물,15,,unknown,unmatched
seed_additional_100_ko_official-025,하이드로제네이티드레시틴,하이드로제네이티드레시틴,16,,unknown,unmatched
seed_additional_100_ko_official-025,글리세릴스테아레이트시트레이트,글리세릴스테아레이트시트레이트,17,,unknown,unmatched
seed_additional_100_ko_official-025,폴리아크릴레이트크로스폴리머-6,폴리아크릴레이트크로스폴리머-6,18,,unknown,unmatched
seed_additional_100_ko_official-025,글리세릴글루코사이드,글리세릴글루코사이드,19,,unknown,unmatched
seed_additional_100_ko_official-025,잔탄검,잔탄검,20,,unknown,unmatched
seed_additional_100_ko_official-025,돌콩오일불검화물,돌콩오일불검화물,21,,unknown,unmatched
seed_additional_100_ko_official-025,밀배아오일불검화물,밀배아오일불검화물,22,,unknown,unmatched
seed_additional_100_ko_official-025,토코페롤,토코페롤,23,,unknown,unmatched
seed_additional_100_ko_official-025,아이소말트,아이소말트,24,,unknown,unmatched
seed_additional_100_ko_official-025,수크로오스코코에이트,수크로오스코코에이트,25,,unknown,unmatched
seed_additional_100_ko_official-025,콜레스테롤,콜레스테롤,26,,unknown,unmatched
seed_additional_100_ko_official-025,글루코노락톤,글루코노락톤,27,,unknown,unmatched
seed_additional_100_ko_official-025,에틸헥실글리세린,에틸헥실글리세린,28,,unknown,unmatched
seed_additional_100_ko_official-025,팔미틱애씨드,팔미틱애씨드,29,,unknown,unmatched
seed_additional_100_ko_official-025,카프릴릭/카프릭트라이글리세라이드,카프릴릭/카프릭트라이글리세라이드,30,,unknown,unmatched
seed_additional_100_ko_official-025,꽃가루추출물,꽃가루추출물,31,,unknown,unmatched
seed_additional_100_ko_official-025,다이소듐이디티에이,다이소듐이디티에이,32,,unknown,unmatched
seed_additional_100_ko_official-025,소듐하이알루로네이트,소듐하이알루로네이트,33,,unknown,unmatched
seed_additional_100_ko_official-025,자일리틸글루코사이드,자일리틸글루코사이드,34,,unknown,unmatched
seed_additional_100_ko_official-025,안하이드로자일리톨,안하이드로자일리톨,35,,unknown,unmatched
seed_additional_100_ko_official-025,t-부틸알코올,t-부틸알코올,36,,unknown,unmatched
seed_additional_100_ko_official-025,폴리글리세릴-10스테아레이트,폴리글리세릴-10스테아레이트,37,,unknown,unmatched
seed_additional_100_ko_official-025,폴리글리세릴-10올리에이트,폴리글리세릴-10올리에이트,38,,unknown,unmatched
seed_additional_100_ko_official-025,자일리톨,자일리톨,39,,unknown,unmatched
seed_additional_100_ko_official-025,글루코오스,글루코오스,40,,unknown,unmatched
seed_additional_100_ko_official-025,알루미늄/마그네슘하이드록사이드스테아레이트,알루미늄/마그네슘하이드록사이드스테아레이트,41,,unknown,unmatched
seed_additional_100_ko_official-025,미리스틱애씨드,미리스틱애씨드,42,,unknown,unmatched
seed_additional_100_ko_official-025,흰목이버섯폴리사카라이드,흰목이버섯폴리사카라이드,43,,unknown,unmatched
seed_additional_100_ko_official-025,소듐스테아로일글루타메이트,소듐스테아로일글루타메이트,44,,unknown,unmatched
seed_additional_100_ko_official-025,스테아릭애씨드,스테아릭애씨드,45,,unknown,unmatched
seed_additional_100_ko_official-025,7-데하이드로콜레스테롤,7-데하이드로콜레스테롤,46,,unknown,unmatched
seed_additional_100_ko_official-025,소듐아스코빌포스페이트,소듐아스코빌포스페이트,47,,unknown,unmatched
seed_additional_100_ko_official-025,칼슘클로라이드,칼슘클로라이드,48,,unknown,unmatched
seed_additional_100_ko_official-025,포도즙추출물,포도즙추출물,49,,unknown,unmatched
seed_additional_100_ko_official-025,피톨,피톨,50,,unknown,unmatched
seed_additional_100_ko_official-026,정제수,정제수,1,,unknown,unmatched
seed_additional_100_ko_official-026,다이프로필렌글라이콜,다이프로필렌글라이콜,2,,unknown,unmatched
seed_additional_100_ko_official-026,나이아신아마이드,나이아신아마이드,3,,unknown,unmatched
seed_additional_100_ko_official-026,글리세린,글리세린,4,,unknown,unmatched
seed_additional_100_ko_official-026,메틸프로판다이올,메틸프로판다이올,5,,unknown,unmatched
seed_additional_100_ko_official-026,소듐하이알루로네이트,소듐하이알루로네이트,6,,unknown,unmatched
seed_additional_100_ko_official-026,백미꽃추출물,백미꽃추출물,7,,unknown,unmatched
seed_additional_100_ko_official-026,접시꽃추출물,접시꽃추출물,8,,unknown,unmatched
seed_additional_100_ko_official-026,하이알루로닉애씨드,하이알루로닉애씨드,9,,unknown,unmatched
seed_additional_100_ko_official-026,비타민나무열매추출물,비타민나무열매추출물,10,,unknown,unmatched
seed_additional_100_ko_official-026,하이드롤라이즈드하이알루로닉애씨드,하이드롤라이즈드하이알루로닉애씨드,11,,unknown,unmatched
seed_additional_100_ko_official-026,프로판다이올,프로판다이올,12,,unknown,unmatched
seed_additional_100_ko_official-026,하이드록시아세토페논,하이드록시아세토페논,13,,unknown,unmatched
seed_additional_100_ko_official-026,알란토인,알란토인,14,,unknown,unmatched
seed_additional_100_ko_official-026,폴리글리세릴-10아이소스테아레이트,폴리글리세릴-10아이소스테아레이트,15,,unknown,unmatched
seed_additional_100_ko_official-026,트로메타민,트로메타민,16,,unknown,unmatched
seed_additional_100_ko_official-026,카프릴릴글라이콜,카프릴릴글라이콜,17,,unknown,unmatched
seed_additional_100_ko_official-026,에틸헥실글리세린,에틸헥실글리세린,18,,unknown,unmatched
seed_additional_100_ko_official-026,폴리글리세릴-10올리에이트,폴리글리세릴-10올리에이트,19,,unknown,unmatched
seed_additional_100_ko_official-026,펜틸렌글라이콜,펜틸렌글라이콜,20,,unknown,unmatched
seed_additional_100_ko_official-026,부틸렌글라이콜,부틸렌글라이콜,21,,unknown,unmatched
seed_additional_100_ko_official-026,"1,2-헥산다이올","1,2-헥산다이올",22,,unknown,unmatched
seed_additional_100_ko_official-026,아세틸글루코사민,아세틸글루코사민,23,,unknown,unmatched
seed_additional_100_ko_official-026,덱스트린,덱스트린,24,,unknown,unmatched
seed_additional_100_ko_official-026,아스코빅애씨드(10ppm),아스코빅애씨드,25,10ppm,known,unmatched
seed_additional_100_ko_official-026,카프릴릭/카프릭트라이글리세라이드,카프릴릭/카프릭트라이글리세라이드,26,,unknown,unmatched
seed_additional_100_ko_official-026,소듐하이알루로네이트크로스폴리머,소듐하이알루로네이트크로스폴리머,27,,unknown,unmatched
seed_additional_100_ko_official-026,폴리글리세릴-10스테아레이트,폴리글리세릴-10스테아레이트,28,,unknown,unmatched
seed_additional_100_ko_official-026,카보머,카보머,29,,unknown,unmatched
seed_additional_100_ko_official-026,잔탄검,잔탄검,30,,unknown,unmatched
seed_additional_100_ko_official-026,다이소듐이디티에이,다이소듐이디티에이,31,,unknown,unmatched
seed_additional_100_ko_official-026,치자추출물,치자추출물,32,,unknown,unmatched
seed_additional_100_ko_official-027,옥틸도데칸올,옥틸도데칸올,1,,unknown,unmatched
seed_additional_100_ko_official-027,징크옥사이드,징크옥사이드,2,,unknown,unmatched
seed_additional_100_ko_official-027,세틸에틸헥사노에이트,세틸에틸헥사노에이트,3,,unknown,unmatched
seed_additional_100_ko_official-027,벤조트라이아졸릴도데실p-크레솔,벤조트라이아졸릴도데실p-크레솔,4,,unknown,unmatched
seed_additional_100_ko_official-027,코코-카프릴레이트/카프레이트,코코-카프릴레이트/카프레이트,5,,unknown,unmatched
seed_additional_100_ko_official-027,C12-15알킬벤조에이트,C12-15알킬벤조에이트,6,,unknown,unmatched
seed_additional_100_ko_official-027,아이소프로필팔미테이트,아이소프로필팔미테이트,7,,unknown,unmatched
seed_additional_100_ko_official-027,아크릴레이트코폴리머,아크릴레이트코폴리머,8,,unknown,unmatched
seed_additional_100_ko_official-027,부틸렌글라이콜다이카프릴레이트/다이카프레이트,부틸렌글라이콜다이카프릴레이트/다이카프레이트,9,,unknown,unmatched
seed_additional_100_ko_official-027,실리카실릴레이트,실리카실릴레이트,10,,unknown,unmatched
seed_additional_100_ko_official-027,다이부틸라우로일글루타마이드,다이부틸라우로일글루타마이드,11,,unknown,unmatched
seed_additional_100_ko_official-027,다이부틸에틸헥사노일글루타마이드,다이부틸에틸헥사노일글루타마이드,12,,unknown,unmatched
seed_additional_100_ko_official-027,카프릴릭/카프릭트라이글리세라이드,카프릴릭/카프릭트라이글리세라이드,13,,unknown,unmatched
seed_additional_100_ko_official-027,부틸옥틸살리실레이트,부틸옥틸살리실레이트,14,,unknown,unmatched
seed_additional_100_ko_official-027,덱스트린팔미테이트,덱스트린팔미테이트,15,,unknown,unmatched
seed_additional_100_ko_official-027,비닐다이메티콘,비닐다이메티콘,16,,unknown,unmatched
seed_additional_100_ko_official-027,비닐다이메티콘/메티콘실세스퀴옥세인크로스폴리머,비닐다이메티콘/메티콘실세스퀴옥세인크로스폴리머,17,,unknown,unmatched
seed_additional_100_ko_official-027,병풀추출물,병풀추출물,18,,unknown,unmatched
seed_additional_100_ko_official-027,스피어민트추출물,스피어민트추출물,19,,unknown,unmatched
seed_additional_100_ko_official-027,프랑스해안송껍질추출물,프랑스해안송껍질추출물,20,,unknown,unmatched
seed_additional_100_ko_official-027,타라열매추출물,타라열매추출물,21,,unknown,unmatched
seed_additional_100_ko_official-027,코토니추출물,코토니추출물,22,,unknown,unmatched
seed_additional_100_ko_official-027,밀몽화꽃추출물,밀몽화꽃추출물,23,,unknown,unmatched
seed_additional_100_ko_official-027,녹차추출물,녹차추출물,24,,unknown,unmatched
seed_additional_100_ko_official-027,은행나무잎추출물,은행나무잎추출물,25,,unknown,unmatched
seed_additional_100_ko_official-027,동백나무잎추출물,동백나무잎추출물,26,,unknown,unmatched
seed_additional_100_ko_official-027,로켓잎추출물,로켓잎추출물,27,,unknown,unmatched
seed_additional_100_ko_official-027,밀싹추출물,밀싹추출물,28,,unknown,unmatched
seed_additional_100_ko_official-027,브로콜리싹추출물,브로콜리싹추출물,29,,unknown,unmatched
seed_additional_100_ko_official-027,자주개자리추출물,자주개자리추출물,30,,unknown,unmatched
seed_additional_100_ko_official-027,글리세릴카프릴레이트,글리세릴카프릴레이트,31,,unknown,unmatched
seed_additional_100_ko_official-027,트라이에톡시카프릴릴실레인,트라이에톡시카프릴릴실레인,32,,unknown,unmatched
seed_additional_100_ko_official-027,폴리하이드록시스테아릭애씨드,폴리하이드록시스테아릭애씨드,33,,unknown,unmatched
seed_additional_100_ko_official-027,폴리글리세릴-6폴리리시놀리에이트,폴리글리세릴-6폴리리시놀리에이트,34,,unknown,unmatched
seed_additional_100_ko_official-027,토코페롤,토코페롤,35,,unknown,unmatched
seed_additional_100_ko_official-027,정제수,정제수,36,,unknown,unmatched
seed_additional_100_ko_official-027,7-데하이드로콜레스테롤,7-데하이드로콜레스테롤,37,,unknown,unmatched
seed_additional_100_ko_official-027,엑토인,엑토인,38,,unknown,unmatched
seed_additional_100_ko_official-027,프로판다이올,프로판다이올,39,,unknown,unmatched
seed_additional_100_ko_official-027,부틸렌글라이콜,부틸렌글라이콜,40,,unknown,unmatched
seed_additional_100_ko_official-027,락토바실러스발효물,락토바실러스발효물,41,,unknown,unmatched
seed_additional_100_ko_official-027,"1,2-헥산다이올","1,2-헥산다이올",42,,unknown,unmatched
seed_additional_100_ko_official-027,향료,향료,43,,unknown,unmatched
seed_additional_100_ko_official-028,정제수,정제수,1,,unknown,unmatched
seed_additional_100_ko_official-028,글리세린,글리세린,2,,unknown,unmatched
seed_additional_100_ko_official-028,부틸렌글라이콜,부틸렌글라이콜,3,,unknown,unmatched
seed_additional_100_ko_official-028,세틸에틸헥사노에이트,세틸에틸헥사노에이트,4,,unknown,unmatched
seed_additional_100_ko_official-028,나이아신아마이드,나이아신아마이드,5,,unknown,unmatched
seed_additional_100_ko_official-028,"1,2-헥산다이올","1,2-헥산다이올",6,,unknown,unmatched
seed_additional_100_ko_official-028,펜틸렌글라이콜,펜틸렌글라이콜,7,,unknown,unmatched
seed_additional_100_ko_official-028,비닐다이메티콘,비닐다이메티콘,8,,unknown,unmatched
seed_additional_100_ko_official-028,하이드로제네이티드폴리데센,하이드로제네이티드폴리데센,9,,unknown,unmatched
seed_additional_100_ko_official-028,하이드록시에틸아크릴레이트/소듐아크릴로일다이메틸타우레이트코폴리머,하이드록시에틸아크릴레이트/소듐아크릴로일다이메틸타우레이트코폴리머,10,,unknown,unmatched
seed_additional_100_ko_official-028,카프릴릴메티콘,카프릴릴메티콘,11,,unknown,unmatched
seed_additional_100_ko_official-028,판테놀,판테놀,12,,unknown,unmatched
seed_additional_100_ko_official-028,아크릴레이트/C10-30알킬아크릴레이트크로스폴리머,아크릴레이트/C10-30알킬아크릴레이트크로스폴리머,13,,unknown,unmatched
seed_additional_100_ko_official-028,다이메티콘올,다이메티콘올,14,,unknown,unmatched
seed_additional_100_ko_official-028,폴리메틸실세스퀴옥세인,폴리메틸실세스퀴옥세인,15,,unknown,unmatched
seed_additional_100_ko_official-028,트로메타민,트로메타민,16,,unknown,unmatched
seed_additional_100_ko_official-028,클로렐라 불가리스추출물,클로렐라 불가리스추출물,17,,unknown,unmatched
seed_additional_100_ko_official-028,글루코오스,글루코오스,18,,unknown,unmatched
seed_additional_100_ko_official-028,다이포타슘글리시리제이트,다이포타슘글리시리제이트,19,,unknown,unmatched
seed_additional_100_ko_official-028,프룩토올리고사카라이드,프룩토올리고사카라이드,20,,unknown,unmatched
seed_additional_100_ko_official-028,프룩토오스,프룩토오스,21,,unknown,unmatched
seed_additional_100_ko_official-028,글리세릴아크릴레이트/아크릴릭애씨드코폴리머,글리세릴아크릴레이트/아크릴릭애씨드코폴리머,22,,unknown,unmatched
seed_additional_100_ko_official-028,에틸헥실글리세린,에틸헥실글리세린,23,,unknown,unmatched
seed_additional_100_ko_official-028,잔탄검,잔탄검,24,,unknown,unmatched
seed_additional_100_ko_official-028,소듐파이테이트,소듐파이테이트,25,,unknown,unmatched
seed_additional_100_ko_official-028,솔비탄아이소스테아레이트,솔비탄아이소스테아레이트,26,,unknown,unmatched
seed_additional_100_ko_official-028,백미꽃추출물,백미꽃추출물,27,,unknown,unmatched
seed_additional_100_ko_official-028,접시꽃추출물,접시꽃추출물,28,,unknown,unmatched
seed_additional_100_ko_official-028,사과추출물,사과추출물,29,,unknown,unmatched
seed_additional_100_ko_official-028,병풀추출물,병풀추출물,30,,unknown,unmatched
seed_additional_100_ko_official-028,토코페롤,토코페롤,31,,unknown,unmatched
seed_additional_100_ko_official-028,바다포도추출물,바다포도추출물,32,,unknown,unmatched
seed_additional_100_ko_official-028,마데카소사이드,마데카소사이드,33,,unknown,unmatched
seed_additional_100_ko_official-028,부들레야추출물,부들레야추출물,34,,unknown,unmatched
seed_additional_100_ko_official-028,타임추출물,타임추출물,35,,unknown,unmatched
seed_additional_100_ko_official-028,에피갈로카테킨갈레이트,에피갈로카테킨갈레이트,36,,unknown,unmatched
seed_additional_100_ko_official-028,아시아티코사이드,아시아티코사이드,37,,unknown,unmatched
seed_additional_100_ko_official-028,마데카식애씨드,마데카식애씨드,38,,unknown,unmatched
seed_additional_100_ko_official-028,아시아틱애씨드,아시아틱애씨드,39,,unknown,unmatched
seed_additional_100_ko_official-029,정제수,정제수,1,,unknown,unmatched
seed_additional_100_ko_official-029,글리세린,글리세린,2,,unknown,unmatched
seed_additional_100_ko_official-029,코코-베타인,코코-베타인,3,,unknown,unmatched
seed_additional_100_ko_official-029,라우릴하이드록시설테인,라우릴하이드록시설테인,4,,unknown,unmatched
seed_additional_100_ko_official-029,소듐클로라이드,소듐클로라이드,5,,unknown,unmatched
seed_additional_100_ko_official-029,다이소듐코코암포다이아세테이트,다이소듐코코암포다이아세테이트,6,,unknown,unmatched
seed_additional_100_ko_official-029,부틸렌글라이콜,부틸렌글라이콜,7,,unknown,unmatched
seed_additional_100_ko_official-029,다이프로필렌글라이콜,다이프로필렌글라이콜,8,,unknown,unmatched
seed_additional_100_ko_official-029,코코-글루코사이드,코코-글루코사이드,9,,unknown,unmatched
seed_additional_100_ko_official-029,소듐코코일글루타메이트,소듐코코일글루타메이트,10,,unknown,unmatched
seed_additional_100_ko_official-029,펜틸렌글라이콜,펜틸렌글라이콜,11,,unknown,unmatched
seed_additional_100_ko_official-029,트로메타민,트로메타민,12,,unknown,unmatched
seed_additional_100_ko_official-029,살리실릭애씨드,살리실릭애씨드,13,,unknown,unmatched
seed_additional_100_ko_official-029,석시닉애씨드,석시닉애씨드,14,,unknown,unmatched
seed_additional_100_ko_official-029,카프릴릴글라이콜,카프릴릴글라이콜,15,,unknown,unmatched
seed_additional_100_ko_official-029,소듐메틸코코일타우레이트,소듐메틸코코일타우레이트,16,,unknown,unmatched
seed_additional_100_ko_official-029,소듐파이테이트,소듐파이테이트,17,,unknown,unmatched
seed_additional_100_ko_official-029,폴리글리세릴-4카프레이트,폴리글리세릴-4카프레이트,18,,unknown,unmatched
seed_additional_100_ko_official-029,헥실렌글라이콜,헥실렌글라이콜,19,,unknown,unmatched
seed_additional_100_ko_official-029,발삼코파이바수지,발삼코파이바수지,20,,unknown,unmatched
seed_additional_100_ko_official-029,센티드제라늄꽃오일,센티드제라늄꽃오일,21,,unknown,unmatched
seed_additional_100_ko_official-029,다이포타슘포스페이트,다이포타슘포스페이트,22,,unknown,unmatched
seed_additional_100_ko_official-029,아세틸글루타민,아세틸글루타민,23,,unknown,unmatched
seed_additional_100_ko_official-029,마트리카리아꽃오일,마트리카리아꽃오일,24,,unknown,unmatched
seed_additional_100_ko_official-029,약모밀추출물,약모밀추출물,25,,unknown,unmatched
seed_additional_100_ko_official-029,락토바실러스발효물,락토바실러스발효물,26,,unknown,unmatched
seed_additional_100_ko_official-029,워터민트추출물,워터민트추출물,27,,unknown,unmatched
seed_additional_100_ko_official-029,애플민트잎추출물,애플민트잎추출물,28,,unknown,unmatched
seed_additional_100_ko_official-029,스피어민트추출물,스피어민트추출물,29,,unknown,unmatched
seed_additional_100_ko_official-029,튜베로즈추출물,튜베로즈추출물,30,,unknown,unmatched
seed_additional_100_ko_official-029,향기제비꽃잎추출물,향기제비꽃잎추출물,31,,unknown,unmatched
seed_additional_100_ko_official-029,바닐라열매추출물,바닐라열매추출물,32,,unknown,unmatched
seed_additional_100_ko_official-029,"1,2-헥산다이올","1,2-헥산다이올",33,,unknown,unmatched
seed_additional_100_ko_official-029,사과추출물,사과추출물,34,,unknown,unmatched
seed_additional_100_ko_official-029,셀룰로오스검,셀룰로오스검,35,,unknown,unmatched
seed_additional_100_ko_official-030,정제수,정제수,1,,unknown,unmatched
seed_additional_100_ko_official-030,소듐코코일이세티오네이트,소듐코코일이세티오네이트,2,,unknown,unmatched
seed_additional_100_ko_official-030,글리세린,글리세린,3,,unknown,unmatched
seed_additional_100_ko_official-030,하이드록시프로필스타치포스페이트,하이드록시프로필스타치포스페이트,4,,unknown,unmatched
seed_additional_100_ko_official-030,소듐메틸코코일타우레이트,소듐메틸코코일타우레이트,5,,unknown,unmatched
seed_additional_100_ko_official-030,포타슘코코일글리시네이트,포타슘코코일글리시네이트,6,,unknown,unmatched
seed_additional_100_ko_official-030,라우릴하이드록시설테인,라우릴하이드록시설테인,7,,unknown,unmatched
seed_additional_100_ko_official-030,세테아릴알코올,세테아릴알코올,8,,unknown,unmatched
seed_additional_100_ko_official-030,포타슘코코에이트,포타슘코코에이트,9,,unknown,unmatched
seed_additional_100_ko_official-030,글라이콜다이스테아레이트,글라이콜다이스테아레이트,10,,unknown,unmatched
seed_additional_100_ko_official-030,살리실릭애씨드,살리실릭애씨드,11,,unknown,unmatched
seed_additional_100_ko_official-030,글리세릴스테아레이트,글리세릴스테아레이트,12,,unknown,unmatched
seed_additional_100_ko_official-030,시트릭애씨드,시트릭애씨드,13,,unknown,unmatched
seed_additional_100_ko_official-030,글리세릴카프릴레이트,글리세릴카프릴레이트,14,,unknown,unmatched
seed_additional_100_ko_official-030,카프릴릴글라이콜,카프릴릴글라이콜,15,,unknown,unmatched
seed_additional_100_ko_official-030,소듐클로라이드,소듐클로라이드,16,,unknown,unmatched
seed_additional_100_ko_official-030,소듐파이테이트,소듐파이테이트,17,,unknown,unmatched
seed_additional_100_ko_official-030,페네틸알코올,페네틸알코올,18,,unknown,unmatched
seed_additional_100_ko_official-030,인도멀구슬나무잎추출물,인도멀구슬나무잎추출물,19,,unknown,unmatched
seed_additional_100_ko_official-030,부틸렌글라이콜,부틸렌글라이콜,20,,unknown,unmatched
seed_additional_100_ko_official-030,인도멀구슬나무꽃추출물,인도멀구슬나무꽃추출물,21,,unknown,unmatched
seed_additional_100_ko_official-030,"1,2-헥산다이올","1,2-헥산다이올",22,,unknown,unmatched
seed_additional_100_ko_official-030,제비꽃꽃추출물,제비꽃꽃추출물,23,,unknown,unmatched
seed_additional_100_ko_official-030,당느릅나무뿌리추출물,당느릅나무뿌리추출물,24,,unknown,unmatched
seed_additional_100_ko_official-030,다시마추출물,다시마추출물,25,,unknown,unmatched
seed_additional_100_ko_official-030,참마뿌리추출물,참마뿌리추출물,26,,unknown,unmatched
seed_additional_100_ko_official-030,카프릴로일살리실릭애씨드,카프릴로일살리실릭애씨드,27,,unknown,unmatched
seed_additional_100_ko_official-030,알로에베라잎추출물,알로에베라잎추출물,28,,unknown,unmatched
seed_additional_100_ko_official-030,에난티아 클로란타껍질추출물,에난티아 클로란타껍질추출물,29,,unknown,unmatched
seed_additional_100_ko_official-030,병풀추출물,병풀추출물,30,,unknown,unmatched
seed_additional_100_ko_official-030,올레아놀릭애씨드,올레아놀릭애씨드,31,,unknown,unmatched
seed_additional_100_ko_official-030,마데카소사이드,마데카소사이드,32,,unknown,unmatched
seed_additional_100_ko_official-030,마데카식애씨드,마데카식애씨드,33,,unknown,unmatched
seed_additional_100_ko_official-030,아시아티코사이드,아시아티코사이드,34,,unknown,unmatched
seed_additional_100_ko_official-030,아시아틱애씨드,아시아틱애씨드,35,,unknown,unmatched
seed_additional_100_ko_official-031,정제수,정제수,1,,unknown,unmatched
seed_additional_100_ko_official-031,라우릴하이드록시설테인,라우릴하이드록시설테인,2,,unknown,unmatched
seed_additional_100_ko_official-031,소듐메틸코코일타우레이트,소듐메틸코코일타우레이트,3,,unknown,unmatched
seed_additional_100_ko_official-031,다이소듐코코암포다이아세테이트,다이소듐코코암포다이아세테이트,4,,unknown,unmatched
seed_additional_100_ko_official-031,인도멀구슬나무잎추출물,인도멀구슬나무잎추출물,5,,unknown,unmatched
seed_additional_100_ko_official-031,유칼립투스잎추출물,유칼립투스잎추출물,6,,unknown,unmatched
seed_additional_100_ko_official-031,인도멀구슬나무꽃추출물,인도멀구슬나무꽃추출물,7,,unknown,unmatched
seed_additional_100_ko_official-031,편백잎추출물,편백잎추출물,8,,unknown,unmatched
seed_additional_100_ko_official-031,병풀추출물,병풀추출물,9,,unknown,unmatched
seed_additional_100_ko_official-031,애플민트잎추출물,애플민트잎추출물,10,,unknown,unmatched
seed_additional_100_ko_official-031,녹차추출물,녹차추출물,11,,unknown,unmatched
seed_additional_100_ko_official-031,타임잎추출물,타임잎추출물,12,,unknown,unmatched
seed_additional_100_ko_official-031,소듐클로라이드,소듐클로라이드,13,,unknown,unmatched
seed_additional_100_ko_official-031,라우릴글루코사이드,라우릴글루코사이드,14,,unknown,unmatched
seed_additional_100_ko_official-031,소듐라우릴글루코오스카복실레이트,소듐라우릴글루코오스카복실레이트,15,,unknown,unmatched
seed_additional_100_ko_official-031,글리세린,글리세린,16,,unknown,unmatched
seed_additional_100_ko_official-031,살리실릭애씨드,살리실릭애씨드,17,,unknown,unmatched
seed_additional_100_ko_official-031,소듐코코일이세티오네이트,소듐코코일이세티오네이트,18,,unknown,unmatched
seed_additional_100_ko_official-031,글리세릴카프릴레이트,글리세릴카프릴레이트,19,,unknown,unmatched
seed_additional_100_ko_official-031,카프릴릴글라이콜,카프릴릴글라이콜,20,,unknown,unmatched
seed_additional_100_ko_official-031,멘틸락테이트,멘틸락테이트,21,,unknown,unmatched
seed_additional_100_ko_official-031,시트릭애씨드,시트릭애씨드,22,,unknown,unmatched
seed_additional_100_ko_official-031,소듐파이테이트,소듐파이테이트,23,,unknown,unmatched
seed_additional_100_ko_official-031,부틸렌글라이콜,부틸렌글라이콜,24,,unknown,unmatched
seed_additional_100_ko_official-031,징크리시놀리에이트,징크리시놀리에이트,25,,unknown,unmatched
seed_additional_100_ko_official-031,헥실렌글라이콜,헥실렌글라이콜,26,,unknown,unmatched
seed_additional_100_ko_official-031,테트라소듐글루타메이트다이아세테이트,테트라소듐글루타메이트다이아세테이트,27,,unknown,unmatched
seed_additional_100_ko_official-031,프로판다이올,프로판다이올,28,,unknown,unmatched
seed_additional_100_ko_official-031,"1,2-헥산다이올","1,2-헥산다이올",29,,unknown,unmatched
seed_additional_100_ko_official-031,마데카소사이드,마데카소사이드,30,,unknown,unmatched
seed_additional_100_ko_official-031,아시아티코사이드,아시아티코사이드,31,,unknown,unmatched
seed_additional_100_ko_official-031,아시아틱애씨드,아시아틱애씨드,32,,unknown,unmatched
seed_additional_100_ko_official-031,마데카식애씨드,마데카식애씨드,33,,unknown,unmatched
seed_additional_100_ko_official-031,페네틸알코올,페네틸알코올,34,,unknown,unmatched
seed_additional_100_ko_official-031,향료,향료,35,,unknown,unmatched
seed_additional_100_ko_official-032,정제수,정제수,1,,unknown,unmatched
seed_additional_100_ko_official-032,글리세린,글리세린,2,,unknown,unmatched
seed_additional_100_ko_official-032,부틸렌글라이콜,부틸렌글라이콜,3,,unknown,unmatched
seed_additional_100_ko_official-032,자일리톨,자일리톨,4,,unknown,unmatched
seed_additional_100_ko_official-032,에리스리톨,에리스리톨,5,,unknown,unmatched
seed_additional_100_ko_official-032,나이아신아마이드,나이아신아마이드,6,,unknown,unmatched
seed_additional_100_ko_official-032,"1,2-헥산다이올","1,2-헥산다이올",7,,unknown,unmatched
seed_additional_100_ko_official-032,자일리틸글루코사이드,자일리틸글루코사이드,8,,unknown,unmatched
seed_additional_100_ko_official-032,병풀추출물,병풀추출물,9,,unknown,unmatched
seed_additional_100_ko_official-032,알로에베라잎추출물,알로에베라잎추출물,10,,unknown,unmatched
seed_additional_100_ko_official-032,다시마추출물,다시마추출물,11,,unknown,unmatched
seed_additional_100_ko_official-032,당느릅나무뿌리추출물,당느릅나무뿌리추출물,12,,unknown,unmatched
seed_additional_100_ko_official-032,제비꽃꽃추출물,제비꽃꽃추출물,13,,unknown,unmatched
seed_additional_100_ko_official-032,말라카이트추출물,말라카이트추출물,14,,unknown,unmatched
seed_additional_100_ko_official-032,황련추출물,황련추출물,15,,unknown,unmatched
seed_additional_100_ko_official-032,백미꽃추출물,백미꽃추출물,16,,unknown,unmatched
seed_additional_100_ko_official-032,병풀잎추출물,병풀잎추출물,17,,unknown,unmatched
seed_additional_100_ko_official-032,비피다발효여과물,비피다발효여과물,18,,unknown,unmatched
seed_additional_100_ko_official-032,락토바실러스발효물,락토바실러스발효물,19,,unknown,unmatched
seed_additional_100_ko_official-032,접시꽃추출물,접시꽃추출물,20,,unknown,unmatched
seed_additional_100_ko_official-032,병풀꽃/잎/줄기추출물,병풀꽃/잎/줄기추출물,21,,unknown,unmatched
seed_additional_100_ko_official-032,병풀뿌리추출물,병풀뿌리추출물,22,,unknown,unmatched
seed_additional_100_ko_official-032,카카오추출물,카카오추출물,23,,unknown,unmatched
seed_additional_100_ko_official-032,효모발효여과물,효모발효여과물,24,,unknown,unmatched
seed_additional_100_ko_official-032,티트리잎추출물,티트리잎추출물,25,,unknown,unmatched
seed_additional_100_ko_official-032,글리세레스-26,글리세레스-26,26,,unknown,unmatched
seed_additional_100_ko_official-032,프로판다이올,프로판다이올,27,,unknown,unmatched
seed_additional_100_ko_official-032,소듐클로라이드,소듐클로라이드,28,,unknown,unmatched
seed_additional_100_ko_official-032,젤란검,젤란검,29,,unknown,unmatched
seed_additional_100_ko_official-032,판테놀,판테놀,30,,unknown,unmatched
seed_additional_100_ko_official-032,에틸헥실글리세린,에틸헥실글리세린,31,,unknown,unmatched
seed_additional_100_ko_official-032,아가,아가,32,,unknown,unmatched
seed_additional_100_ko_official-032,안하이드로자일리톨,안하이드로자일리톨,33,,unknown,unmatched
seed_additional_100_ko_official-032,소듐시트레이트,소듐시트레이트,34,,unknown,unmatched
seed_additional_100_ko_official-032,알란토인,알란토인,35,,unknown,unmatched
seed_additional_100_ko_official-032,만델릭애씨드,만델릭애씨드,36,,unknown,unmatched
seed_additional_100_ko_official-032,솔비톨,솔비톨,37,,unknown,unmatched
seed_additional_100_ko_official-032,베타-글루칸,베타-글루칸,38,,unknown,unmatched
seed_additional_100_ko_official-032,덱스트린,덱스트린,39,,unknown,unmatched
seed_additional_100_ko_official-032,토코페롤,토코페롤,40,,unknown,unmatched
seed_additional_100_ko_official-032,마데카소사이드,마데카소사이드,41,,unknown,unmatched
seed_additional_100_ko_official-032,아시아티코사이드,아시아티코사이드,42,,unknown,unmatched
seed_additional_100_ko_official-032,마데카식애씨드,마데카식애씨드,43,,unknown,unmatched
seed_additional_100_ko_official-032,엑토인,엑토인,44,,unknown,unmatched
seed_additional_100_ko_official-032,아시아틱애씨드,아시아틱애씨드,45,,unknown,unmatched
seed_additional_100_ko_official-032,소듐하이알루로네이트크로스폴리머,소듐하이알루로네이트크로스폴리머,46,,unknown,unmatched
seed_additional_100_ko_official-032,다발방패버섯추출물,다발방패버섯추출물,47,,unknown,unmatched
seed_additional_100_ko_official-032,치자추출물,치자추출물,48,,unknown,unmatched
seed_additional_100_ko_official-033,정제수,정제수,1,,unknown,unmatched
seed_additional_100_ko_official-033,"달팽이점액여과물(10,000 ppm)",달팽이점액여과물,2,"10,000ppm",known,unmatched
seed_additional_100_ko_official-033,글리세린,글리세린,3,,unknown,unmatched
seed_additional_100_ko_official-033,프로판다이올,프로판다이올,4,,unknown,unmatched
seed_additional_100_ko_official-033,나이아신아마이드,나이아신아마이드,5,,unknown,unmatched
seed_additional_100_ko_official-033,"1,2-헥산다이올","1,2-헥산다이올",6,,unknown,unmatched
seed_additional_100_ko_official-033,젤란검,젤란검,7,,unknown,unmatched
seed_additional_100_ko_official-033,칼슘클로라이드,칼슘클로라이드,8,,unknown,unmatched
seed_additional_100_ko_official-033,잔탄검,잔탄검,9,,unknown,unmatched
seed_additional_100_ko_official-033,에틸헥실글리세린,에틸헥실글리세린,10,,unknown,unmatched
seed_additional_100_ko_official-033,아데노신,아데노신,11,,unknown,unmatched
seed_additional_100_ko_official-033,다이소듐이디티에이,다이소듐이디티에이,12,,unknown,unmatched
seed_additional_100_ko_official-033,콜라겐추출물(100 ppm),콜라겐추출물,13,100ppm,known,unmatched
seed_additional_100_ko_official-033,하이드롤라이즈드콜라겐(100 ppm),하이드롤라이즈드콜라겐,14,100ppm,known,unmatched
seed_additional_100_ko_official-033,향료,향료,15,,unknown,unmatched
seed_additional_100_ko_official-033,부틸렌글라이콜,부틸렌글라이콜,16,,unknown,unmatched
seed_additional_100_ko_official-033,판테놀,판테놀,17,,unknown,unmatched
seed_additional_100_ko_official-033,글리세릴올리에이트,글리세릴올리에이트,18,,unknown,unmatched
seed_additional_100_ko_official-033,토코페롤,토코페롤,19,,unknown,unmatched
seed_additional_100_ko_official-033,미리스틸글루코사이드,미리스틸글루코사이드,20,,unknown,unmatched
seed_additional_100_ko_official-033,하이드로제네이티드레시틴,하이드로제네이티드레시틴,21,,unknown,unmatched
seed_additional_100_ko_official-033,폴리글리세릴-6라우레이트,폴리글리세릴-6라우레이트,22,,unknown,unmatched
seed_additional_100_ko_official-033,라우릴글루코사이드,라우릴글루코사이드,23,,unknown,unmatched
seed_additional_100_ko_official-033,소듐하이알루로네이트,소듐하이알루로네이트,24,,unknown,unmatched
seed_additional_100_ko_official-033,병풀추출물,병풀추출물,25,,unknown,unmatched
seed_additional_100_ko_official-033,프로폴리스추출물,프로폴리스추출물,26,,unknown,unmatched
seed_additional_100_ko_official-033,하이드록시프로필트라이모늄하이알루로네이트,하이드록시프로필트라이모늄하이알루로네이트,27,,unknown,unmatched
seed_additional_100_ko_official-033,수용성콜라겐(1 ppb),수용성콜라겐,28,1ppb,known,unmatched
seed_additional_100_ko_official-033,하이드롤라이즈드하이알루로닉애씨드,하이드롤라이즈드하이알루로닉애씨드,29,,unknown,unmatched
seed_additional_100_ko_official-033,소듐아세틸레이티드하이알루로네이트,소듐아세틸레이티드하이알루로네이트,30,,unknown,unmatched
seed_additional_100_ko_official-033,하이알루로닉애씨드,하이알루로닉애씨드,31,,unknown,unmatched
seed_additional_100_ko_official-033,팔미토일펜타펩타이드-4,팔미토일펜타펩타이드-4,32,,unknown,unmatched
seed_additional_100_ko_official-033,하이드롤라이즈드소듐하이알루로네이트,하이드롤라이즈드소듐하이알루로네이트,33,,unknown,unmatched
seed_additional_100_ko_official-033,소듐하이알루로네이트크로스폴리머,소듐하이알루로네이트크로스폴리머,34,,unknown,unmatched
seed_additional_100_ko_official-033,포타슘하이알루로네이트,포타슘하이알루로네이트,35,,unknown,unmatched
seed_additional_100_ko_official-034,정제수,정제수,1,,unknown,unmatched
seed_additional_100_ko_official-034,부틸렌글라이콜,부틸렌글라이콜,2,,unknown,unmatched
seed_additional_100_ko_official-034,다이프로필렌글라이콜,다이프로필렌글라이콜,3,,unknown,unmatched
seed_additional_100_ko_official-034,나이아신아마이드,나이아신아마이드,4,,unknown,unmatched
seed_additional_100_ko_official-034,"1,2-헥산다이올","1,2-헥산다이올",5,,unknown,unmatched
seed_additional_100_ko_official-034,글리세린,글리세린,6,,unknown,unmatched
seed_additional_100_ko_official-034,판테놀,판테놀,7,,unknown,unmatched
seed_additional_100_ko_official-034,글리세레스-26,글리세레스-26,8,,unknown,unmatched
seed_additional_100_ko_official-034,하이드록시에틸셀룰로오스,하이드록시에틸셀룰로오스,9,,unknown,unmatched
seed_additional_100_ko_official-034,에리스리톨,에리스리톨,10,,unknown,unmatched
seed_additional_100_ko_official-034,소듐폴리아크릴로일다이메틸타우레이트,소듐폴리아크릴로일다이메틸타우레이트,11,,unknown,unmatched
seed_additional_100_ko_official-034,"소듐하이알루로네이트(1,100 ppm)",소듐하이알루로네이트,12,"1,100ppm",known,unmatched
seed_additional_100_ko_official-034,알란토인,알란토인,13,,unknown,unmatched
seed_additional_100_ko_official-034,에틸헥실글리세린,에틸헥실글리세린,14,,unknown,unmatched
seed_additional_100_ko_official-034,카프릴릭/카프릭트라이글리세라이드,카프릴릭/카프릭트라이글리세라이드,15,,unknown,unmatched
seed_additional_100_ko_official-034,바이오사카라이드검-1,바이오사카라이드검-1,16,,unknown,unmatched
seed_additional_100_ko_official-034,다이소듐이디티에이,다이소듐이디티에이,17,,unknown,unmatched
seed_additional_100_ko_official-034,하이드로제네이티드레시틴,하이드로제네이티드레시틴,18,,unknown,unmatched
seed_additional_100_ko_official-034,베타인살리실레이트,베타인살리실레이트,19,,unknown,unmatched
seed_additional_100_ko_official-034,석시닉애씨드,석시닉애씨드,20,,unknown,unmatched
seed_additional_100_ko_official-034,트로메타민,트로메타민,21,,unknown,unmatched
seed_additional_100_ko_official-034,효모발효여과물,효모발효여과물,22,,unknown,unmatched
seed_additional_100_ko_official-034,옥틸도데칸올,옥틸도데칸올,23,,unknown,unmatched
seed_additional_100_ko_official-034,폴리글리세릴-10라우레이트,폴리글리세릴-10라우레이트,24,,unknown,unmatched
seed_additional_100_ko_official-034,포스파티딜콜린,포스파티딜콜린,25,,unknown,unmatched
seed_additional_100_ko_official-034,아시아티코사이드(48 ppm),아시아티코사이드,26,48ppm,known,unmatched
seed_additional_100_ko_official-034,병풀잎추출물(40 ppm),병풀잎추출물,27,40ppm,known,unmatched
seed_additional_100_ko_official-034,마데카식애씨드(36 ppm),마데카식애씨드,28,36ppm,known,unmatched
seed_additional_100_ko_official-034,아시아틱애씨드(36 ppm),아시아틱애씨드,29,36ppm,known,unmatched
seed_additional_100_ko_official-034,글라이코리피드,글라이코리피드,30,,unknown,unmatched
seed_additional_100_ko_official-034,세라마이드엔피,세라마이드엔피,31,,unknown,unmatched
seed_additional_100_ko_official-034,베타-글루칸,베타-글루칸,32,,unknown,unmatched
seed_additional_100_ko_official-034,락토바실러스발효물,락토바실러스발효물,33,,unknown,unmatched
seed_additional_100_ko_official-034,락토바실러스/콩발효추출물,락토바실러스/콩발효추출물,34,,unknown,unmatched
seed_additional_100_ko_official-034,류코노스톡/무발효여과물,류코노스톡/무발효여과물,35,,unknown,unmatched
seed_additional_100_ko_official-034,효모발효추출물,효모발효추출물,36,,unknown,unmatched
seed_additional_100_ko_official-034,팔미토일트라이펩타이드-5,팔미토일트라이펩타이드-5,37,,unknown,unmatched
seed_additional_100_ko_official-034,다발방패버섯추출물,다발방패버섯추출물,38,,unknown,unmatched
seed_additional_100_ko_official-034,마데카소사이드(3.6 ppm),마데카소사이드,39,3.6ppm,known,unmatched
seed_additional_100_ko_official-034,병풀추출물(3.4 ppm),병풀추출물,40,3.4ppm,known,unmatched
seed_additional_100_ko_official-034,하이드록시프로필트라이모늄하이알루로네이트(1 ppm),하이드록시프로필트라이모늄하이알루로네이트,41,1ppm,known,unmatched
seed_additional_100_ko_official-034,토코페롤,토코페롤,42,,unknown,unmatched
seed_additional_100_ko_official-034,징크피씨에이,징크피씨에이,43,,unknown,unmatched
seed_additional_100_ko_official-034,헥사펩타이드-9,헥사펩타이드-9,44,,unknown,unmatched
seed_additional_100_ko_official-035,정제수,정제수,1,,unknown,unmatched
seed_additional_100_ko_official-035,글리세린,글리세린,2,,unknown,unmatched
seed_additional_100_ko_official-035,다이프로필렌글라이콜,다이프로필렌글라이콜,3,,unknown,unmatched
seed_additional_100_ko_official-035,세테아릴알코올,세테아릴알코올,4,,unknown,unmatched
seed_additional_100_ko_official-035,사이클로펜타실록세인,사이클로펜타실록세인,5,,unknown,unmatched
seed_additional_100_ko_official-035,카프릴릭/카프릭트라이글리세라이드,카프릴릭/카프릭트라이글리세라이드,6,,unknown,unmatched
seed_additional_100_ko_official-035,트라이에틸헥사노인,트라이에틸헥사노인,7,,unknown,unmatched
seed_additional_100_ko_official-035,하이드로제네이티드폴리데센,하이드로제네이티드폴리데센,8,,unknown,unmatched
seed_additional_100_ko_official-035,"1,2-헥산다이올","1,2-헥산다이올",9,,unknown,unmatched
seed_additional_100_ko_official-035,나이아신아마이드,나이아신아마이드,10,,unknown,unmatched
seed_additional_100_ko_official-035,하이드로제네이티드폴리(C6-14올레핀),하이드로제네이티드폴리(C6-14올레핀),11,,unknown,unmatched
seed_additional_100_ko_official-035,사이클로헥사실록세인,사이클로헥사실록세인,12,,unknown,unmatched
seed_additional_100_ko_official-035,글리세릴스테아레이트에스이,글리세릴스테아레이트에스이,13,,unknown,unmatched
seed_additional_100_ko_official-035,참마뿌리추출물,참마뿌리추출물,14,,unknown,unmatched
seed_additional_100_ko_official-035,카바카바잎/뿌리/줄기추출물,카바카바잎/뿌리/줄기추출물,15,,unknown,unmatched
seed_additional_100_ko_official-035,우엉뿌리추출물,우엉뿌리추출물,16,,unknown,unmatched
seed_additional_100_ko_official-035,진흙버섯추출물,진흙버섯추출물,17,,unknown,unmatched
seed_additional_100_ko_official-035,병풀추출물,병풀추출물,18,,unknown,unmatched
seed_additional_100_ko_official-035,쇠비름추출물,쇠비름추출물,19,,unknown,unmatched
seed_additional_100_ko_official-035,프로폴리스추출물,프로폴리스추출물,20,,unknown,unmatched
seed_additional_100_ko_official-035,하이드로제네이티드레시틴,하이드로제네이티드레시틴,21,,unknown,unmatched
seed_additional_100_ko_official-035,아르간커넬오일,아르간커넬오일,22,,unknown,unmatched
seed_additional_100_ko_official-035,소듐하이알루로네이트,소듐하이알루로네이트,23,,unknown,unmatched
seed_additional_100_ko_official-035,다이메티콘,다이메티콘,24,,unknown,unmatched
seed_additional_100_ko_official-035,세테아릴올리베이트,세테아릴올리베이트,25,,unknown,unmatched
seed_additional_100_ko_official-035,부틸렌글라이콜,부틸렌글라이콜,26,,unknown,unmatched
seed_additional_100_ko_official-035,C12-16알코올,C12-16알코올,27,,unknown,unmatched
seed_additional_100_ko_official-035,글리세릴스테아레이트,글리세릴스테아레이트,28,,unknown,unmatched
seed_additional_100_ko_official-035,피이지-100스테아레이트,피이지-100스테아레이트,29,,unknown,unmatched
seed_additional_100_ko_official-035,마이크로크리스탈린셀룰로오스,마이크로크리스탈린셀룰로오스,30,,unknown,unmatched
seed_additional_100_ko_official-035,스쿠알란,스쿠알란,31,,unknown,unmatched
seed_additional_100_ko_official-035,세테아릴글루코사이드,세테아릴글루코사이드,32,,unknown,unmatched
seed_additional_100_ko_official-035,메틸프로판다이올,메틸프로판다이올,33,,unknown,unmatched
seed_additional_100_ko_official-035,솔비탄올리베이트,솔비탄올리베이트,34,,unknown,unmatched
seed_additional_100_ko_official-035,하이드록시에틸아크릴레이트/소듐아크릴로일다이메틸타우레이트코폴리머,하이드록시에틸아크릴레이트/소듐아크릴로일다이메틸타우레이트코폴리머,35,,unknown,unmatched
seed_additional_100_ko_official-035,"달팽이점액여과물(2,000ppm)",달팽이점액여과물,36,"2,000ppm",known,unmatched
seed_additional_100_ko_official-035,팔미틱애씨드,팔미틱애씨드,37,,unknown,unmatched
seed_additional_100_ko_official-035,하이드로제네이티드폴리아이소부텐,하이드로제네이티드폴리아이소부텐,38,,unknown,unmatched
seed_additional_100_ko_official-035,베타인,베타인,39,,unknown,unmatched
seed_additional_100_ko_official-035,에탄올,에탄올,40,,unknown,unmatched
seed_additional_100_ko_official-035,글라이코실트레할로오스,글라이코실트레할로오스,41,,unknown,unmatched
seed_additional_100_ko_official-035,셀룰로오스검,셀룰로오스검,42,,unknown,unmatched
seed_additional_100_ko_official-035,아이소노닐아이소노나노에이트,아이소노닐아이소노나노에이트,43,,unknown,unmatched
seed_additional_100_ko_official-035,폴리글리세릴-10스테아레이트,폴리글리세릴-10스테아레이트,44,,unknown,unmatched
seed_additional_100_ko_official-035,하이드롤라이즈드옥수수전분,하이드롤라이즈드옥수수전분,45,,unknown,unmatched
seed_additional_100_ko_official-035,폴리솔베이트60,폴리솔베이트60,46,,unknown,unmatched
seed_additional_100_ko_official-035,에틸헥실글리세린,에틸헥실글리세린,47,,unknown,unmatched
seed_additional_100_ko_official-035,하이드로제네이티드스타치하이드롤리세이트,하이드로제네이티드스타치하이드롤리세이트,48,,unknown,unmatched
seed_additional_100_ko_official-035,라피노오스,라피노오스,49,,unknown,unmatched
seed_additional_100_ko_official-035,스테아릭애씨드,스테아릭애씨드,50,,unknown,unmatched
seed_additional_100_ko_official-035,시어버터,시어버터,51,,unknown,unmatched
seed_additional_100_ko_official-035,아데노신,아데노신,52,,unknown,unmatched
seed_additional_100_ko_official-035,폴리글리세릴-2다이폴리하이드록시스테아레이트,폴리글리세릴-2다이폴리하이드록시스테아레이트,53,,unknown,unmatched
seed_additional_100_ko_official-035,베타-글루칸,베타-글루칸,54,,unknown,unmatched
seed_additional_100_ko_official-035,다이소듐이디티에이,다이소듐이디티에이,55,,unknown,unmatched
seed_additional_100_ko_official-035,레시틴,레시틴,56,,unknown,unmatched
seed_additional_100_ko_official-035,솔비탄아이소스테아레이트,솔비탄아이소스테아레이트,57,,unknown,unmatched
seed_additional_100_ko_official-035,수크로오스,수크로오스,58,,unknown,unmatched
seed_additional_100_ko_official-035,카라멜,카라멜,59,,unknown,unmatched
seed_additional_100_ko_official-035,글루코오스,글루코오스,60,,unknown,unmatched
seed_additional_100_ko_official-035,이눌린라우릴카바메이트,이눌린라우릴카바메이트,61,,unknown,unmatched
seed_additional_100_ko_official-035,폴리쿼터늄-51,폴리쿼터늄-51,62,,unknown,unmatched
seed_additional_100_ko_official-035,프로필렌글라이콜,프로필렌글라이콜,63,,unknown,unmatched
seed_additional_100_ko_official-035,다이소듐스테아로일글루타메이트,다이소듐스테아로일글루타메이트,64,,unknown,unmatched
seed_additional_100_ko_official-035,바이오사카라이드검-1,바이오사카라이드검-1,65,,unknown,unmatched
seed_additional_100_ko_official-035,진주가루,진주가루,66,,unknown,unmatched
seed_additional_100_ko_official-035,토코페롤,토코페롤,67,,unknown,unmatched
seed_additional_100_ko_official-035,향료,향료,68,,unknown,unmatched
seed_additional_100_ko_official-035,페녹시에탄올,페녹시에탄올,69,,unknown,unmatched
seed_additional_100_ko_official-035,리날룰,리날룰,70,,unknown,unmatched
seed_additional_100_ko_official-035,벤질살리실레이트,벤질살리실레이트,71,,unknown,unmatched
seed_additional_100_ko_official-035,리모넨,리모넨,72,,unknown,unmatched
seed_additional_100_ko_official-035,하이드록시시트로넬알,하이드록시시트로넬알,73,,unknown,unmatched
seed_additional_100_ko_official-035,제라니올,제라니올,74,,unknown,unmatched
seed_additional_100_ko_official-036,정제수,정제수,1,,unknown,unmatched
seed_additional_100_ko_official-036,셀룰로오스,셀룰로오스,2,,unknown,unmatched
seed_additional_100_ko_official-036,다이프로필렌글라이콜,다이프로필렌글라이콜,3,,unknown,unmatched
seed_additional_100_ko_official-036,글리세릴카프릴레이트,글리세릴카프릴레이트,4,,unknown,unmatched
seed_additional_100_ko_official-036,아크릴레이트/C10-30알킬아크릴레이트크로스폴리머,아크릴레이트/C10-30알킬아크릴레이트크로스폴리머,5,,unknown,unmatched
seed_additional_100_ko_official-036,카프릴릴글라이콜,카프릴릴글라이콜,6,,unknown,unmatched
seed_additional_100_ko_official-036,알란토인,알란토인,7,,unknown,unmatched
seed_additional_100_ko_official-036,판테놀,판테놀,8,,unknown,unmatched
seed_additional_100_ko_official-036,폴리글리세릴-10라우레이트,폴리글리세릴-10라우레이트,9,,unknown,unmatched
seed_additional_100_ko_official-036,프로판다이올,프로판다이올,10,,unknown,unmatched
seed_additional_100_ko_official-036,알지닌,알지닌,11,,unknown,unmatched
seed_additional_100_ko_official-036,다이소듐이디티에이,다이소듐이디티에이,12,,unknown,unmatched
seed_additional_100_ko_official-036,글리세린,글리세린,13,,unknown,unmatched
seed_additional_100_ko_official-036,"1,2-헥산다이올","1,2-헥산다이올",14,,unknown,unmatched
seed_additional_100_ko_official-036,부틸렌글라이콜,부틸렌글라이콜,15,,unknown,unmatched
seed_additional_100_ko_official-036,소듐하이알루로네이트,소듐하이알루로네이트,16,,unknown,unmatched
seed_additional_100_ko_official-036,글라이코스핑고리피드,글라이코스핑고리피드,17,,unknown,unmatched
seed_additional_100_ko_official-036,하이드록시프로필트라이모늄하이알루로네이트,하이드록시프로필트라이모늄하이알루로네이트,18,,unknown,unmatched
seed_additional_100_ko_official-036,아스코빅애씨드,아스코빅애씨드,19,,unknown,unmatched
seed_additional_100_ko_official-036,하이드롤라이즈드하이알루로닉애씨드,하이드롤라이즈드하이알루로닉애씨드,20,,unknown,unmatched
seed_additional_100_ko_official-036,소듐아세틸레이티드하이알루로네이트,소듐아세틸레이티드하이알루로네이트,21,,unknown,unmatched
seed_additional_100_ko_official-036,하이알루로닉애씨드,하이알루로닉애씨드,22,,unknown,unmatched
seed_additional_100_ko_official-036,하이드롤라이즈드소듐하이알루로네이트,하이드롤라이즈드소듐하이알루로네이트,23,,unknown,unmatched
seed_additional_100_ko_official-036,소듐하이알루로네이트크로스폴리머,소듐하이알루로네이트크로스폴리머,24,,unknown,unmatched
seed_additional_100_ko_official-036,포타슘하이알루로네이트,포타슘하이알루로네이트,25,,unknown,unmatched
seed_additional_100_ko_official-037,정제수,정제수,1,,unknown,unmatched
seed_additional_100_ko_official-037,메틸프로판다이올,메틸프로판다이올,2,,unknown,unmatched
seed_additional_100_ko_official-037,글리세린,글리세린,3,,unknown,unmatched
seed_additional_100_ko_official-037,다이프로필렌글라이콜,다이프로필렌글라이콜,4,,unknown,unmatched
seed_additional_100_ko_official-037,하이드록시아세토페논,하이드록시아세토페논,5,,unknown,unmatched
seed_additional_100_ko_official-037,카보머,카보머,6,,unknown,unmatched
seed_additional_100_ko_official-037,베타인,베타인,7,,unknown,unmatched
seed_additional_100_ko_official-037,카프릴릴글라이콜,카프릴릴글라이콜,8,,unknown,unmatched
seed_additional_100_ko_official-037,알란토인,알란토인,9,,unknown,unmatched
seed_additional_100_ko_official-037,폴리글리세릴-10라우레이트,폴리글리세릴-10라우레이트,10,,unknown,unmatched
seed_additional_100_ko_official-037,프로판다이올,프로판다이올,11,,unknown,unmatched
seed_additional_100_ko_official-037,잔탄검,잔탄검,12,,unknown,unmatched
seed_additional_100_ko_official-037,에틸헥실글리세린,에틸헥실글리세린,13,,unknown,unmatched
seed_additional_100_ko_official-037,트로메타민,트로메타민,14,,unknown,unmatched
seed_additional_100_ko_official-037,부틸렌글라이콜,부틸렌글라이콜,15,,unknown,unmatched
seed_additional_100_ko_official-037,하이드롤라이즈드콜라겐(250 ppm),하이드롤라이즈드콜라겐,16,250ppm,known,unmatched
seed_additional_100_ko_official-037,펜틸렌글라이콜,펜틸렌글라이콜,17,,unknown,unmatched
seed_additional_100_ko_official-037,"1,2-헥산다이올","1,2-헥산다이올",18,,unknown,unmatched
seed_additional_100_ko_official-037,트라이소듐에틸렌다이아민다이석시네이트,트라이소듐에틸렌다이아민다이석시네이트,19,,unknown,unmatched
seed_additional_100_ko_official-037,클로렐라불가리스추출물,클로렐라불가리스추출물,20,,unknown,unmatched
seed_additional_100_ko_official-037,글루코오스,글루코오스,21,,unknown,unmatched
seed_additional_100_ko_official-037,판테놀,판테놀,22,,unknown,unmatched
seed_additional_100_ko_official-037,향료,향료,23,,unknown,unmatched
seed_additional_100_ko_official-037,아세틸글루코사민,아세틸글루코사민,24,,unknown,unmatched
seed_additional_100_ko_official-037,프룩토올리고사카라이드,프룩토올리고사카라이드,25,,unknown,unmatched
seed_additional_100_ko_official-037,프룩토오스,프룩토오스,26,,unknown,unmatched
seed_additional_100_ko_official-037,소듐하이알루로네이트,소듐하이알루로네이트,27,,unknown,unmatched
seed_additional_100_ko_official-037,접시꽃추출물,접시꽃추출물,28,,unknown,unmatched
seed_additional_100_ko_official-037,흰목이버섯추출물,흰목이버섯추출물,29,,unknown,unmatched
seed_additional_100_ko_official-037,소듐하이알루로네이트크로스폴리머,소듐하이알루로네이트크로스폴리머,30,,unknown,unmatched
seed_additional_100_ko_official-037,하이알루로닉애씨드,하이알루로닉애씨드,31,,unknown,unmatched
seed_additional_100_ko_official-037,하이드롤라이즈드하이알루로닉애씨드,하이드롤라이즈드하이알루로닉애씨드,32,,unknown,unmatched
seed_additional_100_ko_official-037,알지닌,알지닌,33,,unknown,unmatched
seed_additional_100_ko_official-037,알로에베라잎즙,알로에베라잎즙,34,,unknown,unmatched
seed_additional_100_ko_official-038,정제수,정제수,1,,unknown,unmatched
seed_additional_100_ko_official-038,징크옥사이드,징크옥사이드,2,,unknown,unmatched
seed_additional_100_ko_official-038,프로판다이올,프로판다이올,3,,unknown,unmatched
seed_additional_100_ko_official-038,부틸옥틸살리실레이트,부틸옥틸살리실레이트,4,,unknown,unmatched
seed_additional_100_ko_official-038,프로필헵틸카프릴레이트,프로필헵틸카프릴레이트,5,,unknown,unmatched
seed_additional_100_ko_official-038,코코-카프릴레이트/카프레이트,코코-카프릴레이트/카프레이트,6,,unknown,unmatched
seed_additional_100_ko_official-038,사이클로헥사실록세인,사이클로헥사실록세인,7,,unknown,unmatched
seed_additional_100_ko_official-038,카프릴릴메티콘,카프릴릴메티콘,8,,unknown,unmatched
seed_additional_100_ko_official-038,아이소도데케인,아이소도데케인,9,,unknown,unmatched
seed_additional_100_ko_official-038,폴리글리세릴-3폴리다이메틸실록시에틸다이메티콘,폴리글리세릴-3폴리다이메틸실록시에틸다이메티콘,10,,unknown,unmatched
seed_additional_100_ko_official-038,메틸트라이메티콘,메틸트라이메티콘,11,,unknown,unmatched
seed_additional_100_ko_official-038,메틸메타크릴레이트크로스폴리머,메틸메타크릴레이트크로스폴리머,12,,unknown,unmatched
seed_additional_100_ko_official-038,다이스테아다이모늄헥토라이트,다이스테아다이모늄헥토라이트,13,,unknown,unmatched
seed_additional_100_ko_official-038,마그네슘설페이트,마그네슘설페이트,14,,unknown,unmatched
seed_additional_100_ko_official-038,트라이에톡시카프릴릴실레인,트라이에톡시카프릴릴실레인,15,,unknown,unmatched
seed_additional_100_ko_official-038,"1,2-헥산다이올","1,2-헥산다이올",16,,unknown,unmatched
seed_additional_100_ko_official-038,폴리글리세릴-2다이폴리하이드록시스테아레이트,폴리글리세릴-2다이폴리하이드록시스테아레이트,17,,unknown,unmatched
seed_additional_100_ko_official-038,라우릴폴리글리세릴-3폴리다이메틸실록시에틸다이메티콘,라우릴폴리글리세릴-3폴리다이메틸실록시에틸다이메티콘,18,,unknown,unmatched
seed_additional_100_ko_official-038,폴리메틸실세스퀴옥세인,폴리메틸실세스퀴옥세인,19,,unknown,unmatched
seed_additional_100_ko_official-038,글리세릴카프릴레이트,글리세릴카프릴레이트,20,,unknown,unmatched
seed_additional_100_ko_official-038,카프릴릴글라이콜,카프릴릴글라이콜,21,,unknown,unmatched
seed_additional_100_ko_official-038,에틸헥실글리세린,에틸헥실글리세린,22,,unknown,unmatched
seed_additional_100_ko_official-038,소듐하이알루로네이트,소듐하이알루로네이트,23,,unknown,unmatched
seed_additional_100_ko_official-038,부틸렌글라이콜,부틸렌글라이콜,24,,unknown,unmatched
seed_additional_100_ko_official-038,토코페롤,토코페롤,25,,unknown,unmatched
seed_additional_100_ko_official-038,병풀추출물,병풀추출물,26,,unknown,unmatched
seed_additional_100_ko_official-038,타라열매추출물,타라열매추출물,27,,unknown,unmatched
seed_additional_100_ko_official-038,프랑스해안송껍질추출물,프랑스해안송껍질추출물,28,,unknown,unmatched
seed_additional_100_ko_official-038,코토니추출물,코토니추출물,29,,unknown,unmatched
seed_additional_100_ko_official-038,7-데하이드로콜레스테롤,7-데하이드로콜레스테롤,30,,unknown,unmatched
seed_additional_100_ko_official-038,약모밀추출물,약모밀추출물,31,,unknown,unmatched
seed_additional_100_ko_official-038,엑토인,엑토인,32,,unknown,unmatched
seed_additional_100_ko_official-038,밀몽화꽃추출물,밀몽화꽃추출물,33,,unknown,unmatched
seed_additional_100_ko_official-038,락토바실러스발효물,락토바실러스발효물,34,,unknown,unmatched
seed_additional_100_ko_official-038,하이드록시신나믹애씨드,하이드록시신나믹애씨드,35,,unknown,unmatched
seed_additional_100_ko_official-038,루틴,루틴,36,,unknown,unmatched
seed_additional_100_ko_official-039,정제수,정제수,1,,unknown,unmatched
seed_additional_100_ko_official-039,코코-카프릴레이트/카프레이트,코코-카프릴레이트/카프레이트,2,,unknown,unmatched
seed_additional_100_ko_official-039,다이부틸아디페이트,다이부틸아디페이트,3,,unknown,unmatched
seed_additional_100_ko_official-039,합성왁스,합성왁스,4,,unknown,unmatched
seed_additional_100_ko_official-039,부틸옥틸살리실레이트,부틸옥틸살리실레이트,5,,unknown,unmatched
seed_additional_100_ko_official-039,"다이에틸헥실2,6-나프탈레이트","다이에틸헥실2,6-나프탈레이트",6,,unknown,unmatched
seed_additional_100_ko_official-039,디에칠아미노하이드록시벤조일헥실벤조에이트,디에칠아미노하이드록시벤조일헥실벤조에이트,7,,unknown,unmatched
seed_additional_100_ko_official-039,비닐다이메티콘,비닐다이메티콘,8,,unknown,unmatched
seed_additional_100_ko_official-039,에칠헥실트리아존,에칠헥실트리아존,9,,unknown,unmatched
seed_additional_100_ko_official-039,나이아신아마이드,나이아신아마이드,10,,unknown,unmatched
seed_additional_100_ko_official-039,마이크로크리스탈린왁스,마이크로크리스탈린왁스,11,,unknown,unmatched
seed_additional_100_ko_official-039,비닐다이메티콘/메티콘실세스퀴옥세인크로스폴리머,비닐다이메티콘/메티콘실세스퀴옥세인크로스폴리머,12,,unknown,unmatched
seed_additional_100_ko_official-039,폴리실리콘-15,폴리실리콘-15,13,,unknown,unmatched
seed_additional_100_ko_official-039,비스-에칠헥실옥시페놀메톡시페닐트리아진,비스-에칠헥실옥시페놀메톡시페닐트리아진,14,,unknown,unmatched
seed_additional_100_ko_official-039,다이프로필렌글라이콜,다이프로필렌글라이콜,15,,unknown,unmatched
seed_additional_100_ko_official-039,병풀추출물,병풀추출물,16,,unknown,unmatched
seed_additional_100_ko_official-039,병풀뿌리추출물,병풀뿌리추출물,17,,unknown,unmatched
seed_additional_100_ko_official-039,병풀잎추출물,병풀잎추출물,18,,unknown,unmatched
seed_additional_100_ko_official-039,프랑스해안송껍질추출물,프랑스해안송껍질추출물,19,,unknown,unmatched
seed_additional_100_ko_official-039,타라열매추출물,타라열매추출물,20,,unknown,unmatched
seed_additional_100_ko_official-039,매실추출물,매실추출물,21,,unknown,unmatched
seed_additional_100_ko_official-039,사과추출물,사과추출물,22,,unknown,unmatched
seed_additional_100_ko_official-039,파파야열매추출물,파파야열매추출물,23,,unknown,unmatched
seed_additional_100_ko_official-039,포도추출물,포도추출물,24,,unknown,unmatched
seed_additional_100_ko_official-039,코토니추출물,코토니추출물,25,,unknown,unmatched
seed_additional_100_ko_official-039,밀몽화꽃추출물,밀몽화꽃추출물,26,,unknown,unmatched
seed_additional_100_ko_official-039,폴리글리세릴-4다이아이소스테아레이트/폴리하이드록시스테아레이트/세바케이트,폴리글리세릴-4다이아이소스테아레이트/폴리하이드록시스테아레이트/세바케이트,27,,unknown,unmatched
seed_additional_100_ko_official-039,글리세릴카프릴레이트,글리세릴카프릴레이트,28,,unknown,unmatched
seed_additional_100_ko_official-039,소듐클로라이드,소듐클로라이드,29,,unknown,unmatched
seed_additional_100_ko_official-039,라우릴폴리글리세릴-3폴리다이메틸실록시에틸다이메티콘,라우릴폴리글리세릴-3폴리다이메틸실록시에틸다이메티콘,30,,unknown,unmatched
seed_additional_100_ko_official-039,부틸렌글라이콜,부틸렌글라이콜,31,,unknown,unmatched
seed_additional_100_ko_official-039,에틸헥실글리세린,에틸헥실글리세린,32,,unknown,unmatched
seed_additional_100_ko_official-039,아데노신,아데노신,33,,unknown,unmatched
seed_additional_100_ko_official-039,"1,2-헥산다이올","1,2-헥산다이올",34,,unknown,unmatched
seed_additional_100_ko_official-039,효모발효물,효모발효물,35,,unknown,unmatched
seed_additional_100_ko_official-039,아시아티코사이드,아시아티코사이드,36,,unknown,unmatched
seed_additional_100_ko_official-039,마데카소사이드,마데카소사이드,37,,unknown,unmatched
seed_additional_100_ko_official-039,토코페롤,토코페롤,38,,unknown,unmatched
seed_additional_100_ko_official-039,프로판다이올,프로판다이올,39,,unknown,unmatched
seed_additional_100_ko_official-039,옥타데케인,옥타데케인,40,,unknown,unmatched
seed_additional_100_ko_official-039,락틱애씨드/글라이콜릭애씨드코폴리머,락틱애씨드/글라이콜릭애씨드코폴리머,41,,unknown,unmatched
seed_additional_100_ko_official-039,마데카식애씨드,마데카식애씨드,42,,unknown,unmatched
seed_additional_100_ko_official-039,아시아틱애씨드,아시아틱애씨드,43,,unknown,unmatched
seed_additional_100_ko_official-039,잔탄검,잔탄검,44,,unknown,unmatched
seed_additional_100_ko_official-039,카프릴릴글라이콜,카프릴릴글라이콜,45,,unknown,unmatched
seed_additional_100_ko_official-040,정제수,정제수,1,,unknown,unmatched
seed_additional_100_ko_official-040,사이클로펜타실록세인,사이클로펜타실록세인,2,,unknown,unmatched
seed_additional_100_ko_official-040,에칠헥실메톡시신나메이트,에칠헥실메톡시신나메이트,3,,unknown,unmatched
seed_additional_100_ko_official-040,징크옥사이드 (CI 77947),징크옥사이드 (CI 77947),4,,unknown,unmatched
seed_additional_100_ko_official-040,사이클로헥사실록세인,사이클로헥사실록세인,5,,unknown,unmatched
seed_additional_100_ko_official-040,에칠헥실살리실레이트,에칠헥실살리실레이트,6,,unknown,unmatched
seed_additional_100_ko_official-040,부틸렌글라이콜,부틸렌글라이콜,7,,unknown,unmatched
seed_additional_100_ko_official-040,메틸메타크릴레이트크로스폴리머,메틸메타크릴레이트크로스폴리머,8,,unknown,unmatched
seed_additional_100_ko_official-040,폴리글리세릴-3폴리다이메틸실록시에틸다이메티콘,폴리글리세릴-3폴리다이메틸실록시에틸다이메티콘,9,,unknown,unmatched
seed_additional_100_ko_official-040,티타늄디옥사이드 (CI 77891),티타늄디옥사이드 (CI 77891),10,,unknown,unmatched
seed_additional_100_ko_official-040,다이프로필렌글라이콜,다이프로필렌글라이콜,11,,unknown,unmatched
seed_additional_100_ko_official-040,에틸헥실팔미테이트,에틸헥실팔미테이트,12,,unknown,unmatched
seed_additional_100_ko_official-040,나이아신아마이드,나이아신아마이드,13,,unknown,unmatched
seed_additional_100_ko_official-040,비닐다이메티콘/메티콘실세스퀴옥세인크로스폴리머,비닐다이메티콘/메티콘실세스퀴옥세인크로스폴리머,14,,unknown,unmatched
seed_additional_100_ko_official-040,솔비탄아이소스테아레이트,솔비탄아이소스테아레이트,15,,unknown,unmatched
seed_additional_100_ko_official-040,다이메티콘/비닐다이메티콘크로스폴리머,다이메티콘/비닐다이메티콘크로스폴리머,16,,unknown,unmatched
seed_additional_100_ko_official-040,카프릴릴메티콘,카프릴릴메티콘,17,,unknown,unmatched
seed_additional_100_ko_official-040,프랑스해안송껍질추출물,프랑스해안송껍질추출물,18,,unknown,unmatched
seed_additional_100_ko_official-040,타라열매추출물,타라열매추출물,19,,unknown,unmatched
seed_additional_100_ko_official-040,코토니추출물,코토니추출물,20,,unknown,unmatched
seed_additional_100_ko_official-040,포도씨오일,포도씨오일,21,,unknown,unmatched
seed_additional_100_ko_official-040,밀몽화꽃추출물,밀몽화꽃추출물,22,,unknown,unmatched
seed_additional_100_ko_official-040,감나무잎추출물,감나무잎추출물,23,,unknown,unmatched
seed_additional_100_ko_official-040,녹차추출물,녹차추출물,24,,unknown,unmatched
seed_additional_100_ko_official-040,다이메티콘,다이메티콘,25,,unknown,unmatched
seed_additional_100_ko_official-040,다이스테아다이모늄헥토라이트,다이스테아다이모늄헥토라이트,26,,unknown,unmatched
seed_additional_100_ko_official-040,폴리메틸실세스퀴옥세인,폴리메틸실세스퀴옥세인,27,,unknown,unmatched
seed_additional_100_ko_official-040,마그네슘설페이트,마그네슘설페이트,28,,unknown,unmatched
seed_additional_100_ko_official-040,C30-45알킬세테아릴다이메티콘크로스폴리머,C30-45알킬세테아릴다이메티콘크로스폴리머,29,,unknown,unmatched
seed_additional_100_ko_official-040,알루미늄하이드록사이드,알루미늄하이드록사이드,30,,unknown,unmatched
seed_additional_100_ko_official-040,스테아릭애씨드,스테아릭애씨드,31,,unknown,unmatched
seed_additional_100_ko_official-040,카프릴릴글라이콜,카프릴릴글라이콜,32,,unknown,unmatched
seed_additional_100_ko_official-040,글리세릴카프릴레이트,글리세릴카프릴레이트,33,,unknown,unmatched
seed_additional_100_ko_official-040,폴리메틸메타크릴레이트,폴리메틸메타크릴레이트,34,,unknown,unmatched
seed_additional_100_ko_official-040,트라이에톡시카프릴릴실레인,트라이에톡시카프릴릴실레인,35,,unknown,unmatched
seed_additional_100_ko_official-040,"1,2-헥산다이올","1,2-헥산다이올",36,,unknown,unmatched
seed_additional_100_ko_official-040,프로판다이올,프로판다이올,37,,unknown,unmatched
seed_additional_100_ko_official-040,다이소듐이디티에이,다이소듐이디티에이,38,,unknown,unmatched
seed_additional_100_ko_official-040,폴리비닐알코올,폴리비닐알코올,39,,unknown,unmatched
seed_additional_100_ko_official-040,황색산화철 (CI 77492),황색산화철 (CI 77492),40,,unknown,unmatched
seed_additional_100_ko_official-040,적색산화철 (CI 77491),적색산화철 (CI 77491),41,,unknown,unmatched
seed_additional_100_ko_official-041,정제수,정제수,1,,unknown,unmatched
seed_additional_100_ko_official-041,부틸렌글라이콜,부틸렌글라이콜,2,,unknown,unmatched
seed_additional_100_ko_official-041,글리세린,글리세린,3,,unknown,unmatched
seed_additional_100_ko_official-041,글리세레스-26,글리세레스-26,4,,unknown,unmatched
seed_additional_100_ko_official-041,카프릴릭/카프릭트라이글리세라이드,카프릴릭/카프릭트라이글리세라이드,5,,unknown,unmatched
seed_additional_100_ko_official-041,"1,2-헥산다이올","1,2-헥산다이올",6,,unknown,unmatched
seed_additional_100_ko_official-041,다이펜타에리스리틸헥사C5-9애씨드에스터,다이펜타에리스리틸헥사C5-9애씨드에스터,7,,unknown,unmatched
seed_additional_100_ko_official-041,판테놀,판테놀,8,,unknown,unmatched
seed_additional_100_ko_official-041,C14-22알코올,C14-22알코올,9,,unknown,unmatched
seed_additional_100_ko_official-041,글리세릴스테아레이트,글리세릴스테아레이트,10,,unknown,unmatched
seed_additional_100_ko_official-041,세테아릴알코올,세테아릴알코올,11,,unknown,unmatched
seed_additional_100_ko_official-041,솔비탄세스퀴올리에이트,솔비탄세스퀴올리에이트,12,,unknown,unmatched
seed_additional_100_ko_official-041,C12-20알킬글루코사이드,C12-20알킬글루코사이드,13,,unknown,unmatched
seed_additional_100_ko_official-041,카보머,카보머,14,,unknown,unmatched
seed_additional_100_ko_official-041,트로메타민,트로메타민,15,,unknown,unmatched
seed_additional_100_ko_official-041,에틸헥실글리세린,에틸헥실글리세린,16,,unknown,unmatched
seed_additional_100_ko_official-041,헵타소듐헥사카복시메틸다이펩타이드-12,헵타소듐헥사카복시메틸다이펩타이드-12,17,,unknown,unmatched
seed_additional_100_ko_official-041,세라마이드엔피,세라마이드엔피,18,,unknown,unmatched
seed_additional_100_ko_official-041,"2,3-부탄다이올","2,3-부탄다이올",19,,unknown,unmatched
seed_additional_100_ko_official-041,하이드로제네이티드레시틴,하이드로제네이티드레시틴,20,,unknown,unmatched
seed_additional_100_ko_official-041,바이오사카라이드검-1,바이오사카라이드검-1,21,,unknown,unmatched
seed_additional_100_ko_official-041,세라마이드엔에스,세라마이드엔에스,22,,unknown,unmatched
seed_additional_100_ko_official-041,세라마이드에이에스,세라마이드에이에스,23,,unknown,unmatched
seed_additional_100_ko_official-041,세라마이드에이피,세라마이드에이피,24,,unknown,unmatched
seed_additional_100_ko_official-041,콜레스테롤,콜레스테롤,25,,unknown,unmatched
seed_additional_100_ko_official-041,피토스핑고신,피토스핑고신,26,,unknown,unmatched
seed_additional_100_ko_official-041,다이프로필렌글라이콜,다이프로필렌글라이콜,27,,unknown,unmatched
seed_additional_100_ko_official-041,세라마이드이오피,세라마이드이오피,28,,unknown,unmatched
seed_additional_100_ko_official-042,정제수,정제수,1,,unknown,unmatched
seed_additional_100_ko_official-042,글리세린,글리세린,2,,unknown,unmatched
seed_additional_100_ko_official-042,메틸프로판다이올,메틸프로판다이올,3,,unknown,unmatched
seed_additional_100_ko_official-042,C13-15알케인,C13-15알케인,4,,unknown,unmatched
seed_additional_100_ko_official-042,"1,2-헥산다이올","1,2-헥산다이올",5,,unknown,unmatched
seed_additional_100_ko_official-042,나이아신아마이드,나이아신아마이드,6,,unknown,unmatched
seed_additional_100_ko_official-042,베타인,베타인,7,,unknown,unmatched
seed_additional_100_ko_official-042,하이드록시에틸아크릴레이트/소듐아크릴로일다이메틸타우레이트코폴리머,하이드록시에틸아크릴레이트/소듐아크릴로일다이메틸타우레이트코폴리머,8,,unknown,unmatched
seed_additional_100_ko_official-042,비닐다이메티콘,비닐다이메티콘,9,,unknown,unmatched
seed_additional_100_ko_official-042,카프릴릴메티콘,카프릴릴메티콘,10,,unknown,unmatched
seed_additional_100_ko_official-042,폴리메틸실세스퀴옥세인,폴리메틸실세스퀴옥세인,11,,unknown,unmatched
seed_additional_100_ko_official-042,부틸렌글라이콜,부틸렌글라이콜,12,,unknown,unmatched
seed_additional_100_ko_official-042,다이메티콘올,다이메티콘올,13,,unknown,unmatched
seed_additional_100_ko_official-042,아크릴레이트/C10-30알킬아크릴레이트크로스폴리머,아크릴레이트/C10-30알킬아크릴레이트크로스폴리머,14,,unknown,unmatched
seed_additional_100_ko_official-042,사이클로헥사실록세인,사이클로헥사실록세인,15,,unknown,unmatched
seed_additional_100_ko_official-042,트로메타민,트로메타민,16,,unknown,unmatched
seed_additional_100_ko_official-042,에틸헥실글리세린,에틸헥실글리세린,17,,unknown,unmatched
seed_additional_100_ko_official-042,글리세릴아크릴레이트/아크릴릭애씨드코폴리머,글리세릴아크릴레이트/아크릴릭애씨드코폴리머,18,,unknown,unmatched
seed_additional_100_ko_official-042,잔탄검,잔탄검,19,,unknown,unmatched
seed_additional_100_ko_official-042,솔비탄아이소스테아레이트,솔비탄아이소스테아레이트,20,,unknown,unmatched
seed_additional_100_ko_official-042,아데노신,아데노신,21,,unknown,unmatched
seed_additional_100_ko_official-042,다이소듐이디티에이,다이소듐이디티에이,22,,unknown,unmatched
seed_additional_100_ko_official-042,인도멀구슬나무잎추출물,인도멀구슬나무잎추출물,23,,unknown,unmatched
seed_additional_100_ko_official-042,하이드로제네이티드레시틴,하이드로제네이티드레시틴,24,,unknown,unmatched
seed_additional_100_ko_official-042,병풀추출물(0.01%),병풀추출물,25,0.01%,known,unmatched
seed_additional_100_ko_official-042,무화과추출물,무화과추출물,26,,unknown,unmatched
seed_additional_100_ko_official-042,인도멀구슬나무꽃추출물,인도멀구슬나무꽃추출물,27,,unknown,unmatched
seed_additional_100_ko_official-042,삼나무잎추출물,삼나무잎추출물,28,,unknown,unmatched
seed_additional_100_ko_official-042,연꽃잎추출물,연꽃잎추출물,29,,unknown,unmatched
seed_additional_100_ko_official-042,효모발효여과물,효모발효여과물,30,,unknown,unmatched
seed_additional_100_ko_official-042,세라마이드엔피,세라마이드엔피,31,,unknown,unmatched
seed_additional_100_ko_official-042,암모늄아크릴로일다이메틸타우레이트/브이피코폴리머,암모늄아크릴로일다이메틸타우레이트/브이피코폴리머,32,,unknown,unmatched
seed_additional_100_ko_official-042,울금뿌리추출물,울금뿌리추출물,33,,unknown,unmatched
seed_additional_100_ko_official-042,홀리바질잎추출물,홀리바질잎추출물,34,,unknown,unmatched
seed_additional_100_ko_official-042,참산호말추출물,참산호말추출물,35,,unknown,unmatched
seed_additional_100_ko_official-042,토코페롤,토코페롤,36,,unknown,unmatched
seed_additional_100_ko_official-043,정제수,정제수,1,,unknown,unmatched
seed_additional_100_ko_official-043,카올린(23%),카올린,2,23%,known,unmatched
seed_additional_100_ko_official-043,글리세린,글리세린,3,,unknown,unmatched
seed_additional_100_ko_official-043,벤토나이트(7.5%),벤토나이트,4,7.5%,known,unmatched
seed_additional_100_ko_official-043,프로판다이올,프로판다이올,5,,unknown,unmatched
seed_additional_100_ko_official-043,변성알코올,변성알코올,6,,unknown,unmatched
seed_additional_100_ko_official-043,"1,2-헥산다이올","1,2-헥산다이올",7,,unknown,unmatched
seed_additional_100_ko_official-043,다이프로필렌글라이콜,다이프로필렌글라이콜,8,,unknown,unmatched
seed_additional_100_ko_official-043,황색산화철,황색산화철,9,,unknown,unmatched
seed_additional_100_ko_official-043,노니열매추출물(0.8%),노니열매추출물,10,0.8%,known,unmatched
seed_additional_100_ko_official-043,흑색산화철,흑색산화철,11,,unknown,unmatched
seed_additional_100_ko_official-043,시트릭애씨드,시트릭애씨드,12,,unknown,unmatched
seed_additional_100_ko_official-043,잔탄검,잔탄검,13,,unknown,unmatched
seed_additional_100_ko_official-043,부틸렌글라이콜,부틸렌글라이콜,14,,unknown,unmatched
seed_additional_100_ko_official-043,자작나무수액,자작나무수액,15,,unknown,unmatched
seed_additional_100_ko_official-043,에틸헥실글리세린,에틸헥실글리세린,16,,unknown,unmatched
seed_additional_100_ko_official-043,노니추출물(300ppm),노니추출물,17,300ppm,known,unmatched
seed_additional_100_ko_official-043,향료,향료,18,,unknown,unmatched
seed_additional_100_ko_official-043,알란토인,알란토인,19,,unknown,unmatched
seed_additional_100_ko_official-043,비누풀추출물,비누풀추출물,20,,unknown,unmatched
seed_additional_100_ko_official-043,소시지트리열매추출물,소시지트리열매추출물,21,,unknown,unmatched
seed_additional_100_ko_official-044,정제수,정제수,1,,unknown,unmatched
seed_additional_100_ko_official-044,부틸렌글라이콜,부틸렌글라이콜,2,,unknown,unmatched
seed_additional_100_ko_official-044,프로판다이올,프로판다이올,3,,unknown,unmatched
seed_additional_100_ko_official-044,글리세린,글리세린,4,,unknown,unmatched
seed_additional_100_ko_official-044,"1,2-헥산다이올","1,2-헥산다이올",5,,unknown,unmatched
seed_additional_100_ko_official-044,노니열매추출물(0.7%),노니열매추출물,6,0.7%,known,unmatched
seed_additional_100_ko_official-044,소듐폴리아크릴로일다이메틸타우레이트,소듐폴리아크릴로일다이메틸타우레이트,7,,unknown,unmatched
seed_additional_100_ko_official-044,다이에톡시에틸석시네이트,다이에톡시에틸석시네이트,8,,unknown,unmatched
seed_additional_100_ko_official-044,알란토인,알란토인,9,,unknown,unmatched
seed_additional_100_ko_official-044,옥틸도데세스-16,옥틸도데세스-16,10,,unknown,unmatched
seed_additional_100_ko_official-044,다이프로필렌글라이콜,다이프로필렌글라이콜,11,,unknown,unmatched
seed_additional_100_ko_official-044,인도멀구슬나무잎추출물,인도멀구슬나무잎추출물,12,,unknown,unmatched
seed_additional_100_ko_official-044,소듐하이알루로네이트,소듐하이알루로네이트,13,,unknown,unmatched
seed_additional_100_ko_official-044,에틸헥실글리세린,에틸헥실글리세린,14,,unknown,unmatched
seed_additional_100_ko_official-044,아데노신,아데노신,15,,unknown,unmatched
seed_additional_100_ko_official-044,다이소듐이디티에이,다이소듐이디티에이,16,,unknown,unmatched
seed_additional_100_ko_official-044,판테놀,판테놀,17,,unknown,unmatched
seed_additional_100_ko_official-044,글리세릴폴리메타크릴레이트,글리세릴폴리메타크릴레이트,18,,unknown,unmatched
seed_additional_100_ko_official-044,인도멀구슬나무꽃추출물,인도멀구슬나무꽃추출물,19,,unknown,unmatched
seed_additional_100_ko_official-044,노니씨오일(200ppm),노니씨오일,20,200ppm,known,unmatched
seed_additional_100_ko_official-044,하이드로제네이티드레시틴,하이드로제네이티드레시틴,21,,unknown,unmatched
seed_additional_100_ko_official-044,카카오씨추출물,카카오씨추출물,22,,unknown,unmatched
seed_additional_100_ko_official-044,로즈마리잎오일,로즈마리잎오일,23,,unknown,unmatched
seed_additional_100_ko_official-044,덱스트린,덱스트린,24,,unknown,unmatched
seed_additional_100_ko_official-044,세테아릴올리베이트,세테아릴올리베이트,25,,unknown,unmatched
seed_additional_100_ko_official-044,솔비탄올리베이트,솔비탄올리베이트,26,,unknown,unmatched
seed_additional_100_ko_official-044,수크로오스팔미테이트,수크로오스팔미테이트,27,,unknown,unmatched
seed_additional_100_ko_official-044,만다린껍질추출물,만다린껍질추출물,28,,unknown,unmatched
seed_additional_100_ko_official-044,올리브오일,올리브오일,29,,unknown,unmatched
seed_additional_100_ko_official-044,퀸즈랜드넛오일,퀸즈랜드넛오일,30,,unknown,unmatched
seed_additional_100_ko_official-044,포도씨오일,포도씨오일,31,,unknown,unmatched
seed_additional_100_ko_official-044,호호바씨오일,호호바씨오일,32,,unknown,unmatched
seed_additional_100_ko_official-044,수용성콜라겐,수용성콜라겐,33,,unknown,unmatched
seed_additional_100_ko_official-044,토코페롤,토코페롤,34,,unknown,unmatched
seed_additional_100_ko_official-045,정제수,정제수,1,,unknown,unmatched
seed_additional_100_ko_official-045,글리세린,글리세린,2,,unknown,unmatched
seed_additional_100_ko_official-045,"1,2-헥산다이올","1,2-헥산다이올",3,,unknown,unmatched
seed_additional_100_ko_official-045,부틸렌글라이콜,부틸렌글라이콜,4,,unknown,unmatched
seed_additional_100_ko_official-045,알란토인,알란토인,5,,unknown,unmatched
seed_additional_100_ko_official-045,카보머,카보머,6,,unknown,unmatched
seed_additional_100_ko_official-045,알지닌,알지닌,7,,unknown,unmatched
seed_additional_100_ko_official-045,폴리글리세릴-10라우레이트,폴리글리세릴-10라우레이트,8,,unknown,unmatched
seed_additional_100_ko_official-045,노니열매추출물(0.1%),노니열매추출물,9,0.1%,known,unmatched
seed_additional_100_ko_official-045,판테놀,판테놀,10,,unknown,unmatched
seed_additional_100_ko_official-045,트레할로오스,트레할로오스,11,,unknown,unmatched
seed_additional_100_ko_official-045,에틸헥실글리세린,에틸헥실글리세린,12,,unknown,unmatched
seed_additional_100_ko_official-045,인도멀구슬나무잎추출물,인도멀구슬나무잎추출물,13,,unknown,unmatched
seed_additional_100_ko_official-045,아데노신,아데노신,14,,unknown,unmatched
seed_additional_100_ko_official-045,인도멀구슬나무꽃추출물,인도멀구슬나무꽃추출물,15,,unknown,unmatched
seed_additional_100_ko_official-045,향료,향료,16,,unknown,unmatched
seed_additional_100_ko_official-045,다이소듐이디티에이,다이소듐이디티에이,17,,unknown,unmatched
seed_additional_100_ko_official-045,소듐하이알루로네이트,소듐하이알루로네이트,18,,unknown,unmatched
seed_additional_100_ko_official-045,말토덱스트린,말토덱스트린,19,,unknown,unmatched
seed_additional_100_ko_official-045,스쿠알란,스쿠알란,20,,unknown,unmatched
seed_additional_100_ko_official-045,카라멜,카라멜,21,,unknown,unmatched
seed_additional_100_ko_official-045,카프릴릭/카프릭트라이글리세라이드,카프릴릭/카프릭트라이글리세라이드,22,,unknown,unmatched
seed_additional_100_ko_official-045,세라마이드엔피,세라마이드엔피,23,,unknown,unmatched
seed_additional_100_ko_official-045,하이드로제네이티드레시틴,하이드로제네이티드레시틴,24,,unknown,unmatched
seed_additional_100_ko_official-045,토코페롤,토코페롤,25,,unknown,unmatched
seed_additional_100_ko_official-046,정제수,정제수,1,,unknown,unmatched
seed_additional_100_ko_official-046,다이프로필렌글라이콜,다이프로필렌글라이콜,2,,unknown,unmatched
seed_additional_100_ko_official-046,나이아신아마이드(5%),나이아신아마이드,3,5%,known,unmatched
seed_additional_100_ko_official-046,글리세린,글리세린,4,,unknown,unmatched
seed_additional_100_ko_official-046,부틸렌글라이콜,부틸렌글라이콜,5,,unknown,unmatched
seed_additional_100_ko_official-046,"1,2-헥산다이올","1,2-헥산다이올",6,,unknown,unmatched
seed_additional_100_ko_official-046,하이드록시에틸우레아,하이드록시에틸우레아,7,,unknown,unmatched
seed_additional_100_ko_official-046,병풀추출물(0.4%),병풀추출물,8,0.4%,known,unmatched
seed_additional_100_ko_official-046,카보머,카보머,9,,unknown,unmatched
seed_additional_100_ko_official-046,트로메타민,트로메타민,10,,unknown,unmatched
seed_additional_100_ko_official-046,하이드록시아세토페논,하이드록시아세토페논,11,,unknown,unmatched
seed_additional_100_ko_official-046,에틸헥실글리세린,에틸헥실글리세린,12,,unknown,unmatched
seed_additional_100_ko_official-046,카프릴릴글라이콜,카프릴릴글라이콜,13,,unknown,unmatched
seed_additional_100_ko_official-046,호장근뿌리추출물,호장근뿌리추출물,14,,unknown,unmatched
seed_additional_100_ko_official-046,황금추출물,황금추출물,15,,unknown,unmatched
seed_additional_100_ko_official-046,인도멀구슬나무잎추출물,인도멀구슬나무잎추출물,16,,unknown,unmatched
seed_additional_100_ko_official-046,쇠비름추출물,쇠비름추출물,17,,unknown,unmatched
seed_additional_100_ko_official-046,다이소듐이디티에이,다이소듐이디티에이,18,,unknown,unmatched
seed_additional_100_ko_official-046,감초뿌리추출물,감초뿌리추출물,19,,unknown,unmatched
seed_additional_100_ko_official-046,알란토인,알란토인,20,,unknown,unmatched
seed_additional_100_ko_official-046,녹차추출물,녹차추출물,21,,unknown,unmatched
seed_additional_100_ko_official-046,글리세릴아크릴레이트/아크릴릭애씨드코폴리머,글리세릴아크릴레이트/아크릴릭애씨드코폴리머,22,,unknown,unmatched
seed_additional_100_ko_official-046,마트리카리아꽃추출물,마트리카리아꽃추출물,23,,unknown,unmatched
seed_additional_100_ko_official-046,로즈마리잎추출물,로즈마리잎추출물,24,,unknown,unmatched
seed_additional_100_ko_official-046,판테놀,판테놀,25,,unknown,unmatched
seed_additional_100_ko_official-046,트레할로오스,트레할로오스,26,,unknown,unmatched
seed_additional_100_ko_official-046,인도멀구슬나무꽃추출물,인도멀구슬나무꽃추출물,27,,unknown,unmatched
seed_additional_100_ko_official-046,피브이엠/엠에이코폴리머,피브이엠/엠에이코폴리머,28,,unknown,unmatched
seed_additional_100_ko_official-046,베타-글루칸,베타-글루칸,29,,unknown,unmatched
seed_additional_100_ko_official-046,바이오사카라이드검-1,바이오사카라이드검-1,30,,unknown,unmatched
seed_additional_100_ko_official-046,다이포타슘글리시리제이트,다이포타슘글리시리제이트,31,,unknown,unmatched
seed_additional_100_ko_official-046,소듐하이알루로네이트,소듐하이알루로네이트,32,,unknown,unmatched
seed_additional_100_ko_official-046,토코페롤,토코페롤,33,,unknown,unmatched
seed_additional_100_ko_official-046,하이드롤라이즈드하이알루로닉애씨드,하이드롤라이즈드하이알루로닉애씨드,34,,unknown,unmatched
seed_additional_100_ko_official-046,마데카소사이드(0.05ppm),마데카소사이드,35,0.05ppm,known,unmatched
seed_additional_100_ko_official-046,소듐아세틸레이티드하이알루로네이트,소듐아세틸레이티드하이알루로네이트,36,,unknown,unmatched
seed_additional_100_ko_official-046,마데카식애씨드,마데카식애씨드,37,,unknown,unmatched
seed_additional_100_ko_official-046,아시아틱애씨드,아시아틱애씨드,38,,unknown,unmatched
seed_additional_100_ko_official-046,아시아티코사이드,아시아티코사이드,39,,unknown,unmatched
seed_additional_100_ko_official-047,정제수,정제수,1,,unknown,unmatched
seed_additional_100_ko_official-047,부틸렌글라이콜,부틸렌글라이콜,2,,unknown,unmatched
seed_additional_100_ko_official-047,글리세린,글리세린,3,,unknown,unmatched
seed_additional_100_ko_official-047,카프릴릭/카프릭트라이글리세라이드,카프릴릭/카프릭트라이글리세라이드,4,,unknown,unmatched
seed_additional_100_ko_official-047,세테아릴알코올,세테아릴알코올,5,,unknown,unmatched
seed_additional_100_ko_official-047,나이아신아마이드,나이아신아마이드,6,,unknown,unmatched
seed_additional_100_ko_official-047,다이아이소스테아릴말레이트,다이아이소스테아릴말레이트,7,,unknown,unmatched
seed_additional_100_ko_official-047,"1,2-헥산다이올","1,2-헥산다이올",8,,unknown,unmatched
seed_additional_100_ko_official-047,폴리프로필실세스퀴옥세인,폴리프로필실세스퀴옥세인,9,,unknown,unmatched
seed_additional_100_ko_official-047,판테놀,판테놀,10,,unknown,unmatched
seed_additional_100_ko_official-047,세테아릴올리베이트,세테아릴올리베이트,11,,unknown,unmatched
seed_additional_100_ko_official-047,세테아릴글루코사이드,세테아릴글루코사이드,12,,unknown,unmatched
seed_additional_100_ko_official-047,솔비탄올리베이트,솔비탄올리베이트,13,,unknown,unmatched
seed_additional_100_ko_official-047,하이드록시에틸아크릴레이트/소듐아크릴로일다이메틸타우레이트코폴리머,하이드록시에틸아크릴레이트/소듐아크릴로일다이메틸타우레이트코폴리머,14,,unknown,unmatched
seed_additional_100_ko_official-047,레시틴,레시틴,15,,unknown,unmatched
seed_additional_100_ko_official-047,카보머,카보머,16,,unknown,unmatched
seed_additional_100_ko_official-047,알지닌,알지닌,17,,unknown,unmatched
seed_additional_100_ko_official-047,다이메티콘/비닐다이메티콘크로스폴리머,다이메티콘/비닐다이메티콘크로스폴리머,18,,unknown,unmatched
seed_additional_100_ko_official-047,토코페롤,토코페롤,19,,unknown,unmatched
seed_additional_100_ko_official-047,레틴알(0.1%),레틴알,20,0.1%,known,unmatched
seed_additional_100_ko_official-047,잔탄검,잔탄검,21,,unknown,unmatched
seed_additional_100_ko_official-047,에틸헥실글리세린,에틸헥실글리세린,22,,unknown,unmatched
seed_additional_100_ko_official-047,아데노신,아데노신,23,,unknown,unmatched
seed_additional_100_ko_official-047,솔비탄아이소스테아레이트,솔비탄아이소스테아레이트,24,,unknown,unmatched
seed_additional_100_ko_official-047,소듐락테이트,소듐락테이트,25,,unknown,unmatched
seed_additional_100_ko_official-047,하이드롤라이즈드해면,하이드롤라이즈드해면,26,,unknown,unmatched
seed_additional_100_ko_official-047,다이소듐이디티에이,다이소듐이디티에이,27,,unknown,unmatched
seed_additional_100_ko_official-047,폴리솔베이트20,폴리솔베이트20,28,,unknown,unmatched
seed_additional_100_ko_official-047,아스코빅애씨드,아스코빅애씨드,29,,unknown,unmatched
seed_additional_100_ko_official-047,글루코오스,글루코오스,30,,unknown,unmatched
seed_additional_100_ko_official-047,팔미토일트라이펩타이드-1,팔미토일트라이펩타이드-1,31,,unknown,unmatched
seed_additional_100_ko_official-047,팔미토일테트라펩타이드-7,팔미토일테트라펩타이드-7,32,,unknown,unmatched
seed_additional_100_ko_official-048,정제수,정제수,1,,unknown,unmatched
seed_additional_100_ko_official-048,다이프로필렌글라이콜,다이프로필렌글라이콜,2,,unknown,unmatched
seed_additional_100_ko_official-048,글리세린,글리세린,3,,unknown,unmatched
seed_additional_100_ko_official-048,부틸렌글라이콜,부틸렌글라이콜,4,,unknown,unmatched
seed_additional_100_ko_official-048,"1,2-헥산다이올","1,2-헥산다이올",5,,unknown,unmatched
seed_additional_100_ko_official-048,베타인살리실레이트(0.5%),베타인살리실레이트,6,0.5%,known,unmatched
seed_additional_100_ko_official-048,베타인,베타인,7,,unknown,unmatched
seed_additional_100_ko_official-048,폴리글리세릴-10라우레이트,폴리글리세릴-10라우레이트,8,,unknown,unmatched
seed_additional_100_ko_official-048,알지닌,알지닌,9,,unknown,unmatched
seed_additional_100_ko_official-048,폴리글리세릴-10미리스테이트,폴리글리세릴-10미리스테이트,10,,unknown,unmatched
seed_additional_100_ko_official-048,클로페네신,클로페네신,11,,unknown,unmatched
seed_additional_100_ko_official-048,티트리잎오일,티트리잎오일,12,,unknown,unmatched
seed_additional_100_ko_official-048,편백수,편백수,13,,unknown,unmatched
seed_additional_100_ko_official-048,해수,해수,14,,unknown,unmatched
seed_additional_100_ko_official-048,녹차수,녹차수,15,,unknown,unmatched
seed_additional_100_ko_official-048,약모밀추출물(100ppm),약모밀추출물,16,100ppm,known,unmatched
seed_additional_100_ko_official-048,다이소듐이디티에이,다이소듐이디티에이,17,,unknown,unmatched
seed_additional_100_ko_official-048,소듐하이알루로네이트,소듐하이알루로네이트,18,,unknown,unmatched
seed_additional_100_ko_official-048,에틸헥실글리세린,에틸헥실글리세린,19,,unknown,unmatched
seed_additional_100_ko_official-048,마데카소사이드,마데카소사이드,20,,unknown,unmatched
seed_additional_100_ko_official-048,아시아티코사이드,아시아티코사이드,21,,unknown,unmatched
seed_additional_100_ko_official-048,아시아틱애씨드,아시아틱애씨드,22,,unknown,unmatched
seed_additional_100_ko_official-048,마데카식애씨드,마데카식애씨드,23,,unknown,unmatched
seed_additional_100_ko_official-048,토코페롤,토코페롤,24,,unknown,unmatched
seed_additional_100_ko_official-049,정제수,정제수,1,,unknown,unmatched
seed_additional_100_ko_official-049,부틸렌글라이콜,부틸렌글라이콜,2,,unknown,unmatched
seed_additional_100_ko_official-049,변성알코올,변성알코올,3,,unknown,unmatched
seed_additional_100_ko_official-049,"1,2-헥산다이올","1,2-헥산다이올",4,,unknown,unmatched
seed_additional_100_ko_official-049,알지닌,알지닌,5,,unknown,unmatched
seed_additional_100_ko_official-049,살리실릭애씨드(0.45%),살리실릭애씨드,6,0.45%,known,unmatched
seed_additional_100_ko_official-049,하이드록시아세토페논,하이드록시아세토페논,7,,unknown,unmatched
seed_additional_100_ko_official-049,동백나무꽃추출물,동백나무꽃추출물,8,,unknown,unmatched
seed_additional_100_ko_official-049,C12-14알케스-12,C12-14알케스-12,9,,unknown,unmatched
seed_additional_100_ko_official-049,락토바이오닉애씨드,락토바이오닉애씨드,10,,unknown,unmatched
seed_additional_100_ko_official-049,에틸헥실글리세린,에틸헥실글리세린,11,,unknown,unmatched
seed_additional_100_ko_official-049,글리세린,글리세린,12,,unknown,unmatched
seed_additional_100_ko_official-049,비피다발효용해물,비피다발효용해물,13,,unknown,unmatched
seed_additional_100_ko_official-049,병풀추출물(0.02%),병풀추출물,14,0.02%,known,unmatched
seed_additional_100_ko_official-049,다이소듐이디티에이,다이소듐이디티에이,15,,unknown,unmatched
seed_additional_100_ko_official-049,락토오스,락토오스,16,,unknown,unmatched
seed_additional_100_ko_official-049,티트리잎오일,티트리잎오일,17,,unknown,unmatched
seed_additional_100_ko_official-049,약모밀추출물,약모밀추출물,18,,unknown,unmatched
seed_additional_100_ko_official-049,쇠비름추출물,쇠비름추출물,19,,unknown,unmatched
seed_additional_100_ko_official-049,들깨추출물,들깨추출물,20,,unknown,unmatched
seed_additional_100_ko_official-049,판테놀,판테놀,21,,unknown,unmatched
seed_additional_100_ko_official-049,허니서클추출물,허니서클추출물,22,,unknown,unmatched
seed_additional_100_ko_official-049,센티드제라늄추출물,센티드제라늄추출물,23,,unknown,unmatched
seed_additional_100_ko_official-049,캣츠클로추출물,캣츠클로추출물,24,,unknown,unmatched
seed_additional_100_ko_official-049,에우파토리아짚신나물추출물,에우파토리아짚신나물추출물,25,,unknown,unmatched
seed_additional_100_ko_official-049,조선현호색뿌리추출물,조선현호색뿌리추출물,26,,unknown,unmatched
seed_additional_100_ko_official-049,솔잣나무잎추출물,솔잣나무잎추출물,27,,unknown,unmatched
seed_additional_100_ko_official-049,개박하추출물,개박하추출물,28,,unknown,unmatched
seed_additional_100_ko_official-049,마데카소사이드(0.001%),마데카소사이드,29,0.001%,known,unmatched
seed_additional_100_ko_official-049,카프릴로일살리실릭애씨드,카프릴로일살리실릭애씨드,30,,unknown,unmatched
seed_additional_100_ko_official-050,정제수,정제수,1,,unknown,unmatched
seed_additional_100_ko_official-050,부틸렌글라이콜,부틸렌글라이콜,2,,unknown,unmatched
seed_additional_100_ko_official-050,다이프로필렌글라이콜,다이프로필렌글라이콜,3,,unknown,unmatched
seed_additional_100_ko_official-050,글리세린,글리세린,4,,unknown,unmatched
seed_additional_100_ko_official-050,나이아신아마이드,나이아신아마이드,5,,unknown,unmatched
seed_additional_100_ko_official-050,"1,2-헥산다이올","1,2-헥산다이올",6,,unknown,unmatched
seed_additional_100_ko_official-050,폴리글리세릴-10라우레이트,폴리글리세릴-10라우레이트,7,,unknown,unmatched
seed_additional_100_ko_official-050,클로페네신,클로페네신,8,,unknown,unmatched
seed_additional_100_ko_official-050,폴리글리세릴-10미리스테이트,폴리글리세릴-10미리스테이트,9,,unknown,unmatched
seed_additional_100_ko_official-050,판테놀,판테놀,10,,unknown,unmatched
seed_additional_100_ko_official-050,오렌지오일,오렌지오일,11,,unknown,unmatched
seed_additional_100_ko_official-050,글루코노락톤,글루코노락톤,12,,unknown,unmatched
seed_additional_100_ko_official-050,알지닌,알지닌,13,,unknown,unmatched
seed_additional_100_ko_official-050,다이소듐이디티에이,다이소듐이디티에이,14,,unknown,unmatched
seed_additional_100_ko_official-050,소듐하이알루로네이트,소듐하이알루로네이트,15,,unknown,unmatched
seed_additional_100_ko_official-050,베르가모트오일,베르가모트오일,16,,unknown,unmatched
seed_additional_100_ko_official-050,구주소나무잎오일,구주소나무잎오일,17,,unknown,unmatched
seed_additional_100_ko_official-050,흰서양송로추출물,흰서양송로추출물,18,,unknown,unmatched
seed_additional_100_ko_official-050,호장근뿌리추출물,호장근뿌리추출물,19,,unknown,unmatched
seed_additional_100_ko_official-050,측백나무잎추출물,측백나무잎추출물,20,,unknown,unmatched
seed_additional_100_ko_official-050,녹차추출물,녹차추출물,21,,unknown,unmatched
seed_additional_100_ko_official-050,콘민트잎추출물,콘민트잎추출물,22,,unknown,unmatched
seed_additional_100_ko_official-050,레스베라트롤,레스베라트롤,23,,unknown,unmatched
seed_additional_100_ko_official-050,에틸헥실글리세린,에틸헥실글리세린,24,,unknown,unmatched
seed_additional_100_ko_official-050,글루타티온,글루타티온,25,,unknown,unmatched
seed_additional_100_ko_official-050,리모넨,리모넨,26,,unknown,unmatched
seed_additional_100_ko_official-050,리날룰,리날룰,27,,unknown,unmatched
seed_additional_100_ko_official-051,정제수,정제수,1,,unknown,unmatched
seed_additional_100_ko_official-051,글리세린,글리세린,2,,unknown,unmatched
seed_additional_100_ko_official-051,"1,2-헥산다이올","1,2-헥산다이올",3,,unknown,unmatched
seed_additional_100_ko_official-051,다이프로필렌글라이콜,다이프로필렌글라이콜,4,,unknown,unmatched
seed_additional_100_ko_official-051,아이소펜틸다이올,아이소펜틸다이올,5,,unknown,unmatched
seed_additional_100_ko_official-051,병풀추출물(0.2%),병풀추출물,6,0.2%,known,unmatched
seed_additional_100_ko_official-051,폴리글리세릴-10라우레이트,폴리글리세릴-10라우레이트,7,,unknown,unmatched
seed_additional_100_ko_official-051,다이메티콘/비닐다이메티콘크로스폴리머,다이메티콘/비닐다이메티콘크로스폴리머,8,,unknown,unmatched
seed_additional_100_ko_official-051,카보머,카보머,9,,unknown,unmatched
seed_additional_100_ko_official-051,트로메타민,트로메타민,10,,unknown,unmatched
seed_additional_100_ko_official-051,잔탄검,잔탄검,11,,unknown,unmatched
seed_additional_100_ko_official-051,알란토인,알란토인,12,,unknown,unmatched
seed_additional_100_ko_official-051,에틸헥실글리세린,에틸헥실글리세린,13,,unknown,unmatched
seed_additional_100_ko_official-051,베타인,베타인,14,,unknown,unmatched
seed_additional_100_ko_official-051,인도멀구슬나무잎추출물,인도멀구슬나무잎추출물,15,,unknown,unmatched
seed_additional_100_ko_official-051,다이소듐이디티에이,다이소듐이디티에이,16,,unknown,unmatched
seed_additional_100_ko_official-051,폴리글리세릴-10미리스테이트,폴리글리세릴-10미리스테이트,17,,unknown,unmatched
seed_additional_100_ko_official-051,소듐하이알루로네이트,소듐하이알루로네이트,18,,unknown,unmatched
seed_additional_100_ko_official-051,향료,향료,19,,unknown,unmatched
seed_additional_100_ko_official-051,부틸렌글라이콜,부틸렌글라이콜,20,,unknown,unmatched
seed_additional_100_ko_official-051,인도멀구슬나무꽃추출물,인도멀구슬나무꽃추출물,21,,unknown,unmatched
seed_additional_100_ko_official-051,하이드롤라이즈드하이알루로닉애씨드,하이드롤라이즈드하이알루로닉애씨드,22,,unknown,unmatched
seed_additional_100_ko_official-051,말토덱스트린,말토덱스트린,23,,unknown,unmatched
seed_additional_100_ko_official-051,병풀잎추출물,병풀잎추출물,24,,unknown,unmatched
seed_additional_100_ko_official-051,카라멜,카라멜,25,,unknown,unmatched
seed_additional_100_ko_official-051,카프릴릭/카프릭트라이글리세라이드,카프릴릭/카프릭트라이글리세라이드,26,,unknown,unmatched
seed_additional_100_ko_official-051,소듐아세틸레이티드하이알루로네이트,소듐아세틸레이티드하이알루로네이트,27,,unknown,unmatched
seed_additional_100_ko_official-051,알지닌,알지닌,28,,unknown,unmatched
seed_additional_100_ko_official-051,세라마이드엔피,세라마이드엔피,29,,unknown,unmatched
seed_additional_100_ko_official-051,하이드로제네이티드레시틴,하이드로제네이티드레시틴,30,,unknown,unmatched
seed_additional_100_ko_official-051,토코페롤,토코페롤,31,,unknown,unmatched
seed_additional_100_ko_official-051,마데카소사이드(0.005ppm),마데카소사이드,32,0.005ppm,known,unmatched
seed_additional_100_ko_official-052,정제수,정제수,1,,unknown,unmatched
seed_additional_100_ko_official-052,소듐코코일이세티오네이트,소듐코코일이세티오네이트,2,,unknown,unmatched
seed_additional_100_ko_official-052,글리세린,글리세린,3,,unknown,unmatched
seed_additional_100_ko_official-052,소듐메틸코코일타우레이트,소듐메틸코코일타우레이트,4,,unknown,unmatched
seed_additional_100_ko_official-052,폴리글리세릴-3메틸글루코오스다이스테아레이트,폴리글리세릴-3메틸글루코오스다이스테아레이트,5,,unknown,unmatched
seed_additional_100_ko_official-052,코코넛애씨드,코코넛애씨드,6,,unknown,unmatched
seed_additional_100_ko_official-052,코코-베타인,코코-베타인,7,,unknown,unmatched
seed_additional_100_ko_official-052,하이드록시프로필스타치포스페이트,하이드록시프로필스타치포스페이트,8,,unknown,unmatched
seed_additional_100_ko_official-052,하이드록시아세토페논,하이드록시아세토페논,9,,unknown,unmatched
seed_additional_100_ko_official-052,"1,2-헥산다이올","1,2-헥산다이올",10,,unknown,unmatched
seed_additional_100_ko_official-052,시트릭애씨드,시트릭애씨드,11,,unknown,unmatched
seed_additional_100_ko_official-052,카프릴릴글라이콜,카프릴릴글라이콜,12,,unknown,unmatched
seed_additional_100_ko_official-052,소듐이세티오네이트,소듐이세티오네이트,13,,unknown,unmatched
seed_additional_100_ko_official-052,에틸헥실글리세린,에틸헥실글리세린,14,,unknown,unmatched
seed_additional_100_ko_official-052,다이소듐이디티에이,다이소듐이디티에이,15,,unknown,unmatched
seed_additional_100_ko_official-052,오렌지껍질오일,오렌지껍질오일,16,,unknown,unmatched
seed_additional_100_ko_official-052,부틸렌글라이콜,부틸렌글라이콜,17,,unknown,unmatched
seed_additional_100_ko_official-052,알란토인,알란토인,18,,unknown,unmatched
seed_additional_100_ko_official-052,녹차수,녹차수,19,,unknown,unmatched
seed_additional_100_ko_official-052,티트리잎오일,티트리잎오일,20,,unknown,unmatched
seed_additional_100_ko_official-052,"병풀추출물(41,000 ppb)",병풀추출물,21,"41,000ppb",known,unmatched
seed_additional_100_ko_official-052,자몽껍질오일,자몽껍질오일,22,,unknown,unmatched
seed_additional_100_ko_official-052,센티드제라늄꽃오일,센티드제라늄꽃오일,23,,unknown,unmatched
seed_additional_100_ko_official-052,발삼아미리스껍질오일,발삼아미리스껍질오일,24,,unknown,unmatched
seed_additional_100_ko_official-052,유향나무오일,유향나무오일,25,,unknown,unmatched
seed_additional_100_ko_official-052,다이포타슘글리시리제이트,다이포타슘글리시리제이트,26,,unknown,unmatched
seed_additional_100_ko_official-052,포타슘코코일글리시네이트,포타슘코코일글리시네이트,27,,unknown,unmatched
seed_additional_100_ko_official-052,파스향나무잎추출물,파스향나무잎추출물,28,,unknown,unmatched
seed_additional_100_ko_official-052,티트리잎추출물,티트리잎추출물,29,,unknown,unmatched
seed_additional_100_ko_official-052,다마스크장미꽃오일,다마스크장미꽃오일,30,,unknown,unmatched
seed_additional_100_ko_official-052,아시아틱애씨드(5 ppb),아시아틱애씨드,31,5ppb,known,unmatched
seed_additional_100_ko_official-052,아시아티코사이드(5 ppb),아시아티코사이드,32,5ppb,known,unmatched
seed_additional_100_ko_official-052,마데카식애씨드(5 ppb),마데카식애씨드,33,5ppb,known,unmatched
seed_additional_100_ko_official-052,마데카소사이드(5 ppb),마데카소사이드,34,5ppb,known,unmatched
seed_additional_100_ko_official-052,리모넨,리모넨,35,,unknown,unmatched
seed_additional_100_ko_official-053,정제수,정제수,1,,unknown,unmatched
seed_additional_100_ko_official-053,글리세린,글리세린,2,,unknown,unmatched
seed_additional_100_ko_official-053,부틸렌글라이콜,부틸렌글라이콜,3,,unknown,unmatched
seed_additional_100_ko_official-053,나이아신아마이드,나이아신아마이드,4,,unknown,unmatched
seed_additional_100_ko_official-053,트라넥사믹애씨드,트라넥사믹애씨드,5,,unknown,unmatched
seed_additional_100_ko_official-053,"1,2-헥산다이올","1,2-헥산다이올",6,,unknown,unmatched
seed_additional_100_ko_official-053,메틸프로판다이올,메틸프로판다이올,7,,unknown,unmatched
seed_additional_100_ko_official-053,비닐다이메티콘,비닐다이메티콘,8,,unknown,unmatched
seed_additional_100_ko_official-053,글리세레스-26,글리세레스-26,9,,unknown,unmatched
seed_additional_100_ko_official-053,아이소노닐아이소노나노에이트,아이소노닐아이소노나노에이트,10,,unknown,unmatched
seed_additional_100_ko_official-053,프로판다이올,프로판다이올,11,,unknown,unmatched
seed_additional_100_ko_official-053,세테아릴올리베이트,세테아릴올리베이트,12,,unknown,unmatched
seed_additional_100_ko_official-053,솔비탄올리베이트,솔비탄올리베이트,13,,unknown,unmatched
seed_additional_100_ko_official-053,폴리솔베이트20,폴리솔베이트20,14,,unknown,unmatched
seed_additional_100_ko_official-053,소듐아크릴레이트/소듐아크릴로일다이메틸타우레이트코폴리머,소듐아크릴레이트/소듐아크릴로일다이메틸타우레이트코폴리머,15,,unknown,unmatched
seed_additional_100_ko_official-053,아이소헥사데칸,아이소헥사데칸,16,,unknown,unmatched
seed_additional_100_ko_official-053,하이드록시에틸아크릴레이트/소듐아크릴로일다이메틸타우레이트코폴리머,하이드록시에틸아크릴레이트/소듐아크릴로일다이메틸타우레이트코폴리머,17,,unknown,unmatched
seed_additional_100_ko_official-053,암모늄아크릴로일다이메틸타우레이트/브이피코폴리머,암모늄아크릴로일다이메틸타우레이트/브이피코폴리머,18,,unknown,unmatched
seed_additional_100_ko_official-053,에틸헥실글리세린,에틸헥실글리세린,19,,unknown,unmatched
seed_additional_100_ko_official-053,비파나무잎추출물,비파나무잎추출물,20,,unknown,unmatched
seed_additional_100_ko_official-053,폴리솔베이트80,폴리솔베이트80,21,,unknown,unmatched
seed_additional_100_ko_official-053,다이소듐이디티에이,다이소듐이디티에이,22,,unknown,unmatched
seed_additional_100_ko_official-053,카보머,카보머,23,,unknown,unmatched
seed_additional_100_ko_official-053,솔비탄올리에이트,솔비탄올리에이트,24,,unknown,unmatched
seed_additional_100_ko_official-053,스피어민트추출물,스피어민트추출물,25,,unknown,unmatched
seed_additional_100_ko_official-053,트로메타민,트로메타민,26,,unknown,unmatched
seed_additional_100_ko_official-053,솔비탄아이소스테아레이트,솔비탄아이소스테아레이트,27,,unknown,unmatched
seed_additional_100_ko_official-053,폴리솔베이트60,폴리솔베이트60,28,,unknown,unmatched
seed_additional_100_ko_official-053,비사보롤,비사보롤,29,,unknown,unmatched
seed_additional_100_ko_official-053,소듐하이알루로네이트,소듐하이알루로네이트,30,,unknown,unmatched
seed_additional_100_ko_official-053,토코페롤,토코페롤,31,,unknown,unmatched
seed_additional_100_ko_official-054,정제수,정제수,1,,unknown,unmatched
seed_additional_100_ko_official-054,프로판다이올,프로판다이올,2,,unknown,unmatched
seed_additional_100_ko_official-054,나이아신아마이드,나이아신아마이드,3,,unknown,unmatched
seed_additional_100_ko_official-054,다이부틸아디페이트,다이부틸아디페이트,4,,unknown,unmatched
seed_additional_100_ko_official-054,폴리메틸실세스퀴옥세인,폴리메틸실세스퀴옥세인,5,,unknown,unmatched
seed_additional_100_ko_official-054,다이아이소프로필세바케이트,다이아이소프로필세바케이트,6,,unknown,unmatched
seed_additional_100_ko_official-054,디에칠아미노하이드록시벤조일헥실벤조에이트,디에칠아미노하이드록시벤조일헥실벤조에이트,7,,unknown,unmatched
seed_additional_100_ko_official-054,에칠헥실트리아존,에칠헥실트리아존,8,,unknown,unmatched
seed_additional_100_ko_official-054,메칠렌비스-벤조트리아졸릴테트라메칠부틸페놀,메칠렌비스-벤조트리아졸릴테트라메칠부틸페놀,9,,unknown,unmatched
seed_additional_100_ko_official-054,코코-카프릴레이트/카프레이트,코코-카프릴레이트/카프레이트,10,,unknown,unmatched
seed_additional_100_ko_official-054,디에칠헥실부타미도트리아존,디에칠헥실부타미도트리아존,11,,unknown,unmatched
seed_additional_100_ko_official-054,"1,2-헥산다이올","1,2-헥산다이올",12,,unknown,unmatched
seed_additional_100_ko_official-054,부틸렌글라이콜,부틸렌글라이콜,13,,unknown,unmatched
seed_additional_100_ko_official-054,카프릴릴메티콘,카프릴릴메티콘,14,,unknown,unmatched
seed_additional_100_ko_official-054,트라넥사믹애씨드,트라넥사믹애씨드,15,,unknown,unmatched
seed_additional_100_ko_official-054,펜틸렌글라이콜,펜틸렌글라이콜,16,,unknown,unmatched
seed_additional_100_ko_official-054,베헤닐알코올,베헤닐알코올,17,,unknown,unmatched
seed_additional_100_ko_official-054,폴리C10-30알킬아크릴레이트,폴리C10-30알킬아크릴레이트,18,,unknown,unmatched
seed_additional_100_ko_official-054,글리세린,글리세린,19,,unknown,unmatched
seed_additional_100_ko_official-054,폴리글리세릴-3메틸글루코오스다이스테아레이트,폴리글리세릴-3메틸글루코오스다이스테아레이트,20,,unknown,unmatched
seed_additional_100_ko_official-054,데실글루코사이드,데실글루코사이드,21,,unknown,unmatched
seed_additional_100_ko_official-054,트로메타민,트로메타민,22,,unknown,unmatched
seed_additional_100_ko_official-054,카보머,카보머,23,,unknown,unmatched
seed_additional_100_ko_official-054,아크릴레이트/C10-30알킬아크릴레이트크로스폴리머,아크릴레이트/C10-30알킬아크릴레이트크로스폴리머,24,,unknown,unmatched
seed_additional_100_ko_official-054,판테놀,판테놀,25,,unknown,unmatched
seed_additional_100_ko_official-054,소듐스테아로일글루타메이트,소듐스테아로일글루타메이트,26,,unknown,unmatched
seed_additional_100_ko_official-054,폴리아크릴레이트크로스폴리머-6,폴리아크릴레이트크로스폴리머-6,27,,unknown,unmatched
seed_additional_100_ko_official-054,에틸헥실글리세린,에틸헥실글리세린,28,,unknown,unmatched
seed_additional_100_ko_official-054,아데노신,아데노신,29,,unknown,unmatched
seed_additional_100_ko_official-054,잔탄검,잔탄검,30,,unknown,unmatched
seed_additional_100_ko_official-054,토코페롤,토코페롤,31,,unknown,unmatched
seed_additional_100_ko_official-054,비파나무잎추출물,비파나무잎추출물,32,,unknown,unmatched
seed_additional_100_ko_official-054,폴리글리세릴-4아이소스테아레이트,폴리글리세릴-4아이소스테아레이트,33,,unknown,unmatched
seed_additional_100_ko_official-054,카프릴릭/카프릭트라이글리세라이드,카프릴릭/카프릭트라이글리세라이드,34,,unknown,unmatched
seed_additional_100_ko_official-054,시트릭애씨드,시트릭애씨드,35,,unknown,unmatched
seed_additional_100_ko_official-054,스피어민트추출물,스피어민트추출물,36,,unknown,unmatched
seed_additional_100_ko_official-054,다이스테아다이모늄헥토라이트,다이스테아다이모늄헥토라이트,37,,unknown,unmatched
seed_additional_100_ko_official-054,쿼세틴,쿼세틴,38,,unknown,unmatched
seed_additional_100_ko_official-055,정제수,정제수,1,,unknown,unmatched
seed_additional_100_ko_official-055,프로판다이올,프로판다이올,2,,unknown,unmatched
seed_additional_100_ko_official-055,부틸렌글라이콜,부틸렌글라이콜,3,,unknown,unmatched
seed_additional_100_ko_official-055,나이아신아마이드,나이아신아마이드,4,,unknown,unmatched
seed_additional_100_ko_official-055,메틸프로판다이올,메틸프로판다이올,5,,unknown,unmatched
seed_additional_100_ko_official-055,다이프로필렌글라이콜,다이프로필렌글라이콜,6,,unknown,unmatched
seed_additional_100_ko_official-055,하이드록시아세토페논,하이드록시아세토페논,7,,unknown,unmatched
seed_additional_100_ko_official-055,카프릴릴글라이콜,카프릴릴글라이콜,8,,unknown,unmatched
seed_additional_100_ko_official-055,폴리글리세릴-10라우레이트,폴리글리세릴-10라우레이트,9,,unknown,unmatched
seed_additional_100_ko_official-055,에리스리톨,에리스리톨,10,,unknown,unmatched
seed_additional_100_ko_official-055,노니열매추출물(0.1%),노니열매추출물,11,0.1%,known,unmatched
seed_additional_100_ko_official-055,인도멀구슬나무잎추출물,인도멀구슬나무잎추출물,12,,unknown,unmatched
seed_additional_100_ko_official-055,에틸헥실글리세린,에틸헥실글리세린,13,,unknown,unmatched
seed_additional_100_ko_official-055,알란토인,알란토인,14,,unknown,unmatched
seed_additional_100_ko_official-055,아데노신,아데노신,15,,unknown,unmatched
seed_additional_100_ko_official-055,글리세린,글리세린,16,,unknown,unmatched
seed_additional_100_ko_official-055,아크릴레이트/C10-30알킬아크릴레이트크로스폴리머,아크릴레이트/C10-30알킬아크릴레이트크로스폴리머,17,,unknown,unmatched
seed_additional_100_ko_official-055,알지닌,알지닌,18,,unknown,unmatched
seed_additional_100_ko_official-055,인도멀구슬나무꽃추출물,인도멀구슬나무꽃추출물,19,,unknown,unmatched
seed_additional_100_ko_official-055,잔탄검,잔탄검,20,,unknown,unmatched
seed_additional_100_ko_official-055,판테놀,판테놀,21,,unknown,unmatched
seed_additional_100_ko_official-055,덱스트린,덱스트린,22,,unknown,unmatched
seed_additional_100_ko_official-055,카카오추출물,카카오추출물,23,,unknown,unmatched
seed_additional_100_ko_official-055,노니씨오일(100ppm),노니씨오일,24,100ppm,known,unmatched
seed_additional_100_ko_official-055,"1,2-헥산다이올","1,2-헥산다이올",25,,unknown,unmatched
seed_additional_100_ko_official-055,로즈마리잎오일,로즈마리잎오일,26,,unknown,unmatched
seed_additional_100_ko_official-055,하이드로제네이티드레시틴,하이드로제네이티드레시틴,27,,unknown,unmatched
seed_additional_100_ko_official-055,캐모마일꽃오일,캐모마일꽃오일,28,,unknown,unmatched
seed_additional_100_ko_official-055,메틸다이아이소프로필프로피온아마이드,메틸다이아이소프로필프로피온아마이드,29,,unknown,unmatched
seed_additional_100_ko_official-055,솔비탄올리베이트,솔비탄올리베이트,30,,unknown,unmatched
seed_additional_100_ko_official-055,세테아릴올리베이트,세테아릴올리베이트,31,,unknown,unmatched
seed_additional_100_ko_official-055,레몬그라스추출물,레몬그라스추출물,32,,unknown,unmatched
seed_additional_100_ko_official-055,다이포타슘글리시리제이트,다이포타슘글리시리제이트,33,,unknown,unmatched
seed_additional_100_ko_official-055,콘민트추출물,콘민트추출물,34,,unknown,unmatched
seed_additional_100_ko_official-055,알로에베라잎추출물,알로에베라잎추출물,35,,unknown,unmatched
seed_additional_100_ko_official-055,유칼립투스잎추출물,유칼립투스잎추출물,36,,unknown,unmatched
seed_additional_100_ko_official-055,소듐하이알루로네이트,소듐하이알루로네이트,37,,unknown,unmatched
seed_additional_100_ko_official-055,포타슘하이알루로네이트,포타슘하이알루로네이트,38,,unknown,unmatched
seed_additional_100_ko_official-055,하이드롤라이즈드소듐하이알루로네이트,하이드롤라이즈드소듐하이알루로네이트,39,,unknown,unmatched
seed_additional_100_ko_official-055,하이드록시프로필트라이모늄하이알루로네이트,하이드록시프로필트라이모늄하이알루로네이트,40,,unknown,unmatched
seed_additional_100_ko_official-055,소듐하이알루로네이트크로스폴리머,소듐하이알루로네이트크로스폴리머,41,,unknown,unmatched
seed_additional_100_ko_official-055,하이알루로닉애씨드,하이알루로닉애씨드,42,,unknown,unmatched
seed_additional_100_ko_official-055,하이드롤라이즈드하이알루로닉애씨드,하이드롤라이즈드하이알루로닉애씨드,43,,unknown,unmatched
seed_additional_100_ko_official-055,녹차카테킨,녹차카테킨,44,,unknown,unmatched
seed_additional_100_ko_official-055,펜틸렌글라이콜,펜틸렌글라이콜,45,,unknown,unmatched
seed_additional_100_ko_official-055,콜라겐추출물,콜라겐추출물,46,,unknown,unmatched
seed_additional_100_ko_official-055,소듐아세틸레이티드하이알루로네이트,소듐아세틸레이티드하이알루로네이트,47,,unknown,unmatched
seed_additional_100_ko_official-055,다이소듐이디티에이,다이소듐이디티에이,48,,unknown,unmatched
seed_additional_100_ko_official-056,정제수,정제수,1,,unknown,unmatched
seed_additional_100_ko_official-056,글리세린,글리세린,2,,unknown,unmatched
seed_additional_100_ko_official-056,메틸프로판다이올,메틸프로판다이올,3,,unknown,unmatched
seed_additional_100_ko_official-056,메틸트라이메티콘,메틸트라이메티콘,4,,unknown,unmatched
seed_additional_100_ko_official-056,하이드로제네이티드폴리(C6-14올레핀),하이드로제네이티드폴리(C6-14올레핀),5,,unknown,unmatched
seed_additional_100_ko_official-056,네오펜틸글라이콜다이헵타노에이트,네오펜틸글라이콜다이헵타노에이트,6,,unknown,unmatched
seed_additional_100_ko_official-056,"1,2-헥산다이올","1,2-헥산다이올",7,,unknown,unmatched
seed_additional_100_ko_official-056,나이아신아마이드,나이아신아마이드,8,,unknown,unmatched
seed_additional_100_ko_official-056,시어버터,시어버터,9,,unknown,unmatched
seed_additional_100_ko_official-056,카프릴릭/카프릭트라이글리세라이드,카프릴릭/카프릭트라이글리세라이드,10,,unknown,unmatched
seed_additional_100_ko_official-056,트레할로오스,트레할로오스,11,,unknown,unmatched
seed_additional_100_ko_official-056,폴리글리세릴-3메틸글루코오스다이스테아레이트,폴리글리세릴-3메틸글루코오스다이스테아레이트,12,,unknown,unmatched
seed_additional_100_ko_official-056,다이메티콘/비닐다이메티콘크로스폴리머,다이메티콘/비닐다이메티콘크로스폴리머,13,,unknown,unmatched
seed_additional_100_ko_official-056,세틸알코올,세틸알코올,14,,unknown,unmatched
seed_additional_100_ko_official-056,글리세릴스테아레이트에스이,글리세릴스테아레이트에스이,15,,unknown,unmatched
seed_additional_100_ko_official-056,"노니씨오일(10,000ppm)",노니씨오일,16,"10,000ppm",known,unmatched
seed_additional_100_ko_official-056,부틸렌글라이콜,부틸렌글라이콜,17,,unknown,unmatched
seed_additional_100_ko_official-056,노니열매추출물(0.5%),노니열매추출물,18,0.5%,known,unmatched
seed_additional_100_ko_official-056,카보머,카보머,19,,unknown,unmatched
seed_additional_100_ko_official-056,팔미틱애씨드,팔미틱애씨드,20,,unknown,unmatched
seed_additional_100_ko_official-056,스테아릭애씨드,스테아릭애씨드,21,,unknown,unmatched
seed_additional_100_ko_official-056,베헤닐알코올,베헤닐알코올,22,,unknown,unmatched
seed_additional_100_ko_official-056,트로메타민,트로메타민,23,,unknown,unmatched
seed_additional_100_ko_official-056,다이프로필렌글라이콜,다이프로필렌글라이콜,24,,unknown,unmatched
seed_additional_100_ko_official-056,세테아릴알코올,세테아릴알코올,25,,unknown,unmatched
seed_additional_100_ko_official-056,하이드로제네이티드레시틴,하이드로제네이티드레시틴,26,,unknown,unmatched
seed_additional_100_ko_official-056,다시마추출물,다시마추출물,27,,unknown,unmatched
seed_additional_100_ko_official-056,한련초잎추출물,한련초잎추출물,28,,unknown,unmatched
seed_additional_100_ko_official-056,에틸헥실글리세린,에틸헥실글리세린,29,,unknown,unmatched
seed_additional_100_ko_official-056,로즈마리잎오일,로즈마리잎오일,30,,unknown,unmatched
seed_additional_100_ko_official-056,폴리글리세릴-10미리스테이트,폴리글리세릴-10미리스테이트,31,,unknown,unmatched
seed_additional_100_ko_official-056,인도멀구슬나무잎추출물,인도멀구슬나무잎추출물,32,,unknown,unmatched
seed_additional_100_ko_official-056,프로판다이올,프로판다이올,33,,unknown,unmatched
seed_additional_100_ko_official-056,아데노신,아데노신,34,,unknown,unmatched
seed_additional_100_ko_official-056,소듐스테아로일글루타메이트,소듐스테아로일글루타메이트,35,,unknown,unmatched
seed_additional_100_ko_official-056,맥아추출물,맥아추출물,36,,unknown,unmatched
seed_additional_100_ko_official-056,프룩토올리고사카라이드,프룩토올리고사카라이드,37,,unknown,unmatched
seed_additional_100_ko_official-056,인도멀구슬나무꽃추출물,인도멀구슬나무꽃추출물,38,,unknown,unmatched
seed_additional_100_ko_official-056,콜레스테롤,콜레스테롤,39,,unknown,unmatched
seed_additional_100_ko_official-056,베타-글루칸,베타-글루칸,40,,unknown,unmatched
seed_additional_100_ko_official-056,소듐하이알루로네이트,소듐하이알루로네이트,41,,unknown,unmatched
seed_additional_100_ko_official-056,올레라케아아크멜라추출물,올레라케아아크멜라추출물,42,,unknown,unmatched
seed_additional_100_ko_official-056,세라마이드엔피,세라마이드엔피,43,,unknown,unmatched
seed_additional_100_ko_official-056,무화과추출물,무화과추출물,44,,unknown,unmatched
seed_additional_100_ko_official-056,병풀추출물,병풀추출물,45,,unknown,unmatched
seed_additional_100_ko_official-056,하이드롤라이즈드하이알루로닉애씨드,하이드롤라이즈드하이알루로닉애씨드,46,,unknown,unmatched
seed_additional_100_ko_official-056,미리스틱애씨드,미리스틱애씨드,47,,unknown,unmatched
seed_additional_100_ko_official-056,알지닌,알지닌,48,,unknown,unmatched
seed_additional_100_ko_official-056,토코페롤,토코페롤,49,,unknown,unmatched
seed_additional_100_ko_official-056,페녹시에탄올,페녹시에탄올,50,,unknown,unmatched
seed_additional_100_ko_official-056,알로에베라잎추출물,알로에베라잎추출물,51,,unknown,unmatched
seed_additional_100_ko_official-056,접시꽃추출물,접시꽃추출물,52,,unknown,unmatched
seed_additional_100_ko_official-057,정제수,정제수,1,,unknown,unmatched
seed_additional_100_ko_official-057,글라이콜릭애씨드,글라이콜릭애씨드,2,,unknown,unmatched
seed_additional_100_ko_official-057,프로판다이올,프로판다이올,3,,unknown,unmatched
seed_additional_100_ko_official-057,펜틸렌글라이콜,펜틸렌글라이콜,4,,unknown,unmatched
seed_additional_100_ko_official-057,다이에톡시에틸석시네이트,다이에톡시에틸석시네이트,5,,unknown,unmatched
seed_additional_100_ko_official-057,나이아신아마이드,나이아신아마이드,6,,unknown,unmatched
seed_additional_100_ko_official-057,소듐하이드록사이드,소듐하이드록사이드,7,,unknown,unmatched
seed_additional_100_ko_official-057,부틸렌글라이콜,부틸렌글라이콜,8,,unknown,unmatched
seed_additional_100_ko_official-057,"1,2-헥산다이올","1,2-헥산다이올",9,,unknown,unmatched
seed_additional_100_ko_official-057,다이프로필렌글라이콜,다이프로필렌글라이콜,10,,unknown,unmatched
seed_additional_100_ko_official-057,트로메타민,트로메타민,11,,unknown,unmatched
seed_additional_100_ko_official-057,하이드록시아세토페논,하이드록시아세토페논,12,,unknown,unmatched
seed_additional_100_ko_official-057,트라넥사믹애씨드(0.5%),트라넥사믹애씨드,13,0.5%,known,unmatched
seed_additional_100_ko_official-057,살리실릭애씨드,살리실릭애씨드,14,,unknown,unmatched
seed_additional_100_ko_official-057,알란토인,알란토인,15,,unknown,unmatched
seed_additional_100_ko_official-057,다이소듐이디티에이,다이소듐이디티에이,16,,unknown,unmatched
seed_additional_100_ko_official-057,글루코노락톤,글루코노락톤,17,,unknown,unmatched
seed_additional_100_ko_official-057,비파나무잎추출물,비파나무잎추출물,18,,unknown,unmatched
seed_additional_100_ko_official-057,스피어민트추출물,스피어민트추출물,19,,unknown,unmatched
seed_additional_100_ko_official-057,흰버드나무껍질추출물,흰버드나무껍질추출물,20,,unknown,unmatched
seed_additional_100_ko_official-057,소듐하이알루로네이트,소듐하이알루로네이트,21,,unknown,unmatched
seed_additional_100_ko_official-057,하이알루로닉애씨드,하이알루로닉애씨드,22,,unknown,unmatched
seed_additional_100_ko_official-057,하이드롤라이즈드하이알루로닉애씨드,하이드롤라이즈드하이알루로닉애씨드,23,,unknown,unmatched
seed_additional_100_ko_official-057,하이드롤라이즈드소듐하이알루로네이트,하이드롤라이즈드소듐하이알루로네이트,24,,unknown,unmatched
seed_additional_100_ko_official-057,하이드록시프로필트라이모늄하이알루로네이트,하이드록시프로필트라이모늄하이알루로네이트,25,,unknown,unmatched
seed_additional_100_ko_official-057,포타슘하이알루로네이트,포타슘하이알루로네이트,26,,unknown,unmatched
seed_additional_100_ko_official-057,소듐하이알루로네이트크로스폴리머,소듐하이알루로네이트크로스폴리머,27,,unknown,unmatched
seed_additional_100_ko_official-057,소듐아세틸레이티드하이알루로네이트,소듐아세틸레이티드하이알루로네이트,28,,unknown,unmatched
seed_additional_100_ko_official-058,정제수,정제수,1,,unknown,unmatched
seed_additional_100_ko_official-058,부틸렌글라이콜,부틸렌글라이콜,2,,unknown,unmatched
seed_additional_100_ko_official-058,"1,2-헥산다이올","1,2-헥산다이올",3,,unknown,unmatched
seed_additional_100_ko_official-058,하이드록시에틸우레아,하이드록시에틸우레아,4,,unknown,unmatched
seed_additional_100_ko_official-058,노니열매추출물(0.8%),노니열매추출물,5,0.8%,known,unmatched
seed_additional_100_ko_official-058,프로판다이올,프로판다이올,6,,unknown,unmatched
seed_additional_100_ko_official-058,클로페네신,클로페네신,7,,unknown,unmatched
seed_additional_100_ko_official-058,C12-14알케스-12,C12-14알케스-12,8,,unknown,unmatched
seed_additional_100_ko_official-058,글라이신,글라이신,9,,unknown,unmatched
seed_additional_100_ko_official-058,베타인,베타인,10,,unknown,unmatched
seed_additional_100_ko_official-058,세린,세린,11,,unknown,unmatched
seed_additional_100_ko_official-058,글루타믹애씨드,글루타믹애씨드,12,,unknown,unmatched
seed_additional_100_ko_official-058,알란토인,알란토인,13,,unknown,unmatched
seed_additional_100_ko_official-058,다이소듐이디티에이,다이소듐이디티에이,14,,unknown,unmatched
seed_additional_100_ko_official-058,아스파틱애씨드,아스파틱애씨드,15,,unknown,unmatched
seed_additional_100_ko_official-058,인도멀구슬나무잎추출물,인도멀구슬나무잎추출물,16,,unknown,unmatched
seed_additional_100_ko_official-058,류신,류신,17,,unknown,unmatched
seed_additional_100_ko_official-058,알라닌,알라닌,18,,unknown,unmatched
seed_additional_100_ko_official-058,라이신,라이신,19,,unknown,unmatched
seed_additional_100_ko_official-058,로즈마리잎오일,로즈마리잎오일,20,,unknown,unmatched
seed_additional_100_ko_official-058,알지닌,알지닌,21,,unknown,unmatched
seed_additional_100_ko_official-058,타이로신,타이로신,22,,unknown,unmatched
seed_additional_100_ko_official-058,페닐알라닌,페닐알라닌,23,,unknown,unmatched
seed_additional_100_ko_official-058,프롤린,프롤린,24,,unknown,unmatched
seed_additional_100_ko_official-058,트레오닌,트레오닌,25,,unknown,unmatched
seed_additional_100_ko_official-058,발린,발린,26,,unknown,unmatched
seed_additional_100_ko_official-058,아이소류신,아이소류신,27,,unknown,unmatched
seed_additional_100_ko_official-058,인도멀구슬나무꽃추출물,인도멀구슬나무꽃추출물,28,,unknown,unmatched
seed_additional_100_ko_official-058,히스티딘,히스티딘,29,,unknown,unmatched
seed_additional_100_ko_official-058,카카오씨추출물,카카오씨추출물,30,,unknown,unmatched
seed_additional_100_ko_official-058,시스테인,시스테인,31,,unknown,unmatched
seed_additional_100_ko_official-058,메티오닌,메티오닌,32,,unknown,unmatched
seed_additional_100_ko_official-058,덱스트린,덱스트린,33,,unknown,unmatched
seed_additional_100_ko_official-058,카프릴릭/카프릭트라이글리세라이드,카프릴릭/카프릭트라이글리세라이드,34,,unknown,unmatched
seed_additional_100_ko_official-058,노니씨오일(0.1ppm),노니씨오일,35,0.1ppm,known,unmatched
seed_additional_100_ko_official-059,정제수,정제수,1,,unknown,unmatched
seed_additional_100_ko_official-059,다이프로필렌글라이콜,다이프로필렌글라이콜,2,,unknown,unmatched
seed_additional_100_ko_official-059,글리세린,글리세린,3,,unknown,unmatched
seed_additional_100_ko_official-059,글리세레스-26,글리세레스-26,4,,unknown,unmatched
seed_additional_100_ko_official-059,"1,2-헥산다이올","1,2-헥산다이올",5,,unknown,unmatched
seed_additional_100_ko_official-059,다이펜타에리스리틸헥사C5-9애씨드에스터,다이펜타에리스리틸헥사C5-9애씨드에스터,6,,unknown,unmatched
seed_additional_100_ko_official-059,판테놀,판테놀,7,,unknown,unmatched
seed_additional_100_ko_official-059,하이드록시에틸아크릴레이트/소듐아크릴로일다이메틸타우레이트코폴리머,하이드록시에틸아크릴레이트/소듐아크릴로일다이메틸타우레이트코폴리머,8,,unknown,unmatched
seed_additional_100_ko_official-059,퀸즈랜드넛오일,퀸즈랜드넛오일,9,,unknown,unmatched
seed_additional_100_ko_official-059,카프릴릭/카프릭트라이글리세라이드,카프릴릭/카프릭트라이글리세라이드,10,,unknown,unmatched
seed_additional_100_ko_official-059,스타이렌/브이피코폴리머,스타이렌/브이피코폴리머,11,,unknown,unmatched
seed_additional_100_ko_official-059,페닐트라이메티콘,페닐트라이메티콘,12,,unknown,unmatched
seed_additional_100_ko_official-059,에틸헥실글리세린,에틸헥실글리세린,13,,unknown,unmatched
seed_additional_100_ko_official-059,피토스테릴/옥틸도데실라우로일글루타메이트,피토스테릴/옥틸도데실라우로일글루타메이트,14,,unknown,unmatched
seed_additional_100_ko_official-059,알란토인,알란토인,15,,unknown,unmatched
seed_additional_100_ko_official-059,아크릴레이트/C10-30알킬아크릴레이트크로스폴리머,아크릴레이트/C10-30알킬아크릴레이트크로스폴리머,16,,unknown,unmatched
seed_additional_100_ko_official-059,트로메타민,트로메타민,17,,unknown,unmatched
seed_additional_100_ko_official-059,하이드로제네이티드레시틴,하이드로제네이티드레시틴,18,,unknown,unmatched
seed_additional_100_ko_official-059,다이소듐이디티에이,다이소듐이디티에이,19,,unknown,unmatched
seed_additional_100_ko_official-059,소듐하이알루로네이트,소듐하이알루로네이트,20,,unknown,unmatched
seed_additional_100_ko_official-059,솔비탄아이소스테아레이트,솔비탄아이소스테아레이트,21,,unknown,unmatched
seed_additional_100_ko_official-059,헵타소듐헥사카복시메틸다이펩타이드-12,헵타소듐헥사카복시메틸다이펩타이드-12,22,,unknown,unmatched
seed_additional_100_ko_official-059,소르빅애씨드,소르빅애씨드,23,,unknown,unmatched
seed_additional_100_ko_official-059,글리세릴스테아레이트,글리세릴스테아레이트,24,,unknown,unmatched
seed_additional_100_ko_official-059,피토스핑고신,피토스핑고신,25,,unknown,unmatched
seed_additional_100_ko_official-059,세라마이드엔피,세라마이드엔피,26,,unknown,unmatched
seed_additional_100_ko_official-059,"2,3-부탄다이올","2,3-부탄다이올",27,,unknown,unmatched
seed_additional_100_ko_official-059,토코페롤,토코페롤,28,,unknown,unmatched
seed_additional_100_ko_official-059,세라마이드엔에스,세라마이드엔에스,29,,unknown,unmatched
seed_additional_100_ko_official-059,세라마이드에이에스,세라마이드에이에스,30,,unknown,unmatched
seed_additional_100_ko_official-059,세라마이드에이피,세라마이드에이피,31,,unknown,unmatched
seed_additional_100_ko_official-059,콜레스테롤,콜레스테롤,32,,unknown,unmatched
seed_additional_100_ko_official-059,세라마이드이오피,세라마이드이오피,33,,unknown,unmatched
seed_additional_100_ko_official-060,정제수,정제수,1,,unknown,unmatched
seed_additional_100_ko_official-060,다이소듐코코암포다이아세테이트,다이소듐코코암포다이아세테이트,2,,unknown,unmatched
seed_additional_100_ko_official-060,글리세린,글리세린,3,,unknown,unmatched
seed_additional_100_ko_official-060,다이소듐라우레스설포석시네이트,다이소듐라우레스설포석시네이트,4,,unknown,unmatched
seed_additional_100_ko_official-060,코코-베타인,코코-베타인,5,,unknown,unmatched
seed_additional_100_ko_official-060,소듐클로라이드,소듐클로라이드,6,,unknown,unmatched
seed_additional_100_ko_official-060,소듐메틸코코일타우레이트,소듐메틸코코일타우레이트,7,,unknown,unmatched
seed_additional_100_ko_official-060,코카마이드메틸엠이에이,코카마이드메틸엠이에이,8,,unknown,unmatched
seed_additional_100_ko_official-060,아크릴레이트코폴리머,아크릴레이트코폴리머,9,,unknown,unmatched
seed_additional_100_ko_official-060,폴리글리세릴-10라우레이트,폴리글리세릴-10라우레이트,10,,unknown,unmatched
seed_additional_100_ko_official-060,시트릭애씨드,시트릭애씨드,11,,unknown,unmatched
seed_additional_100_ko_official-060,하이드록시아세토페논,하이드록시아세토페논,12,,unknown,unmatched
seed_additional_100_ko_official-060,카프릴릴글라이콜,카프릴릴글라이콜,13,,unknown,unmatched
seed_additional_100_ko_official-060,베타인,베타인,14,,unknown,unmatched
seed_additional_100_ko_official-060,코코넛애씨드,코코넛애씨드,15,,unknown,unmatched
seed_additional_100_ko_official-060,잔탄검,잔탄검,16,,unknown,unmatched
seed_additional_100_ko_official-060,에틸헥실글리세린,에틸헥실글리세린,17,,unknown,unmatched
seed_additional_100_ko_official-060,다이소듐이디티에이,다이소듐이디티에이,18,,unknown,unmatched
seed_additional_100_ko_official-060,헥실렌글라이콜,헥실렌글라이콜,19,,unknown,unmatched
seed_additional_100_ko_official-060,"1,2-헥산다이올","1,2-헥산다이올",20,,unknown,unmatched
seed_additional_100_ko_official-060,소듐시트레이트,소듐시트레이트,21,,unknown,unmatched
seed_additional_100_ko_official-060,포타슘코코일글리시네이트,포타슘코코일글리시네이트,22,,unknown,unmatched
seed_additional_100_ko_official-060,프로판다이올,프로판다이올,23,,unknown,unmatched
seed_additional_100_ko_official-060,하이드로제네이티드레시틴,하이드로제네이티드레시틴,24,,unknown,unmatched
seed_additional_100_ko_official-060,세테아릴알코올,세테아릴알코올,25,,unknown,unmatched
seed_additional_100_ko_official-060,스테아릭애씨드,스테아릭애씨드,26,,unknown,unmatched
seed_additional_100_ko_official-060,미로탐누스 플라벨리폴리아잎/줄기추출물,미로탐누스 플라벨리폴리아잎/줄기추출물,27,,unknown,unmatched
seed_additional_100_ko_official-060,세라마이드엔피,세라마이드엔피,28,,unknown,unmatched
seed_additional_100_ko_official-060,세라마이드엔에스,세라마이드엔에스,29,,unknown,unmatched
seed_additional_100_ko_official-060,아스코빅애씨드,아스코빅애씨드,30,,unknown,unmatched
seed_additional_100_ko_official-060,피토스핑고신,피토스핑고신,31,,unknown,unmatched
seed_additional_100_ko_official-060,콜레스테롤,콜레스테롤,32,,unknown,unmatched
seed_additional_100_ko_official-060,세라마이드에이에스,세라마이드에이에스,33,,unknown,unmatched
seed_additional_100_ko_official-060,세라마이드에이피,세라마이드에이피,34,,unknown,unmatched
seed_additional_100_ko_official-060,세라마이드이오피,세라마이드이오피,35,,unknown,unmatched
seed_additional_100_ko_official-061,정제수,정제수,1,,unknown,unmatched
seed_additional_100_ko_official-061,부틸렌글라이콜,부틸렌글라이콜,2,,unknown,unmatched
seed_additional_100_ko_official-061,글리세린,글리세린,3,,unknown,unmatched
seed_additional_100_ko_official-061,C18-21알케인,C18-21알케인,4,,unknown,unmatched
seed_additional_100_ko_official-061,"1,2-헥산다이올","1,2-헥산다이올",5,,unknown,unmatched
seed_additional_100_ko_official-061,카프릴릭/카프릭트라이글리세라이드,카프릴릭/카프릭트라이글리세라이드,6,,unknown,unmatched
seed_additional_100_ko_official-061,폴리글리세릴-3메틸글루코오스다이스테아레이트,폴리글리세릴-3메틸글루코오스다이스테아레이트,7,,unknown,unmatched
seed_additional_100_ko_official-061,글리세레스-26,글리세레스-26,8,,unknown,unmatched
seed_additional_100_ko_official-061,판테놀,판테놀,9,,unknown,unmatched
seed_additional_100_ko_official-061,소듐카보머,소듐카보머,10,,unknown,unmatched
seed_additional_100_ko_official-061,하이드록시아세토페논,하이드록시아세토페논,11,,unknown,unmatched
seed_additional_100_ko_official-061,에틸헥실글리세린,에틸헥실글리세린,12,,unknown,unmatched
seed_additional_100_ko_official-061,메틸다이아이소프로필프로피온아마이드,메틸다이아이소프로필프로피온아마이드,13,,unknown,unmatched
seed_additional_100_ko_official-061,황련뿌리추출물,황련뿌리추출물,14,,unknown,unmatched
seed_additional_100_ko_official-061,아데노신,아데노신,15,,unknown,unmatched
seed_additional_100_ko_official-061,하이드록시프로필메틸셀룰로오스스테아록시에터,하이드록시프로필메틸셀룰로오스스테아록시에터,16,,unknown,unmatched
seed_additional_100_ko_official-061,트라이소듐에틸렌다이아민다이석시네이트,트라이소듐에틸렌다이아민다이석시네이트,17,,unknown,unmatched
seed_additional_100_ko_official-061,하이드로제네이티드레시틴,하이드로제네이티드레시틴,18,,unknown,unmatched
seed_additional_100_ko_official-061,병풀추출물,병풀추출물,19,,unknown,unmatched
seed_additional_100_ko_official-061,말라카이트추출물,말라카이트추출물,20,,unknown,unmatched
seed_additional_100_ko_official-061,무화과추출물,무화과추출물,21,,unknown,unmatched
seed_additional_100_ko_official-061,알지닌,알지닌,22,,unknown,unmatched
seed_additional_100_ko_official-061,세라마이드엔피,세라마이드엔피,23,,unknown,unmatched
seed_additional_100_ko_official-061,녹두씨추출물,녹두씨추출물,24,,unknown,unmatched
seed_additional_100_ko_official-061,카페인,카페인,25,,unknown,unmatched
seed_additional_100_ko_official-061,토코페롤,토코페롤,26,,unknown,unmatched
seed_additional_100_ko_official-061,락토바실러스발효물,락토바실러스발효물,27,,unknown,unmatched
seed_additional_100_ko_official-061,다시마추출물,다시마추출물,28,,unknown,unmatched
seed_additional_100_ko_official-061,녹두추출물,녹두추출물,29,,unknown,unmatched
seed_additional_100_ko_official-061,알로에베라잎추출물,알로에베라잎추출물,30,,unknown,unmatched
seed_additional_100_ko_official-061,참마뿌리추출물,참마뿌리추출물,31,,unknown,unmatched
seed_additional_100_ko_official-061,당느릅나무뿌리추출물,당느릅나무뿌리추출물,32,,unknown,unmatched
seed_additional_100_ko_official-061,제비꽃꽃추출물,제비꽃꽃추출물,33,,unknown,unmatched
seed_additional_100_ko_official-061,아세틸헥사펩타이드-8,아세틸헥사펩타이드-8,34,,unknown,unmatched
seed_additional_100_ko_official-061,카퍼트라이펩타이드-1,카퍼트라이펩타이드-1,35,,unknown,unmatched
seed_additional_100_ko_official-061,팔미토일펜타펩타이드-4,팔미토일펜타펩타이드-4,36,,unknown,unmatched
seed_additional_100_ko_official-061,올리고펩타이드-1,올리고펩타이드-1,37,,unknown,unmatched
seed_additional_100_ko_official-061,트라이펩타이드-1,트라이펩타이드-1,38,,unknown,unmatched
seed_additional_100_ko_official-061,올리고펩타이드-2,올리고펩타이드-2,39,,unknown,unmatched
seed_additional_100_ko_official-062,글리세린,글리세린,1,,unknown,unmatched
seed_additional_100_ko_official-062,정제수,정제수,2,,unknown,unmatched
seed_additional_100_ko_official-062,소듐코코일글라이시네이트,소듐코코일글라이시네이트,3,,unknown,unmatched
seed_additional_100_ko_official-062,소듐라우로일글루타메이트,소듐라우로일글루타메이트,4,,unknown,unmatched
seed_additional_100_ko_official-062,"1,2-헥산다이올","1,2-헥산다이올",5,,unknown,unmatched
seed_additional_100_ko_official-062,하이드록시프로필스타치포스페이트,하이드록시프로필스타치포스페이트,6,,unknown,unmatched
seed_additional_100_ko_official-062,부틸렌글라이콜,부틸렌글라이콜,7,,unknown,unmatched
seed_additional_100_ko_official-062,"녹두가루(9,000ppm)",녹두가루,8,"9,000ppm",known,unmatched
seed_additional_100_ko_official-062,라우릴베타인,라우릴베타인,9,,unknown,unmatched
seed_additional_100_ko_official-062,하이드록시아세토페논,하이드록시아세토페논,10,,unknown,unmatched
seed_additional_100_ko_official-062,"녹두추출물(3,300ppm)",녹두추출물,11,"3,300ppm",known,unmatched
seed_additional_100_ko_official-062,에틸헥실글리세린,에틸헥실글리세린,12,,unknown,unmatched
seed_additional_100_ko_official-062,소듐클로라이드,소듐클로라이드,13,,unknown,unmatched
seed_additional_100_ko_official-062,에탄올,에탄올,14,,unknown,unmatched
seed_additional_100_ko_official-062,베타인,베타인,15,,unknown,unmatched
seed_additional_100_ko_official-062,폴리쿼터늄-39,폴리쿼터늄-39,16,,unknown,unmatched
seed_additional_100_ko_official-062,인도멀구슬나무잎추출물,인도멀구슬나무잎추출물,17,,unknown,unmatched
seed_additional_100_ko_official-062,인도멀구슬나무꽃추출물,인도멀구슬나무꽃추출물,18,,unknown,unmatched
seed_additional_100_ko_official-062,덱스트린,덱스트린,19,,unknown,unmatched
seed_additional_100_ko_official-062,카카오씨추출물,카카오씨추출물,20,,unknown,unmatched
seed_additional_100_ko_official-062,아이비고드열매추출물,아이비고드열매추출물,21,,unknown,unmatched
seed_additional_100_ko_official-062,알란토인,알란토인,22,,unknown,unmatched
seed_additional_100_ko_official-062,황벽나무껍질추출물,황벽나무껍질추출물,23,,unknown,unmatched
seed_additional_100_ko_official-062,알로에베라꽃추출물,알로에베라꽃추출물,24,,unknown,unmatched
seed_additional_100_ko_official-062,가지열매추출물,가지열매추출물,25,,unknown,unmatched
seed_additional_100_ko_official-062,소듐벤조에이트,소듐벤조에이트,26,,unknown,unmatched
seed_additional_100_ko_official-062,홀리바질잎추출물,홀리바질잎추출물,27,,unknown,unmatched
seed_additional_100_ko_official-062,참산호말추출물,참산호말추출물,28,,unknown,unmatched
seed_additional_100_ko_official-062,울금뿌리추출물,울금뿌리추출물,29,,unknown,unmatched
seed_additional_100_ko_official-062,캐모마일꽃추출물,캐모마일꽃추출물,30,,unknown,unmatched
seed_additional_100_ko_official-062,토코페롤,토코페롤,31,,unknown,unmatched
seed_additional_100_ko_official-062,하이드로제네이티드레시틴,하이드로제네이티드레시틴,32,,unknown,unmatched
seed_additional_100_ko_official-062,병풀추출물,병풀추출물,33,,unknown,unmatched
seed_additional_100_ko_official-062,무화과추출물,무화과추출물,34,,unknown,unmatched
seed_additional_100_ko_official-062,세라마이드엔피,세라마이드엔피,35,,unknown,unmatched
seed_additional_100_ko_official-062,소듐하이알루로네이트,소듐하이알루로네이트,36,,unknown,unmatched
seed_additional_100_ko_official-062,녹차가루,녹차가루,37,,unknown,unmatched
seed_additional_100_ko_official-063,에틸헥실팔미테이트,에틸헥실팔미테이트,1,,unknown,unmatched
seed_additional_100_ko_official-063,세틸에틸헥사노에이트,세틸에틸헥사노에이트,2,,unknown,unmatched
seed_additional_100_ko_official-063,솔베스-30테트라올리에이트,솔베스-30테트라올리에이트,3,,unknown,unmatched
seed_additional_100_ko_official-063,솔비탄세스퀴올리에이트,솔비탄세스퀴올리에이트,4,,unknown,unmatched
seed_additional_100_ko_official-063,녹차씨오일,녹차씨오일,5,,unknown,unmatched
seed_additional_100_ko_official-063,정제수,정제수,6,,unknown,unmatched
seed_additional_100_ko_official-063,부틸렌글라이콜,부틸렌글라이콜,7,,unknown,unmatched
seed_additional_100_ko_official-063,폴리글리세릴-3폴리리시놀리에이트,폴리글리세릴-3폴리리시놀리에이트,8,,unknown,unmatched
seed_additional_100_ko_official-063,치자추출물,치자추출물,9,,unknown,unmatched
seed_additional_100_ko_official-063,잇꽃꽃추출물,잇꽃꽃추출물,10,,unknown,unmatched
seed_additional_100_ko_official-063,"1,2-헥산다이올","1,2-헥산다이올",11,,unknown,unmatched
seed_additional_100_ko_official-063,녹두추출물(10ppm),녹두추출물,12,10ppm,known,unmatched
seed_additional_100_ko_official-063,녹두싹추출물(10ppm),녹두싹추출물,13,10ppm,known,unmatched
seed_additional_100_ko_official-063,녹두씨추출물(10ppm),녹두씨추출물,14,10ppm,known,unmatched
seed_additional_100_ko_official-063,녹두전초추출물(10ppm),녹두전초추출물,15,10ppm,known,unmatched
seed_additional_100_ko_official-063,판테놀,판테놀,16,,unknown,unmatched
seed_additional_100_ko_official-063,알란토인,알란토인,17,,unknown,unmatched
seed_additional_100_ko_official-064,에틸헥실팔미테이트,에틸헥실팔미테이트,1,,unknown,unmatched
seed_additional_100_ko_official-064,해바라기씨오일,해바라기씨오일,2,,unknown,unmatched
seed_additional_100_ko_official-064,폴리글리세릴-10다이아이소스테아레이트,폴리글리세릴-10다이아이소스테아레이트,3,,unknown,unmatched
seed_additional_100_ko_official-064,폴리글리세릴-6다이카프레이트,폴리글리세릴-6다이카프레이트,4,,unknown,unmatched
seed_additional_100_ko_official-064,폴리에틸렌,폴리에틸렌,5,,unknown,unmatched
seed_additional_100_ko_official-064,세테아릴알코올,세테아릴알코올,6,,unknown,unmatched
seed_additional_100_ko_official-064,다이프로필렌글라이콜,다이프로필렌글라이콜,7,,unknown,unmatched
seed_additional_100_ko_official-064,티타늄디옥사이드,티타늄디옥사이드,8,,unknown,unmatched
seed_additional_100_ko_official-064,카프릴릭/카프릭트라이글리세라이드,카프릴릭/카프릭트라이글리세라이드,9,,unknown,unmatched
seed_additional_100_ko_official-064,녹두추출물,녹두추출물,10,,unknown,unmatched
seed_additional_100_ko_official-064,녹차씨오일,녹차씨오일,11,,unknown,unmatched
seed_additional_100_ko_official-064,인도멀구슬나무잎추출물,인도멀구슬나무잎추출물,12,,unknown,unmatched
seed_additional_100_ko_official-064,알루미늄하이드록사이드,알루미늄하이드록사이드,13,,unknown,unmatched
seed_additional_100_ko_official-064,카프릴로일살리실릭애씨드,카프릴로일살리실릭애씨드,14,,unknown,unmatched
seed_additional_100_ko_official-064,비타민나무열매오일,비타민나무열매오일,15,,unknown,unmatched
seed_additional_100_ko_official-064,인도멀구슬나무꽃추출물,인도멀구슬나무꽃추출물,16,,unknown,unmatched
seed_additional_100_ko_official-064,아이비고드열매추출물,아이비고드열매추출물,17,,unknown,unmatched
seed_additional_100_ko_official-064,정제수,정제수,18,,unknown,unmatched
seed_additional_100_ko_official-064,가지열매추출물,가지열매추출물,19,,unknown,unmatched
seed_additional_100_ko_official-064,호박가루,호박가루,20,,unknown,unmatched
seed_additional_100_ko_official-064,세라마이드엔피,세라마이드엔피,21,,unknown,unmatched
seed_additional_100_ko_official-064,글루코노락톤,글루코노락톤,22,,unknown,unmatched
seed_additional_100_ko_official-064,울금뿌리추출물,울금뿌리추출물,23,,unknown,unmatched
seed_additional_100_ko_official-064,홀리바질잎추출물,홀리바질잎추출물,24,,unknown,unmatched
seed_additional_100_ko_official-064,글리세린,글리세린,25,,unknown,unmatched
seed_additional_100_ko_official-064,참산호말추출물,참산호말추출물,26,,unknown,unmatched
seed_additional_100_ko_official-064,드럼스틱씨오일,드럼스틱씨오일,27,,unknown,unmatched
seed_additional_100_ko_official-064,부틸렌글라이콜,부틸렌글라이콜,28,,unknown,unmatched
seed_additional_100_ko_official-064,"1,2-헥산다이올","1,2-헥산다이올",29,,unknown,unmatched
seed_additional_100_ko_official-064,락토바실러스/소이밀크발효여과물,락토바실러스/소이밀크발효여과물,30,,unknown,unmatched
seed_additional_100_ko_official-064,하이드로제네이티드레시틴,하이드로제네이티드레시틴,31,,unknown,unmatched
seed_additional_100_ko_official-064,아시아티코사이드,아시아티코사이드,32,,unknown,unmatched
seed_additional_100_ko_official-064,마데카식애씨드,마데카식애씨드,33,,unknown,unmatched
seed_additional_100_ko_official-064,아시아틱애씨드,아시아틱애씨드,34,,unknown,unmatched
seed_additional_100_ko_official-064,콜레스테롤,콜레스테롤,35,,unknown,unmatched
seed_additional_100_ko_official-065,정제수,정제수,1,,unknown,unmatched
seed_additional_100_ko_official-065,다이부틸아디페이트,다이부틸아디페이트,2,,unknown,unmatched
seed_additional_100_ko_official-065,프로판다이올,프로판다이올,3,,unknown,unmatched
seed_additional_100_ko_official-065,부틸옥틸살리실레이트,부틸옥틸살리실레이트,4,,unknown,unmatched
seed_additional_100_ko_official-065,에칠헥실트리아존,에칠헥실트리아존,5,,unknown,unmatched
seed_additional_100_ko_official-065,나이아신아마이드,나이아신아마이드,6,,unknown,unmatched
seed_additional_100_ko_official-065,드로메트리졸트리실록산,드로메트리졸트리실록산,7,,unknown,unmatched
seed_additional_100_ko_official-065,카프릴릴메티콘,카프릴릴메티콘,8,,unknown,unmatched
seed_additional_100_ko_official-065,테레프탈릴리덴디캠퍼설포닉애씨드,테레프탈릴리덴디캠퍼설포닉애씨드,9,,unknown,unmatched
seed_additional_100_ko_official-065,폴리글리세릴-3다이스테아레이트,폴리글리세릴-3다이스테아레이트,10,,unknown,unmatched
seed_additional_100_ko_official-065,"1,2-헥산다이올","1,2-헥산다이올",11,,unknown,unmatched
seed_additional_100_ko_official-065,디에칠아미노하이드록시벤조일헥실벤조에이트,디에칠아미노하이드록시벤조일헥실벤조에이트,12,,unknown,unmatched
seed_additional_100_ko_official-065,트로메타민,트로메타민,13,,unknown,unmatched
seed_additional_100_ko_official-065,펜틸렌글라이콜,펜틸렌글라이콜,14,,unknown,unmatched
seed_additional_100_ko_official-065,세테아릴알코올,세테아릴알코올,15,,unknown,unmatched
seed_additional_100_ko_official-065,폴리메틸실세스퀴옥세인,폴리메틸실세스퀴옥세인,16,,unknown,unmatched
seed_additional_100_ko_official-065,녹두씨추출물,녹두씨추출물,17,,unknown,unmatched
seed_additional_100_ko_official-065,녹두추출물,녹두추출물,18,,unknown,unmatched
seed_additional_100_ko_official-065,다시마추출물,다시마추출물,19,,unknown,unmatched
seed_additional_100_ko_official-065,당느릅나무뿌리추출물,당느릅나무뿌리추출물,20,,unknown,unmatched
seed_additional_100_ko_official-065,알로에베라잎추출물,알로에베라잎추출물,21,,unknown,unmatched
seed_additional_100_ko_official-065,제비꽃꽃추출물,제비꽃꽃추출물,22,,unknown,unmatched
seed_additional_100_ko_official-065,참마뿌리추출물,참마뿌리추출물,23,,unknown,unmatched
seed_additional_100_ko_official-065,녹두싹추출물,녹두싹추출물,24,,unknown,unmatched
seed_additional_100_ko_official-065,비스-에칠헥실옥시페놀메톡시페닐트리아진,비스-에칠헥실옥시페놀메톡시페닐트리아진,25,,unknown,unmatched
seed_additional_100_ko_official-065,글리세릴스테아레이트,글리세릴스테아레이트,26,,unknown,unmatched
seed_additional_100_ko_official-065,포타슘세틸포스페이트,포타슘세틸포스페이트,27,,unknown,unmatched
seed_additional_100_ko_official-065,폴리C10-30알킬아크릴레이트,폴리C10-30알킬아크릴레이트,28,,unknown,unmatched
seed_additional_100_ko_official-065,메틸프로판다이올,메틸프로판다이올,29,,unknown,unmatched
seed_additional_100_ko_official-065,메틸다이아이소프로필프로피온아마이드,메틸다이아이소프로필프로피온아마이드,30,,unknown,unmatched
seed_additional_100_ko_official-065,카보머,카보머,31,,unknown,unmatched
seed_additional_100_ko_official-065,폴리글리세릴-3메틸글루코오스다이스테아레이트,폴리글리세릴-3메틸글루코오스다이스테아레이트,32,,unknown,unmatched
seed_additional_100_ko_official-065,에틸헥실글리세린,에틸헥실글리세린,33,,unknown,unmatched
seed_additional_100_ko_official-065,글리세릴스테아레이트시트레이트,글리세릴스테아레이트시트레이트,34,,unknown,unmatched
seed_additional_100_ko_official-065,암모늄아크릴로일다이메틸타우레이트/브이피코폴리머,암모늄아크릴로일다이메틸타우레이트/브이피코폴리머,35,,unknown,unmatched
seed_additional_100_ko_official-065,아크릴레이트/C10-30알킬아크릴레이트크로스폴리머,아크릴레이트/C10-30알킬아크릴레이트크로스폴리머,36,,unknown,unmatched
seed_additional_100_ko_official-065,아데노신,아데노신,37,,unknown,unmatched
seed_additional_100_ko_official-065,폴리에터-1,폴리에터-1,38,,unknown,unmatched
seed_additional_100_ko_official-065,폴리글리세릴-3폴리다이메틸실록시에틸다이메티콘,폴리글리세릴-3폴리다이메틸실록시에틸다이메티콘,39,,unknown,unmatched
seed_additional_100_ko_official-065,프로필헵틸카프릴레이트,프로필헵틸카프릴레이트,40,,unknown,unmatched
seed_additional_100_ko_official-065,하이드롤라이즈드하이알루로닉애씨드,하이드롤라이즈드하이알루로닉애씨드,41,,unknown,unmatched
seed_additional_100_ko_official-065,트라이에톡시카프릴릴실레인,트라이에톡시카프릴릴실레인,42,,unknown,unmatched
seed_additional_100_ko_official-065,바이오사카라이드검-1,바이오사카라이드검-1,43,,unknown,unmatched
seed_additional_100_ko_official-065,부틸렌글라이콜,부틸렌글라이콜,44,,unknown,unmatched
seed_additional_100_ko_official-065,토코페롤,토코페롤,45,,unknown,unmatched
seed_additional_100_ko_official-065,글리세린,글리세린,46,,unknown,unmatched
seed_additional_100_ko_official-065,크로뮴옥사이드그린,크로뮴옥사이드그린,47,,unknown,unmatched
seed_additional_100_ko_official-066,정제수,정제수,1,,unknown,unmatched
seed_additional_100_ko_official-066,글리세린,글리세린,2,,unknown,unmatched
seed_additional_100_ko_official-066,부틸렌글라이콜,부틸렌글라이콜,3,,unknown,unmatched
seed_additional_100_ko_official-066,"1,2-헥산다이올","1,2-헥산다이올",4,,unknown,unmatched
seed_additional_100_ko_official-066,솔비톨,솔비톨,5,,unknown,unmatched
seed_additional_100_ko_official-066,하이드록시아세토페논,하이드록시아세토페논,6,,unknown,unmatched
seed_additional_100_ko_official-066,프로판다이올,프로판다이올,7,,unknown,unmatched
seed_additional_100_ko_official-066,글리세레스-25피씨에이아이소스테아레이트,글리세레스-25피씨에이아이소스테아레이트,8,,unknown,unmatched
seed_additional_100_ko_official-066,에틸헥실글리세린,에틸헥실글리세린,9,,unknown,unmatched
seed_additional_100_ko_official-066,소듐시트레이트,소듐시트레이트,10,,unknown,unmatched
seed_additional_100_ko_official-066,시트릭애씨드,시트릭애씨드,11,,unknown,unmatched
seed_additional_100_ko_official-066,다이소듐이디티에이,다이소듐이디티에이,12,,unknown,unmatched
seed_additional_100_ko_official-066,메틸다이아이소프로필프로피온아마이드,메틸다이아이소프로필프로피온아마이드,13,,unknown,unmatched
seed_additional_100_ko_official-066,녹두추출물(200ppm),녹두추출물,14,200ppm,known,unmatched
seed_additional_100_ko_official-066,잔탄검,잔탄검,15,,unknown,unmatched
seed_additional_100_ko_official-066,하이알루로닉애씨드,하이알루로닉애씨드,16,,unknown,unmatched
seed_additional_100_ko_official-066,하이드롤라이즈드하이알루로닉애씨드,하이드롤라이즈드하이알루로닉애씨드,17,,unknown,unmatched
seed_additional_100_ko_official-066,소듐하이알루로네이트,소듐하이알루로네이트,18,,unknown,unmatched
seed_additional_100_ko_official-066,카프릴로일살리실릭애씨드(10ppm),카프릴로일살리실릭애씨드,19,10ppm,known,unmatched
seed_additional_100_ko_official-066,글루코노락톤,글루코노락톤,20,,unknown,unmatched
seed_additional_100_ko_official-066,녹두씨추출물(5ppm),녹두씨추출물,21,5ppm,known,unmatched
seed_additional_100_ko_official-066,글루코오스,글루코오스,22,,unknown,unmatched
seed_additional_100_ko_official-066,사과추출물,사과추출물,23,,unknown,unmatched
seed_additional_100_ko_official-066,밤껍질추출물,밤껍질추출물,24,,unknown,unmatched
seed_additional_100_ko_official-066,감나무잎추출물,감나무잎추출물,25,,unknown,unmatched
seed_additional_100_ko_official-066,파파인,파파인,26,,unknown,unmatched
seed_additional_100_ko_official-066,유채싹추출물,유채싹추출물,27,,unknown,unmatched
seed_additional_100_ko_official-066,브루셀스프라우트추출물,브루셀스프라우트추출물,28,,unknown,unmatched
seed_additional_100_ko_official-066,해바라기싹추출물,해바라기싹추출물,29,,unknown,unmatched
seed_additional_100_ko_official-066,녹두싹추출물(0.1ppm),녹두싹추출물,30,0.1ppm,known,unmatched
seed_additional_100_ko_official-066,밀싹추출물,밀싹추출물,31,,unknown,unmatched
seed_additional_100_ko_official-066,아세틸헥사펩타이드-8,아세틸헥사펩타이드-8,32,,unknown,unmatched
seed_additional_100_ko_official-066,카퍼트라이펩타이드-1,카퍼트라이펩타이드-1,33,,unknown,unmatched
seed_additional_100_ko_official-066,다이펩타이드다이아미노부티로일벤질아마이드다이아세테이트,다이펩타이드다이아미노부티로일벤질아마이드다이아세테이트,34,,unknown,unmatched
seed_additional_100_ko_official-066,헥사펩타이드-9,헥사펩타이드-9,35,,unknown,unmatched
seed_additional_100_ko_official-066,노나펩타이드-1,노나펩타이드-1,36,,unknown,unmatched
seed_additional_100_ko_official-066,팔미토일헥사펩타이드-12,팔미토일헥사펩타이드-12,37,,unknown,unmatched
seed_additional_100_ko_official-066,팔미토일펜타펩타이드-4,팔미토일펜타펩타이드-4,38,,unknown,unmatched
seed_additional_100_ko_official-066,팔미토일테트라펩타이드-7,팔미토일테트라펩타이드-7,39,,unknown,unmatched
seed_additional_100_ko_official-066,팔미토일트라이펩타이드-1,팔미토일트라이펩타이드-1,40,,unknown,unmatched
seed_additional_100_ko_official-066,팔미토일트라이펩타이드-5,팔미토일트라이펩타이드-5,41,,unknown,unmatched
seed_additional_100_ko_official-066,펜타펩타이드-3,펜타펩타이드-3,42,,unknown,unmatched
seed_additional_100_ko_official-066,트라이펩타이드-1,트라이펩타이드-1,43,,unknown,unmatched
seed_additional_100_ko_official-067,정제수,정제수,1,,unknown,unmatched
seed_additional_100_ko_official-067,부틸렌글라이콜,부틸렌글라이콜,2,,unknown,unmatched
seed_additional_100_ko_official-067,프로판다이올,프로판다이올,3,,unknown,unmatched
seed_additional_100_ko_official-067,나이아신아마이드,나이아신아마이드,4,,unknown,unmatched
seed_additional_100_ko_official-067,글리세린,글리세린,5,,unknown,unmatched
seed_additional_100_ko_official-067,메틸프로판다이올,메틸프로판다이올,6,,unknown,unmatched
seed_additional_100_ko_official-067,"1,2-헥산다이올","1,2-헥산다이올",7,,unknown,unmatched
seed_additional_100_ko_official-067,하이드록시아세토페논,하이드록시아세토페논,8,,unknown,unmatched
seed_additional_100_ko_official-067,에틸헥실글리세린,에틸헥실글리세린,9,,unknown,unmatched
seed_additional_100_ko_official-067,폴리글리세릴-10라우레이트,폴리글리세릴-10라우레이트,10,,unknown,unmatched
seed_additional_100_ko_official-067,아데노신,아데노신,11,,unknown,unmatched
seed_additional_100_ko_official-067,잔탄검,잔탄검,12,,unknown,unmatched
seed_additional_100_ko_official-067,글리세릴아크릴레이트/아크릴릭애씨드코폴리머,글리세릴아크릴레이트/아크릴릭애씨드코폴리머,13,,unknown,unmatched
seed_additional_100_ko_official-067,다이소듐이디티에이,다이소듐이디티에이,14,,unknown,unmatched
seed_additional_100_ko_official-067,락토바실러스발효물,락토바실러스발효물,15,,unknown,unmatched
seed_additional_100_ko_official-067,녹두씨추출물(100ppm),녹두씨추출물,16,100ppm,known,unmatched
seed_additional_100_ko_official-067,메틸다이아이소프로필프로피온아마이드,메틸다이아이소프로필프로피온아마이드,17,,unknown,unmatched
seed_additional_100_ko_official-067,글루코노락톤,글루코노락톤,18,,unknown,unmatched
seed_additional_100_ko_official-067,버지니아풍년화추출물,버지니아풍년화추출물,19,,unknown,unmatched
seed_additional_100_ko_official-067,녹두싹추출물(10ppm),녹두싹추출물,20,10ppm,known,unmatched
seed_additional_100_ko_official-067,녹두추출물(10ppm),녹두추출물,21,10ppm,known,unmatched
seed_additional_100_ko_official-067,흰목이버섯폴리사카라이드,흰목이버섯폴리사카라이드,22,,unknown,unmatched
seed_additional_100_ko_official-067,병풀잎추출물,병풀잎추출물,23,,unknown,unmatched
seed_additional_100_ko_official-067,카프릴로일살리실릭애씨드,카프릴로일살리실릭애씨드,24,,unknown,unmatched
seed_additional_100_ko_official-067,당호박추출물,당호박추출물,25,,unknown,unmatched
seed_additional_100_ko_official-067,망고스틴껍질추출물,망고스틴껍질추출물,26,,unknown,unmatched
seed_additional_100_ko_official-067,하이드로제네이티드레시틴,하이드로제네이티드레시틴,27,,unknown,unmatched
seed_additional_100_ko_official-067,팥추출물,팥추출물,28,,unknown,unmatched
seed_additional_100_ko_official-067,소듐하이알루로네이트,소듐하이알루로네이트,29,,unknown,unmatched
seed_additional_100_ko_official-067,달맞이꽃꽃추출물,달맞이꽃꽃추출물,30,,unknown,unmatched
seed_additional_100_ko_official-067,대왕소나무잎추출물,대왕소나무잎추출물,31,,unknown,unmatched
seed_additional_100_ko_official-067,칡뿌리추출물,칡뿌리추출물,32,,unknown,unmatched
seed_additional_100_ko_official-067,당느릅나무뿌리추출물,당느릅나무뿌리추출물,33,,unknown,unmatched
seed_additional_100_ko_official-067,하이알루로닉애씨드,하이알루로닉애씨드,34,,unknown,unmatched
seed_additional_100_ko_official-067,하이드롤라이즈드하이알루로닉애씨드,하이드롤라이즈드하이알루로닉애씨드,35,,unknown,unmatched
seed_additional_100_ko_official-067,하이드롤라이즈드소듐하이알루로네이트,하이드롤라이즈드소듐하이알루로네이트,36,,unknown,unmatched
seed_additional_100_ko_official-067,하이드록시프로필트라이모늄하이알루로네이트,하이드록시프로필트라이모늄하이알루로네이트,37,,unknown,unmatched
seed_additional_100_ko_official-067,포타슘하이알루로네이트,포타슘하이알루로네이트,38,,unknown,unmatched
seed_additional_100_ko_official-067,소듐하이알루로네이트크로스폴리머,소듐하이알루로네이트크로스폴리머,39,,unknown,unmatched
seed_additional_100_ko_official-067,팔미토일펜타펩타이드-4,팔미토일펜타펩타이드-4,40,,unknown,unmatched
seed_additional_100_ko_official-067,아세틸헥사펩타이드-8,아세틸헥사펩타이드-8,41,,unknown,unmatched
seed_additional_100_ko_official-067,트라이펩타이드-1,트라이펩타이드-1,42,,unknown,unmatched
seed_additional_100_ko_official-067,풀러린,풀러린,43,,unknown,unmatched
seed_additional_100_ko_official-067,팔미토일트라이펩타이드-1,팔미토일트라이펩타이드-1,44,,unknown,unmatched
seed_additional_100_ko_official-067,카퍼트라이펩타이드-1,카퍼트라이펩타이드-1,45,,unknown,unmatched
seed_additional_100_ko_official-067,헥사펩타이드-9,헥사펩타이드-9,46,,unknown,unmatched
seed_additional_100_ko_official-067,소두구씨오일,소두구씨오일,47,,unknown,unmatched
seed_additional_100_ko_official-067,올리고펩타이드-1,올리고펩타이드-1,48,,unknown,unmatched
seed_additional_100_ko_official-067,올리고펩타이드-2,올리고펩타이드-2,49,,unknown,unmatched
seed_additional_100_ko_official-067,펜틸렌글라이콜,펜틸렌글라이콜,50,,unknown,unmatched
seed_additional_100_ko_official-067,소듐아세틸레이티드하이알루로네이트,소듐아세틸레이티드하이알루로네이트,51,,unknown,unmatched
seed_additional_100_ko_official-067,다이메틸실란올하이알루로네이트,다이메틸실란올하이알루로네이트,52,,unknown,unmatched
seed_additional_100_ko_official-067,소듐하이알루로네이트다이메틸실란올,소듐하이알루로네이트다이메틸실란올,53,,unknown,unmatched
seed_additional_100_ko_official-068,정제수,정제수,1,,unknown,unmatched
seed_additional_100_ko_official-068,글리세린,글리세린,2,,unknown,unmatched
seed_additional_100_ko_official-068,부틸렌글라이콜,부틸렌글라이콜,3,,unknown,unmatched
seed_additional_100_ko_official-068,다이프로필렌글라이콜,다이프로필렌글라이콜,4,,unknown,unmatched
seed_additional_100_ko_official-068,카프릴릭/카프릭트라이글리세라이드,카프릴릭/카프릭트라이글리세라이드,5,,unknown,unmatched
seed_additional_100_ko_official-068,나이아신아마이드,나이아신아마이드,6,,unknown,unmatched
seed_additional_100_ko_official-068,"1,2-헥산다이올","1,2-헥산다이올",7,,unknown,unmatched
seed_additional_100_ko_official-068,아이소도데케인,아이소도데케인,8,,unknown,unmatched
seed_additional_100_ko_official-068,암모늄아크릴로일다이메틸타우레이트/브이피코폴리머,암모늄아크릴로일다이메틸타우레이트/브이피코폴리머,9,,unknown,unmatched
seed_additional_100_ko_official-068,C12-14알케스-12,C12-14알케스-12,10,,unknown,unmatched
seed_additional_100_ko_official-068,세테아릴알코올,세테아릴알코올,11,,unknown,unmatched
seed_additional_100_ko_official-068,카보머,카보머,12,,unknown,unmatched
seed_additional_100_ko_official-068,세테아릴올리베이트,세테아릴올리베이트,13,,unknown,unmatched
seed_additional_100_ko_official-068,트로메타민,트로메타민,14,,unknown,unmatched
seed_additional_100_ko_official-068,솔비탄올리베이트,솔비탄올리베이트,15,,unknown,unmatched
seed_additional_100_ko_official-068,에틸헥실글리세린,에틸헥실글리세린,16,,unknown,unmatched
seed_additional_100_ko_official-068,메틸다이아이소프로필프로피온아마이드,메틸다이아이소프로필프로피온아마이드,17,,unknown,unmatched
seed_additional_100_ko_official-068,아데노신,아데노신,18,,unknown,unmatched
seed_additional_100_ko_official-068,다이소듐이디티에이,다이소듐이디티에이,19,,unknown,unmatched
seed_additional_100_ko_official-068,치자추출물,치자추출물,20,,unknown,unmatched
seed_additional_100_ko_official-068,소듐폴리아크릴레이트,소듐폴리아크릴레이트,21,,unknown,unmatched
seed_additional_100_ko_official-068,황련추출물,황련추출물,22,,unknown,unmatched
seed_additional_100_ko_official-068,알란토인,알란토인,23,,unknown,unmatched
seed_additional_100_ko_official-068,C18-21알케인,C18-21알케인,24,,unknown,unmatched
seed_additional_100_ko_official-068,폴리글리세릴-10올리에이트,폴리글리세릴-10올리에이트,25,,unknown,unmatched
seed_additional_100_ko_official-068,녹두씨추출물(10ppm),녹두씨추출물,26,10ppm,known,unmatched
seed_additional_100_ko_official-068,녹두추출물(10ppm),녹두추출물,27,10ppm,known,unmatched
seed_additional_100_ko_official-068,녹두싹추출물(10ppm),녹두싹추출물,28,10ppm,known,unmatched
seed_additional_100_ko_official-068,녹두전초추출물(10ppm),녹두전초추출물,29,10ppm,known,unmatched
seed_additional_100_ko_official-068,다이포타슘글리시리제이트,다이포타슘글리시리제이트,30,,unknown,unmatched
seed_additional_100_ko_official-068,사과수,사과수,31,,unknown,unmatched
seed_additional_100_ko_official-068,프로판다이올,프로판다이올,32,,unknown,unmatched
seed_additional_100_ko_official-068,카프릴릴글라이콜,카프릴릴글라이콜,33,,unknown,unmatched
seed_additional_100_ko_official-068,백미꽃추출물,백미꽃추출물,34,,unknown,unmatched
seed_additional_100_ko_official-068,소듐하이알루로네이트,소듐하이알루로네이트,35,,unknown,unmatched
seed_additional_100_ko_official-068,팔미토일트라이펩타이드-5,팔미토일트라이펩타이드-5,36,,unknown,unmatched
seed_additional_100_ko_official-068,아세틸헥사펩타이드-1,아세틸헥사펩타이드-1,37,,unknown,unmatched
seed_additional_100_ko_official-068,하이드록시신나믹애씨드,하이드록시신나믹애씨드,38,,unknown,unmatched
seed_additional_100_ko_official-068,소듐하이알루로네이트크로스폴리머,소듐하이알루로네이트크로스폴리머,39,,unknown,unmatched
seed_additional_100_ko_official-068,루틴,루틴,40,,unknown,unmatched
seed_additional_100_ko_official-068,포타슘하이알루로네이트,포타슘하이알루로네이트,41,,unknown,unmatched
seed_additional_100_ko_official-068,하이드록시프로필트라이모늄하이알루로네이트,하이드록시프로필트라이모늄하이알루로네이트,42,,unknown,unmatched
seed_additional_100_ko_official-068,하이드롤라이즈드소듐하이알루로네이트,하이드롤라이즈드소듐하이알루로네이트,43,,unknown,unmatched
seed_additional_100_ko_official-068,하이드롤라이즈드하이알루로닉애씨드,하이드롤라이즈드하이알루로닉애씨드,44,,unknown,unmatched
seed_additional_100_ko_official-068,하이알루로닉애씨드,하이알루로닉애씨드,45,,unknown,unmatched
seed_additional_100_ko_official-068,다이메틸실란올하이알루로네이트,다이메틸실란올하이알루로네이트,46,,unknown,unmatched
seed_additional_100_ko_official-068,소듐아세틸레이티드하이알루로네이트,소듐아세틸레이티드하이알루로네이트,47,,unknown,unmatched
seed_additional_100_ko_official-069,정제수,정제수,1,,unknown,unmatched
seed_additional_100_ko_official-069,글리세린,글리세린,2,,unknown,unmatched
seed_additional_100_ko_official-069,다이프로필렌글라이콜,다이프로필렌글라이콜,3,,unknown,unmatched
seed_additional_100_ko_official-069,나이아신아마이드,나이아신아마이드,4,,unknown,unmatched
seed_additional_100_ko_official-069,자일리톨,자일리톨,5,,unknown,unmatched
seed_additional_100_ko_official-069,"1,2-헥산다이올","1,2-헥산다이올",6,,unknown,unmatched
seed_additional_100_ko_official-069,부틸렌글라이콜,부틸렌글라이콜,7,,unknown,unmatched
seed_additional_100_ko_official-069,하이드록시아세토페논,하이드록시아세토페논,8,,unknown,unmatched
seed_additional_100_ko_official-069,아크릴레이트/C10-30알킬아크릴레이트크로스폴리머,아크릴레이트/C10-30알킬아크릴레이트크로스폴리머,9,,unknown,unmatched
seed_additional_100_ko_official-069,녹두추출물,녹두추출물,10,,unknown,unmatched
seed_additional_100_ko_official-069,트로메타민,트로메타민,11,,unknown,unmatched
seed_additional_100_ko_official-069,에틸헥실글리세린,에틸헥실글리세린,12,,unknown,unmatched
seed_additional_100_ko_official-069,하이드롤라이즈드치자추출물,하이드롤라이즈드치자추출물,13,,unknown,unmatched
seed_additional_100_ko_official-069,하이드롤라이즈드맥아추출물,하이드롤라이즈드맥아추출물,14,,unknown,unmatched
seed_additional_100_ko_official-069,하이드롤라이즈드삼색제비꽃추출물,하이드롤라이즈드삼색제비꽃추출물,15,,unknown,unmatched
seed_additional_100_ko_official-069,멘톡시프로판다이올,멘톡시프로판다이올,16,,unknown,unmatched
seed_additional_100_ko_official-069,아데노신,아데노신,17,,unknown,unmatched
seed_additional_100_ko_official-069,트라이소듐에틸렌다이아민다이석시네이트,트라이소듐에틸렌다이아민다이석시네이트,18,,unknown,unmatched
seed_additional_100_ko_official-069,펜틸렌글라이콜,펜틸렌글라이콜,19,,unknown,unmatched
seed_additional_100_ko_official-069,글리세릴글루코사이드,글리세릴글루코사이드,20,,unknown,unmatched
seed_additional_100_ko_official-069,석류나무꽃추출물,석류나무꽃추출물,21,,unknown,unmatched
seed_additional_100_ko_official-069,덱스트린,덱스트린,22,,unknown,unmatched
seed_additional_100_ko_official-069,하이알루로닉애씨드,하이알루로닉애씨드,23,,unknown,unmatched
seed_additional_100_ko_official-069,치자추출물,치자추출물,24,,unknown,unmatched
seed_additional_100_ko_official-069,녹두씨추출물,녹두씨추출물,25,,unknown,unmatched
seed_additional_100_ko_official-069,얼룩파인애플추출물,얼룩파인애플추출물,26,,unknown,unmatched
seed_additional_100_ko_official-069,사과추출물,사과추출물,27,,unknown,unmatched
seed_additional_100_ko_official-069,복숭아추출물,복숭아추출물,28,,unknown,unmatched
seed_additional_100_ko_official-069,로우스위트블루베리추출물,로우스위트블루베리추출물,29,,unknown,unmatched
seed_additional_100_ko_official-069,글라이코젠,글라이코젠,30,,unknown,unmatched
seed_additional_100_ko_official-069,아세틸헥사펩타이드-8,아세틸헥사펩타이드-8,31,,unknown,unmatched
seed_additional_100_ko_official-070,정제수,정제수,1,,unknown,unmatched
seed_additional_100_ko_official-070,글리세린,글리세린,2,,unknown,unmatched
seed_additional_100_ko_official-070,카올린,카올린,3,,unknown,unmatched
seed_additional_100_ko_official-070,벤토나이트,벤토나이트,4,,unknown,unmatched
seed_additional_100_ko_official-070,다이글리세린,다이글리세린,5,,unknown,unmatched
seed_additional_100_ko_official-070,옥수수전분,옥수수전분,6,,unknown,unmatched
seed_additional_100_ko_official-070,프로판다이올,프로판다이올,7,,unknown,unmatched
seed_additional_100_ko_official-070,"1,2-헥산다이올","1,2-헥산다이올",8,,unknown,unmatched
seed_additional_100_ko_official-070,글리세릴글루코사이드,글리세릴글루코사이드,9,,unknown,unmatched
seed_additional_100_ko_official-070,베타인,베타인,10,,unknown,unmatched
seed_additional_100_ko_official-070,다이프로필렌글라이콜,다이프로필렌글라이콜,11,,unknown,unmatched
seed_additional_100_ko_official-070,"녹두가루(6,099ppm)",녹두가루,12,"6,099ppm",known,unmatched
seed_additional_100_ko_official-070,칼라민,칼라민,13,,unknown,unmatched
seed_additional_100_ko_official-070,포타슘세틸포스페이트,포타슘세틸포스페이트,14,,unknown,unmatched
seed_additional_100_ko_official-070,부틸렌글라이콜,부틸렌글라이콜,15,,unknown,unmatched
seed_additional_100_ko_official-070,하이드록시아세토페논,하이드록시아세토페논,16,,unknown,unmatched
seed_additional_100_ko_official-070,잔탄검,잔탄검,17,,unknown,unmatched
seed_additional_100_ko_official-070,코코넛야자껍질가루,코코넛야자껍질가루,18,,unknown,unmatched
seed_additional_100_ko_official-070,"녹두추출물(1,100ppm)",녹두추출물,19,"1,100ppm",known,unmatched
seed_additional_100_ko_official-070,나이아신아마이드,나이아신아마이드,20,,unknown,unmatched
seed_additional_100_ko_official-070,에틸헥실글리세린,에틸헥실글리세린,21,,unknown,unmatched
seed_additional_100_ko_official-070,소듐아크릴레이트/소듐아크릴로일다이메틸타우레이트코폴리머,소듐아크릴레이트/소듐아크릴로일다이메틸타우레이트코폴리머,22,,unknown,unmatched
seed_additional_100_ko_official-070,클로렐라 불가리스가루,클로렐라 불가리스가루,23,,unknown,unmatched
seed_additional_100_ko_official-070,폴리아이소부텐,폴리아이소부텐,24,,unknown,unmatched
seed_additional_100_ko_official-070,글루코오스,글루코오스,25,,unknown,unmatched
seed_additional_100_ko_official-070,트라이에톡시카프릴릴실레인,트라이에톡시카프릴릴실레인,26,,unknown,unmatched
seed_additional_100_ko_official-070,다이소듐이디티에이,다이소듐이디티에이,27,,unknown,unmatched
seed_additional_100_ko_official-070,알란토인,알란토인,28,,unknown,unmatched
seed_additional_100_ko_official-070,시트릭애씨드,시트릭애씨드,29,,unknown,unmatched
seed_additional_100_ko_official-070,카프릴릴/카프릴글루코사이드,카프릴릴/카프릴글루코사이드,30,,unknown,unmatched
seed_additional_100_ko_official-070,솔비탄올리에이트,솔비탄올리에이트,31,,unknown,unmatched
seed_additional_100_ko_official-070,녹두씨추출물(10ppm),녹두씨추출물,32,10ppm,known,unmatched
seed_additional_100_ko_official-070,녹두전초추출물(10ppm),녹두전초추출물,33,10ppm,known,unmatched
seed_additional_100_ko_official-070,녹두싹추출물(5ppm),녹두싹추출물,34,5ppm,known,unmatched
seed_additional_100_ko_official-070,하이드롤라이즈드익스텐신,하이드롤라이즈드익스텐신,35,,unknown,unmatched
seed_additional_100_ko_official-070,토코페롤,토코페롤,36,,unknown,unmatched
seed_additional_100_ko_official-070,마니쿠아강클레이,마니쿠아강클레이,37,,unknown,unmatched
seed_additional_100_ko_official-070,캐나다콜로이달클레이,캐나다콜로이달클레이,38,,unknown,unmatched
seed_additional_100_ko_official-070,일라이트,일라이트,39,,unknown,unmatched
seed_additional_100_ko_official-070,몬모릴로나이트,몬모릴로나이트,40,,unknown,unmatched
seed_additional_100_ko_official-070,프로테아제,프로테아제,41,,unknown,unmatched
seed_additional_100_ko_official-070,올리브오일,올리브오일,42,,unknown,unmatched
seed_additional_100_ko_official-070,분비나무오일,분비나무오일,43,,unknown,unmatched
seed_additional_100_ko_official-070,로즈마리잎오일,로즈마리잎오일,44,,unknown,unmatched
seed_additional_100_ko_official-070,클레리오일,클레리오일,45,,unknown,unmatched
seed_additional_100_ko_official-070,캐모마일꽃오일,캐모마일꽃오일,46,,unknown,unmatched
seed_additional_100_ko_official-070,멕시칸주니퍼오일,멕시칸주니퍼오일,47,,unknown,unmatched
seed_additional_100_ko_official-070,마트리카리아꽃오일,마트리카리아꽃오일,48,,unknown,unmatched
seed_additional_100_ko_official-071,정제수,정제수,1,,unknown,unmatched
seed_additional_100_ko_official-071,글리세린,글리세린,2,,unknown,unmatched
seed_additional_100_ko_official-071,코튼가루,코튼가루,3,,unknown,unmatched
seed_additional_100_ko_official-071,카프릴릭/카프릭트라이글리세라이드,카프릴릭/카프릭트라이글리세라이드,4,,unknown,unmatched
seed_additional_100_ko_official-071,스테아트라이모늄메토설페이트,스테아트라이모늄메토설페이트,5,,unknown,unmatched
seed_additional_100_ko_official-071,"1,2-헥산다이올","1,2-헥산다이올",6,,unknown,unmatched
seed_additional_100_ko_official-071,폴리글리세릴-10라우레이트,폴리글리세릴-10라우레이트,7,,unknown,unmatched
seed_additional_100_ko_official-071,하이드로제네이티드폴리(C6-14올레핀),하이드로제네이티드폴리(C6-14올레핀),8,,unknown,unmatched
seed_additional_100_ko_official-071,다이프로필렌글라이콜,다이프로필렌글라이콜,9,,unknown,unmatched
seed_additional_100_ko_official-071,아크릴레이트/C10-30알킬아크릴레이트크로스폴리머,아크릴레이트/C10-30알킬아크릴레이트크로스폴리머,10,,unknown,unmatched
seed_additional_100_ko_official-071,"녹두추출물(4,011ppm)",녹두추출물,11,"4,011ppm",known,unmatched
seed_additional_100_ko_official-071,폴리글리세린-3,폴리글리세린-3,12,,unknown,unmatched
seed_additional_100_ko_official-071,메틸글루세스-20,메틸글루세스-20,13,,unknown,unmatched
seed_additional_100_ko_official-071,메틸글루세스-10,메틸글루세스-10,14,,unknown,unmatched
seed_additional_100_ko_official-071,글리세레스-26,글리세레스-26,15,,unknown,unmatched
seed_additional_100_ko_official-071,카보머,카보머,16,,unknown,unmatched
seed_additional_100_ko_official-071,부틸렌글라이콜,부틸렌글라이콜,17,,unknown,unmatched
seed_additional_100_ko_official-071,황련추출물,황련추출물,18,,unknown,unmatched
seed_additional_100_ko_official-071,프로판다이올,프로판다이올,19,,unknown,unmatched
seed_additional_100_ko_official-071,덱스트린,덱스트린,20,,unknown,unmatched
seed_additional_100_ko_official-071,다이소듐이디티에이,다이소듐이디티에이,21,,unknown,unmatched
seed_additional_100_ko_official-071,하이드롤라이즈드콩단백질,하이드롤라이즈드콩단백질,22,,unknown,unmatched
seed_additional_100_ko_official-071,소듐시트레이트,소듐시트레이트,23,,unknown,unmatched
seed_additional_100_ko_official-071,치자추출물,치자추출물,24,,unknown,unmatched
seed_additional_100_ko_official-071,에틸헥실글리세린,에틸헥실글리세린,25,,unknown,unmatched
seed_additional_100_ko_official-071,판테놀,판테놀,26,,unknown,unmatched
seed_additional_100_ko_official-071,하이드로제네이티드레시틴,하이드로제네이티드레시틴,27,,unknown,unmatched
seed_additional_100_ko_official-071,알란토인,알란토인,28,,unknown,unmatched
seed_additional_100_ko_official-071,트라이소듐포스페이트,트라이소듐포스페이트,29,,unknown,unmatched
seed_additional_100_ko_official-071,"락토바실러스/소이밀크발효여과물(1,000ppb)",락토바실러스/소이밀크발효여과물,30,"1,000ppb",known,unmatched
seed_additional_100_ko_official-071,돌콩추출물,돌콩추출물,31,,unknown,unmatched
seed_additional_100_ko_official-071,글루코노락톤,글루코노락톤,32,,unknown,unmatched
seed_additional_100_ko_official-071,잔탄검,잔탄검,33,,unknown,unmatched
seed_additional_100_ko_official-071,카프릴로일살리실릭애씨드,카프릴로일살리실릭애씨드,34,,unknown,unmatched
seed_additional_100_ko_official-071,소듐하이알루로네이트,소듐하이알루로네이트,35,,unknown,unmatched
seed_additional_100_ko_official-071,하이알루로닉애씨드,하이알루로닉애씨드,36,,unknown,unmatched
seed_additional_100_ko_official-072,정제수,정제수,1,,unknown,unmatched
seed_additional_100_ko_official-072,"1,2-헥산다이올","1,2-헥산다이올",2,,unknown,unmatched
seed_additional_100_ko_official-072,부틸렌글라이콜,부틸렌글라이콜,3,,unknown,unmatched
seed_additional_100_ko_official-072,소듐클로라이드,소듐클로라이드,4,,unknown,unmatched
seed_additional_100_ko_official-072,라우릴베타인,라우릴베타인,5,,unknown,unmatched
seed_additional_100_ko_official-072,소듐파이테이트,소듐파이테이트,6,,unknown,unmatched
seed_additional_100_ko_official-072,녹두추출물,녹두추출물,7,,unknown,unmatched
seed_additional_100_ko_official-072,알란토인,알란토인,8,,unknown,unmatched
seed_additional_100_ko_official-072,판테놀,판테놀,9,,unknown,unmatched
seed_additional_100_ko_official-072,모란뿌리추출물,모란뿌리추출물,10,,unknown,unmatched
seed_additional_100_ko_official-072,메틸다이아이소프로필프로피온아마이드,메틸다이아이소프로필프로피온아마이드,11,,unknown,unmatched
seed_additional_100_ko_official-072,글리세린,글리세린,12,,unknown,unmatched
seed_additional_100_ko_official-072,프로판다이올,프로판다이올,13,,unknown,unmatched
seed_additional_100_ko_official-072,포도씨오일,포도씨오일,14,,unknown,unmatched
seed_additional_100_ko_official-072,하이드로제네이티드레시틴,하이드로제네이티드레시틴,15,,unknown,unmatched
seed_additional_100_ko_official-072,벤질글라이콜,벤질글라이콜,16,,unknown,unmatched
seed_additional_100_ko_official-072,하이드롤라이즈드글라이코사미노글리칸,하이드롤라이즈드글라이코사미노글리칸,17,,unknown,unmatched
seed_additional_100_ko_official-072,소듐하이알루로네이트,소듐하이알루로네이트,18,,unknown,unmatched
seed_additional_100_ko_official-072,세라마이드엔피,세라마이드엔피,19,,unknown,unmatched
seed_additional_100_ko_official-072,세라마이드이오피,세라마이드이오피,20,,unknown,unmatched
seed_additional_100_ko_official-072,세라마이드엔에스,세라마이드엔에스,21,,unknown,unmatched
seed_additional_100_ko_official-072,세라마이드에이피,세라마이드에이피,22,,unknown,unmatched
seed_additional_100_ko_official-072,세라마이드에이에스,세라마이드에이에스,23,,unknown,unmatched
seed_additional_100_ko_official-072,소듐하이알루로네이트크로스폴리머,소듐하이알루로네이트크로스폴리머,24,,unknown,unmatched
seed_additional_100_ko_official-072,하이드롤라이즈드하이알루로닉애씨드,하이드롤라이즈드하이알루로닉애씨드,25,,unknown,unmatched
seed_additional_100_ko_official-072,에틸헥실글리세린,에틸헥실글리세린,26,,unknown,unmatched
seed_additional_100_ko_official-072,하이드록시프로필트라이모늄하이알루로네이트,하이드록시프로필트라이모늄하이알루로네이트,27,,unknown,unmatched
seed_additional_100_ko_official-072,하이알루로닉애씨드,하이알루로닉애씨드,28,,unknown,unmatched
seed_additional_100_ko_official-072,소듐아세틸레이티드하이알루로네이트,소듐아세틸레이티드하이알루로네이트,29,,unknown,unmatched
seed_additional_100_ko_official-073,정제수,정제수,1,,unknown,unmatched
seed_additional_100_ko_official-073,부틸렌글라이콜,부틸렌글라이콜,2,,unknown,unmatched
seed_additional_100_ko_official-073,프로판다이올,프로판다이올,3,,unknown,unmatched
seed_additional_100_ko_official-073,글리세레스-26,글리세레스-26,4,,unknown,unmatched
seed_additional_100_ko_official-073,병풀추출물(3.5%),병풀추출물,5,3.5%,known,unmatched
seed_additional_100_ko_official-073,메틸프로판다이올,메틸프로판다이올,6,,unknown,unmatched
seed_additional_100_ko_official-073,글리세린,글리세린,7,,unknown,unmatched
seed_additional_100_ko_official-073,폴리글리세린-3,폴리글리세린-3,8,,unknown,unmatched
seed_additional_100_ko_official-073,사카라이드하이드롤리세이트,사카라이드하이드롤리세이트,9,,unknown,unmatched
seed_additional_100_ko_official-073,"1,2-헥산다이올","1,2-헥산다이올",10,,unknown,unmatched
seed_additional_100_ko_official-073,판테놀,판테놀,11,,unknown,unmatched
seed_additional_100_ko_official-073,자일리틸글루코사이드,자일리틸글루코사이드,12,,unknown,unmatched
seed_additional_100_ko_official-073,알란토인,알란토인,13,,unknown,unmatched
seed_additional_100_ko_official-073,트로메타민,트로메타민,14,,unknown,unmatched
seed_additional_100_ko_official-073,아크릴레이트/C10-30알킬아크릴레이트크로스폴리머,아크릴레이트/C10-30알킬아크릴레이트크로스폴리머,15,,unknown,unmatched
seed_additional_100_ko_official-073,글리세릴아크릴레이트/아크릴릭애씨드코폴리머,글리세릴아크릴레이트/아크릴릭애씨드코폴리머,16,,unknown,unmatched
seed_additional_100_ko_official-073,안하이드로자일리톨,안하이드로자일리톨,17,,unknown,unmatched
seed_additional_100_ko_official-073,자일리톨,자일리톨,18,,unknown,unmatched
seed_additional_100_ko_official-073,소듐폴리아크릴레이트,소듐폴리아크릴레이트,19,,unknown,unmatched
seed_additional_100_ko_official-073,글루코오스,글루코오스,20,,unknown,unmatched
seed_additional_100_ko_official-073,다이카프릴릴카보네이트,다이카프릴릴카보네이트,21,,unknown,unmatched
seed_additional_100_ko_official-073,펜틸렌글라이콜,펜틸렌글라이콜,22,,unknown,unmatched
seed_additional_100_ko_official-073,베타-글루칸,베타-글루칸,23,,unknown,unmatched
seed_additional_100_ko_official-073,소듐하이알루로네이트,소듐하이알루로네이트,24,,unknown,unmatched
seed_additional_100_ko_official-073,베타-시토스테롤,베타-시토스테롤,25,,unknown,unmatched
seed_additional_100_ko_official-073,마데카소사이드,마데카소사이드,26,,unknown,unmatched
seed_additional_100_ko_official-073,카프릴로일살리실릭애씨드,카프릴로일살리실릭애씨드,27,,unknown,unmatched
seed_additional_100_ko_official-073,하이드로제네이티드레시틴,하이드로제네이티드레시틴,28,,unknown,unmatched
seed_additional_100_ko_official-073,백미꽃추출물,백미꽃추출물,29,,unknown,unmatched
seed_additional_100_ko_official-073,하이알루로닉애씨드,하이알루로닉애씨드,30,,unknown,unmatched
seed_additional_100_ko_official-073,마데카식애씨드,마데카식애씨드,31,,unknown,unmatched
seed_additional_100_ko_official-073,아시아티코사이드,아시아티코사이드,32,,unknown,unmatched
seed_additional_100_ko_official-073,아시아틱애씨드,아시아틱애씨드,33,,unknown,unmatched
seed_additional_100_ko_official-074,정제수,정제수,1,,unknown,unmatched
seed_additional_100_ko_official-074,부틸렌글라이콜,부틸렌글라이콜,2,,unknown,unmatched
seed_additional_100_ko_official-074,다이프로필렌글라이콜,다이프로필렌글라이콜,3,,unknown,unmatched
seed_additional_100_ko_official-074,글리세린,글리세린,4,,unknown,unmatched
seed_additional_100_ko_official-074,나이아신아마이드,나이아신아마이드,5,,unknown,unmatched
seed_additional_100_ko_official-074,"1,2-헥산다이올","1,2-헥산다이올",6,,unknown,unmatched
seed_additional_100_ko_official-074,소듐폴리아크릴레이트,소듐폴리아크릴레이트,7,,unknown,unmatched
seed_additional_100_ko_official-074,페닐트라이메티콘,페닐트라이메티콘,8,,unknown,unmatched
seed_additional_100_ko_official-074,병풀추출물(100ppm),병풀추출물,9,100ppm,known,unmatched
seed_additional_100_ko_official-074,소듐디엔에이(100ppm),소듐디엔에이,10,100ppm,known,unmatched
seed_additional_100_ko_official-074,비피다발효여과물,비피다발효여과물,11,,unknown,unmatched
seed_additional_100_ko_official-074,글리세릴아크릴레이트/아크릴릭애씨드코폴리머,글리세릴아크릴레이트/아크릴릭애씨드코폴리머,12,,unknown,unmatched
seed_additional_100_ko_official-074,피브이엠/엠에이코폴리머,피브이엠/엠에이코폴리머,13,,unknown,unmatched
seed_additional_100_ko_official-074,트라이데세스-10,트라이데세스-10,14,,unknown,unmatched
seed_additional_100_ko_official-074,마데카소사이드(15ppm),마데카소사이드,15,15ppm,known,unmatched
seed_additional_100_ko_official-074,알지닌,알지닌,16,,unknown,unmatched
seed_additional_100_ko_official-074,락토바실러스발효용해물,락토바실러스발효용해물,17,,unknown,unmatched
seed_additional_100_ko_official-074,아시아티코사이드(5ppm),아시아티코사이드,18,5ppm,known,unmatched
seed_additional_100_ko_official-074,쇠비름추출물,쇠비름추출물,19,,unknown,unmatched
seed_additional_100_ko_official-074,마데카식애씨드(2.5ppm),마데카식애씨드,20,2.5ppm,known,unmatched
seed_additional_100_ko_official-074,아시아틱애씨드(1.5ppm),아시아틱애씨드,21,1.5ppm,known,unmatched
seed_additional_100_ko_official-074,베타-글루칸,베타-글루칸,22,,unknown,unmatched
seed_additional_100_ko_official-074,하이드로제네이티드레시틴,하이드로제네이티드레시틴,23,,unknown,unmatched
seed_additional_100_ko_official-074,소듐하이알루로네이트,소듐하이알루로네이트,24,,unknown,unmatched
seed_additional_100_ko_official-074,밀싹추출물,밀싹추출물,25,,unknown,unmatched
seed_additional_100_ko_official-074,시어버터,시어버터,26,,unknown,unmatched
seed_additional_100_ko_official-074,올리브오일,올리브오일,27,,unknown,unmatched
seed_additional_100_ko_official-074,하이드록시프로필트라이모늄하이알루로네이트,하이드록시프로필트라이모늄하이알루로네이트,28,,unknown,unmatched
seed_additional_100_ko_official-074,칸디다 봄비콜라/글루코오스/메틸레이프씨데이트발효물,칸디다 봄비콜라/글루코오스/메틸레이프씨데이트발효물,29,,unknown,unmatched
seed_additional_100_ko_official-074,세라마이드엔피,세라마이드엔피,30,,unknown,unmatched
seed_additional_100_ko_official-074,글라이코리피드,글라이코리피드,31,,unknown,unmatched
seed_additional_100_ko_official-074,하이드롤라이즈드하이알루로닉애씨드,하이드롤라이즈드하이알루로닉애씨드,32,,unknown,unmatched
seed_additional_100_ko_official-074,소듐아세틸레이티드하이알루로네이트,소듐아세틸레이티드하이알루로네이트,33,,unknown,unmatched
seed_additional_100_ko_official-074,하이알루로닉애씨드,하이알루로닉애씨드,34,,unknown,unmatched
seed_additional_100_ko_official-074,소듐하이알루로네이트크로스폴리머,소듐하이알루로네이트크로스폴리머,35,,unknown,unmatched
seed_additional_100_ko_official-074,포타슘하이알루로네이트,포타슘하이알루로네이트,36,,unknown,unmatched
seed_additional_100_ko_official-074,하이드록시아세토페논,하이드록시아세토페논,37,,unknown,unmatched
seed_additional_100_ko_official-074,세테아릴올리베이트,세테아릴올리베이트,38,,unknown,unmatched
seed_additional_100_ko_official-074,솔비탄올리베이트,솔비탄올리베이트,39,,unknown,unmatched
seed_additional_100_ko_official-074,카프릴릴글라이콜,카프릴릴글라이콜,40,,unknown,unmatched
seed_additional_100_ko_official-074,에틸헥실글리세린,에틸헥실글리세린,41,,unknown,unmatched
seed_additional_100_ko_official-074,판테놀,판테놀,42,,unknown,unmatched
seed_additional_100_ko_official-074,아데노신,아데노신,43,,unknown,unmatched
seed_additional_100_ko_official-074,소듐폴리아크릴로일다이메틸타우레이트,소듐폴리아크릴로일다이메틸타우레이트,44,,unknown,unmatched
seed_additional_100_ko_official-074,시트릭애씨드,시트릭애씨드,45,,unknown,unmatched
seed_additional_100_ko_official-074,다이소듐이디티에이,다이소듐이디티에이,46,,unknown,unmatched
seed_additional_100_ko_official-074,맥아추출물,맥아추출물,47,,unknown,unmatched
seed_additional_100_ko_official-074,하이드로제네이티드폴리데센,하이드로제네이티드폴리데센,48,,unknown,unmatched
seed_additional_100_ko_official-075,정제수,정제수,1,,unknown,unmatched
seed_additional_100_ko_official-075,에칠헥실트리아존,에칠헥실트리아존,2,,unknown,unmatched
seed_additional_100_ko_official-075,다이부틸아디페이트,다이부틸아디페이트,3,,unknown,unmatched
seed_additional_100_ko_official-075,디에칠아미노하이드록시벤조일헥실벤조에이트,디에칠아미노하이드록시벤조일헥실벤조에이트,4,,unknown,unmatched
seed_additional_100_ko_official-075,부틸옥틸살리실레이트,부틸옥틸살리실레이트,5,,unknown,unmatched
seed_additional_100_ko_official-075,프로판다이올,프로판다이올,6,,unknown,unmatched
seed_additional_100_ko_official-075,비스-에칠헥실옥시페놀메톡시페닐트리아진,비스-에칠헥실옥시페놀메톡시페닐트리아진,7,,unknown,unmatched
seed_additional_100_ko_official-075,나이아신아마이드,나이아신아마이드,8,,unknown,unmatched
seed_additional_100_ko_official-075,티타늄디옥사이드 (CI 77891),티타늄디옥사이드 (CI 77891),9,,unknown,unmatched
seed_additional_100_ko_official-075,코코-카프릴레이트/카프레이트,코코-카프릴레이트/카프레이트,10,,unknown,unmatched
seed_additional_100_ko_official-075,"1,2-헥산다이올","1,2-헥산다이올",11,,unknown,unmatched
seed_additional_100_ko_official-075,폴리글리세릴-3메틸글루코오스다이스테아레이트,폴리글리세릴-3메틸글루코오스다이스테아레이트,12,,unknown,unmatched
seed_additional_100_ko_official-075,울트라마린,울트라마린,13,,unknown,unmatched
seed_additional_100_ko_official-075,트로메타민,트로메타민,14,,unknown,unmatched
seed_additional_100_ko_official-075,실리카,실리카,15,,unknown,unmatched
seed_additional_100_ko_official-075,폴리아크릴레이트크로스폴리머-6,폴리아크릴레이트크로스폴리머-6,16,,unknown,unmatched
seed_additional_100_ko_official-075,세테아릴알코올,세테아릴알코올,17,,unknown,unmatched
seed_additional_100_ko_official-075,카보머,카보머,18,,unknown,unmatched
seed_additional_100_ko_official-075,암모늄아크릴로일다이메틸타우레이트/브이피코폴리머,암모늄아크릴로일다이메틸타우레이트/브이피코폴리머,19,,unknown,unmatched
seed_additional_100_ko_official-075,아크릴레이트/C10-30알킬아크릴레이트크로스폴리머,아크릴레이트/C10-30알킬아크릴레이트크로스폴리머,20,,unknown,unmatched
seed_additional_100_ko_official-075,브이피/에이코신코폴리머,브이피/에이코신코폴리머,21,,unknown,unmatched
seed_additional_100_ko_official-075,에틸헥실글리세린,에틸헥실글리세린,22,,unknown,unmatched
seed_additional_100_ko_official-075,폴리글리세릴-6폴리하이드록시스테아레이트,폴리글리세릴-6폴리하이드록시스테아레이트,23,,unknown,unmatched
seed_additional_100_ko_official-075,폴리글리세릴-6폴리리시놀리에이트,폴리글리세릴-6폴리리시놀리에이트,24,,unknown,unmatched
seed_additional_100_ko_official-075,알루미늄하이드록사이드,알루미늄하이드록사이드,25,,unknown,unmatched
seed_additional_100_ko_official-075,카올린,카올린,26,,unknown,unmatched
seed_additional_100_ko_official-075,알란토인,알란토인,27,,unknown,unmatched
seed_additional_100_ko_official-075,트라이에톡시카프릴릴실레인,트라이에톡시카프릴릴실레인,28,,unknown,unmatched
seed_additional_100_ko_official-075,아데노신,아데노신,29,,unknown,unmatched
seed_additional_100_ko_official-075,소듐스테아로일글루타메이트,소듐스테아로일글루타메이트,30,,unknown,unmatched
seed_additional_100_ko_official-075,폴리글리세린-6,폴리글리세린-6,31,,unknown,unmatched
seed_additional_100_ko_official-075,사카라이드하이드롤리세이트,사카라이드하이드롤리세이트,32,,unknown,unmatched
seed_additional_100_ko_official-075,베타인,베타인,33,,unknown,unmatched
seed_additional_100_ko_official-075,당근추출물,당근추출물,34,,unknown,unmatched
seed_additional_100_ko_official-075,토코페롤,토코페롤,35,,unknown,unmatched
seed_additional_100_ko_official-075,녹차수,녹차수,36,,unknown,unmatched
seed_additional_100_ko_official-075,아스코빌팔미테이트,아스코빌팔미테이트,37,,unknown,unmatched
seed_additional_100_ko_official-076,정제수,정제수,1,,unknown,unmatched
seed_additional_100_ko_official-076,프로판다이올,프로판다이올,2,,unknown,unmatched
seed_additional_100_ko_official-076,글리세린,글리세린,3,,unknown,unmatched
seed_additional_100_ko_official-076,부틸렌글라이콜,부틸렌글라이콜,4,,unknown,unmatched
seed_additional_100_ko_official-076,병풀추출물(3.5%),병풀추출물,5,3.5%,known,unmatched
seed_additional_100_ko_official-076,펜타에리스리틸테트라아이소스테아레이트,펜타에리스리틸테트라아이소스테아레이트,6,,unknown,unmatched
seed_additional_100_ko_official-076,나이아신아마이드,나이아신아마이드,7,,unknown,unmatched
seed_additional_100_ko_official-076,코코-카프릴레이트/카프레이트,코코-카프릴레이트/카프레이트,8,,unknown,unmatched
seed_additional_100_ko_official-076,"1,2-헥산다이올","1,2-헥산다이올",9,,unknown,unmatched
seed_additional_100_ko_official-076,아이소노닐아이소노나노에이트,아이소노닐아이소노나노에이트,10,,unknown,unmatched
seed_additional_100_ko_official-076,암모늄아크릴로일다이메틸타우레이트/브이피코폴리머,암모늄아크릴로일다이메틸타우레이트/브이피코폴리머,11,,unknown,unmatched
seed_additional_100_ko_official-076,세테아릴올리베이트,세테아릴올리베이트,12,,unknown,unmatched
seed_additional_100_ko_official-076,솔비탄올리베이트,솔비탄올리베이트,13,,unknown,unmatched
seed_additional_100_ko_official-076,카보머,카보머,14,,unknown,unmatched
seed_additional_100_ko_official-076,트로메타민,트로메타민,15,,unknown,unmatched
seed_additional_100_ko_official-076,판테놀,판테놀,16,,unknown,unmatched
seed_additional_100_ko_official-076,에틸헥실글리세린,에틸헥실글리세린,17,,unknown,unmatched
seed_additional_100_ko_official-076,다이카프릴릴카보네이트,다이카프릴릴카보네이트,18,,unknown,unmatched
seed_additional_100_ko_official-076,알란토인,알란토인,19,,unknown,unmatched
seed_additional_100_ko_official-076,글리세릴아크릴레이트/아크릴릭애씨드코폴리머,글리세릴아크릴레이트/아크릴릭애씨드코폴리머,20,,unknown,unmatched
seed_additional_100_ko_official-076,아데노신,아데노신,21,,unknown,unmatched
seed_additional_100_ko_official-076,베타-시토스테롤,베타-시토스테롤,22,,unknown,unmatched
seed_additional_100_ko_official-076,글루코오스,글루코오스,23,,unknown,unmatched
seed_additional_100_ko_official-076,하이드로제네이티드레시틴,하이드로제네이티드레시틴,24,,unknown,unmatched
seed_additional_100_ko_official-076,펜틸렌글라이콜,펜틸렌글라이콜,25,,unknown,unmatched
seed_additional_100_ko_official-076,마데카소사이드,마데카소사이드,26,,unknown,unmatched
seed_additional_100_ko_official-076,백미꽃추출물,백미꽃추출물,27,,unknown,unmatched
seed_additional_100_ko_official-076,소듐하이알루로네이트,소듐하이알루로네이트,28,,unknown,unmatched
seed_additional_100_ko_official-076,마데카식애씨드,마데카식애씨드,29,,unknown,unmatched
seed_additional_100_ko_official-076,아시아티코사이드,아시아티코사이드,30,,unknown,unmatched
seed_additional_100_ko_official-076,아시아틱애씨드,아시아틱애씨드,31,,unknown,unmatched
seed_additional_100_ko_official-077,정제수,정제수,1,,unknown,unmatched
seed_additional_100_ko_official-077,프로판다이올,프로판다이올,2,,unknown,unmatched
seed_additional_100_ko_official-077,병풀추출물(2%),병풀추출물,3,2%,known,unmatched
seed_additional_100_ko_official-077,"1,2-헥산다이올","1,2-헥산다이올",4,,unknown,unmatched
seed_additional_100_ko_official-077,베타-시토스테롤,베타-시토스테롤,5,,unknown,unmatched
seed_additional_100_ko_official-078,정제수,정제수,1,,unknown,unmatched
seed_additional_100_ko_official-078,레몬즙,레몬즙,2,,unknown,unmatched
seed_additional_100_ko_official-078,부틸렌글라이콜,부틸렌글라이콜,3,,unknown,unmatched
seed_additional_100_ko_official-078,글리세린,글리세린,4,,unknown,unmatched
seed_additional_100_ko_official-078,나이아신아마이드,나이아신아마이드,5,,unknown,unmatched
seed_additional_100_ko_official-078,"1,2-헥산다이올","1,2-헥산다이올",6,,unknown,unmatched
seed_additional_100_ko_official-078,하이드록시아세토페논,하이드록시아세토페논,7,,unknown,unmatched
seed_additional_100_ko_official-078,프로판다이올,프로판다이올,8,,unknown,unmatched
seed_additional_100_ko_official-078,판테놀,판테놀,9,,unknown,unmatched
seed_additional_100_ko_official-078,폴리글리세릴-10라우레이트,폴리글리세릴-10라우레이트,10,,unknown,unmatched
seed_additional_100_ko_official-078,아데노신,아데노신,11,,unknown,unmatched
seed_additional_100_ko_official-078,잔탄검,잔탄검,12,,unknown,unmatched
seed_additional_100_ko_official-078,치자추출물,치자추출물,13,,unknown,unmatched
seed_additional_100_ko_official-078,소듐시트레이트,소듐시트레이트,14,,unknown,unmatched
seed_additional_100_ko_official-078,트라이소듐에틸렌다이아민다이석시네이트,트라이소듐에틸렌다이아민다이석시네이트,15,,unknown,unmatched
seed_additional_100_ko_official-078,시트릭애씨드,시트릭애씨드,16,,unknown,unmatched
seed_additional_100_ko_official-078,덱스트린,덱스트린,17,,unknown,unmatched
seed_additional_100_ko_official-078,맥아추출물,맥아추출물,18,,unknown,unmatched
seed_additional_100_ko_official-078,소듐하이알루로네이트,소듐하이알루로네이트,19,,unknown,unmatched
seed_additional_100_ko_official-078,편백잎추출물,편백잎추출물,20,,unknown,unmatched
seed_additional_100_ko_official-078,3-O-에틸아스코빅애씨드,3-O-에틸아스코빅애씨드,21,,unknown,unmatched
seed_additional_100_ko_official-078,글루코노락톤,글루코노락톤,22,,unknown,unmatched
seed_additional_100_ko_official-078,글루타티온,글루타티온,23,,unknown,unmatched
seed_additional_100_ko_official-078,황련추출물,황련추출물,24,,unknown,unmatched
seed_additional_100_ko_official-078,하이드롤라이즈드하이알루로닉애씨드,하이드롤라이즈드하이알루로닉애씨드,25,,unknown,unmatched
seed_additional_100_ko_official-078,카프릴로일살리실릭애씨드,카프릴로일살리실릭애씨드,26,,unknown,unmatched
seed_additional_100_ko_official-078,소듐아세틸레이티드하이알루로네이트,소듐아세틸레이티드하이알루로네이트,27,,unknown,unmatched
seed_additional_100_ko_official-079,정제수,정제수,1,,unknown,unmatched
seed_additional_100_ko_official-079,글리세린,글리세린,2,,unknown,unmatched
seed_additional_100_ko_official-079,부틸렌글라이콜,부틸렌글라이콜,3,,unknown,unmatched
seed_additional_100_ko_official-079,나이아신아마이드,나이아신아마이드,4,,unknown,unmatched
seed_additional_100_ko_official-079,레몬즙,레몬즙,5,,unknown,unmatched
seed_additional_100_ko_official-079,"1,2-헥산다이올","1,2-헥산다이올",6,,unknown,unmatched
seed_additional_100_ko_official-079,아미노부티릭애씨드,아미노부티릭애씨드,7,,unknown,unmatched
seed_additional_100_ko_official-079,하이드록시아세토페논,하이드록시아세토페논,8,,unknown,unmatched
seed_additional_100_ko_official-079,카보머,카보머,9,,unknown,unmatched
seed_additional_100_ko_official-079,판테놀,판테놀,10,,unknown,unmatched
seed_additional_100_ko_official-079,폴리글리세릴-10라우레이트,폴리글리세릴-10라우레이트,11,,unknown,unmatched
seed_additional_100_ko_official-079,프로판다이올,프로판다이올,12,,unknown,unmatched
seed_additional_100_ko_official-079,잔탄검,잔탄검,13,,unknown,unmatched
seed_additional_100_ko_official-079,알지닌,알지닌,14,,unknown,unmatched
seed_additional_100_ko_official-079,에틸헥실글리세린,에틸헥실글리세린,15,,unknown,unmatched
seed_additional_100_ko_official-079,아데노신,아데노신,16,,unknown,unmatched
seed_additional_100_ko_official-079,소듐파이테이트,소듐파이테이트,17,,unknown,unmatched
seed_additional_100_ko_official-079,치자추출물,치자추출물,18,,unknown,unmatched
seed_additional_100_ko_official-079,글루타티온,글루타티온,19,,unknown,unmatched
seed_additional_100_ko_official-079,덱스트린,덱스트린,20,,unknown,unmatched
seed_additional_100_ko_official-079,다이프로필렌글라이콜,다이프로필렌글라이콜,21,,unknown,unmatched
seed_additional_100_ko_official-079,글루코노락톤,글루코노락톤,22,,unknown,unmatched
seed_additional_100_ko_official-079,소듐하이알루로네이트,소듐하이알루로네이트,23,,unknown,unmatched
seed_additional_100_ko_official-079,카프릴로일살리실릭애씨드,카프릴로일살리실릭애씨드,24,,unknown,unmatched
seed_additional_100_ko_official-079,하이드롤라이즈드하이알루로닉애씨드,하이드롤라이즈드하이알루로닉애씨드,25,,unknown,unmatched
seed_additional_100_ko_official-079,3-O-에틸아스코빅애씨드,3-O-에틸아스코빅애씨드,26,,unknown,unmatched
seed_additional_100_ko_official-079,황련뿌리추출물,황련뿌리추출물,27,,unknown,unmatched
seed_additional_100_ko_official-079,소듐아세틸레이티드하이알루로네이트,소듐아세틸레이티드하이알루로네이트,28,,unknown,unmatched
seed_additional_100_ko_official-080,정제수,정제수,1,,unknown,unmatched
seed_additional_100_ko_official-080,글리세린,글리세린,2,,unknown,unmatched
seed_additional_100_ko_official-080,메틸글루세스-20,메틸글루세스-20,3,,unknown,unmatched
seed_additional_100_ko_official-080,폴리글리세린-3,폴리글리세린-3,4,,unknown,unmatched
seed_additional_100_ko_official-080,"1,2-헥산다이올","1,2-헥산다이올",5,,unknown,unmatched
seed_additional_100_ko_official-080,펜틸렌글라이콜,펜틸렌글라이콜,6,,unknown,unmatched
seed_additional_100_ko_official-080,"병풀추출물(8,428ppm)",병풀추출물,7,"8,428ppm",known,unmatched
seed_additional_100_ko_official-080,아크릴레이트/C10-30알킬아크릴레이트크로스폴리머,아크릴레이트/C10-30알킬아크릴레이트크로스폴리머,8,,unknown,unmatched
seed_additional_100_ko_official-080,트로메타민,트로메타민,9,,unknown,unmatched
seed_additional_100_ko_official-080,잔탄검,잔탄검,10,,unknown,unmatched
seed_additional_100_ko_official-080,부틸렌글라이콜,부틸렌글라이콜,11,,unknown,unmatched
seed_additional_100_ko_official-080,에틸헥실글리세린,에틸헥실글리세린,12,,unknown,unmatched
seed_additional_100_ko_official-080,소듐하이알루로네이트,소듐하이알루로네이트,13,,unknown,unmatched
seed_additional_100_ko_official-080,효모발효여과물,효모발효여과물,14,,unknown,unmatched
seed_additional_100_ko_official-080,페녹시에탄올,페녹시에탄올,15,,unknown,unmatched
seed_additional_100_ko_official-080,캐모마일꽃추출물,캐모마일꽃추출물,16,,unknown,unmatched
seed_additional_100_ko_official-080,락토바실러스/쌀발효물,락토바실러스/쌀발효물,17,,unknown,unmatched
seed_additional_100_ko_official-080,토코페롤,토코페롤,18,,unknown,unmatched
seed_additional_100_ko_official-081,글리세린,글리세린,1,,unknown,unmatched
seed_additional_100_ko_official-081,정제수,정제수,2,,unknown,unmatched
seed_additional_100_ko_official-081,소듐코코일이세티오네이트,소듐코코일이세티오네이트,3,,unknown,unmatched
seed_additional_100_ko_official-081,소듐C14-16올레핀설포네이트,소듐C14-16올레핀설포네이트,4,,unknown,unmatched
seed_additional_100_ko_official-081,코코넛애씨드,코코넛애씨드,5,,unknown,unmatched
seed_additional_100_ko_official-081,카올린,카올린,6,,unknown,unmatched
seed_additional_100_ko_official-081,소듐이세티오네이트,소듐이세티오네이트,7,,unknown,unmatched
seed_additional_100_ko_official-081,"팥가루(15,000ppm)",팥가루,8,"15,000ppm",known,unmatched
seed_additional_100_ko_official-081,하이드록시프로필스타치포스페이트,하이드록시프로필스타치포스페이트,9,,unknown,unmatched
seed_additional_100_ko_official-081,포타슘코코일글리시네이트,포타슘코코일글리시네이트,10,,unknown,unmatched
seed_additional_100_ko_official-081,세테아릴알코올,세테아릴알코올,11,,unknown,unmatched
seed_additional_100_ko_official-081,다이프로필렌글라이콜,다이프로필렌글라이콜,12,,unknown,unmatched
seed_additional_100_ko_official-081,덱스트린,덱스트린,13,,unknown,unmatched
seed_additional_100_ko_official-081,글리세릴스테아레이트,글리세릴스테아레이트,14,,unknown,unmatched
seed_additional_100_ko_official-081,치자추출물,치자추출물,15,,unknown,unmatched
seed_additional_100_ko_official-081,카카오추출물,카카오추출물,16,,unknown,unmatched
seed_additional_100_ko_official-081,하이드록시아세토페논,하이드록시아세토페논,17,,unknown,unmatched
seed_additional_100_ko_official-081,부틸렌글라이콜,부틸렌글라이콜,18,,unknown,unmatched
seed_additional_100_ko_official-081,카프릴릴글라이콜,카프릴릴글라이콜,19,,unknown,unmatched
seed_additional_100_ko_official-081,다이소듐이디티에이,다이소듐이디티에이,20,,unknown,unmatched
seed_additional_100_ko_official-081,잔탄검,잔탄검,21,,unknown,unmatched
seed_additional_100_ko_official-081,메틸다이아이소프로필프로피온아마이드,메틸다이아이소프로필프로피온아마이드,22,,unknown,unmatched
seed_additional_100_ko_official-081,팥추출물(300ppm),팥추출물,23,300ppm,known,unmatched
seed_additional_100_ko_official-081,석시닉애씨드,석시닉애씨드,24,,unknown,unmatched
seed_additional_100_ko_official-081,카페인,카페인,25,,unknown,unmatched
seed_additional_100_ko_official-081,알파-비사보롤,알파-비사보롤,26,,unknown,unmatched
seed_additional_100_ko_official-081,카프릴로일살리실릭애씨드,카프릴로일살리실릭애씨드,27,,unknown,unmatched
seed_additional_100_ko_official-081,다이포타슘글리시리제이트,다이포타슘글리시리제이트,28,,unknown,unmatched
seed_additional_100_ko_official-081,모란뿌리추출물,모란뿌리추출물,29,,unknown,unmatched
seed_additional_100_ko_official-081,아르니카 몬타나꽃추출물,아르니카 몬타나꽃추출물,30,,unknown,unmatched
seed_additional_100_ko_official-081,하이드롤라이즈드익스텐신(3ppm),하이드롤라이즈드익스텐신,31,3ppm,known,unmatched
seed_additional_100_ko_official-081,"1,2-헥산다이올","1,2-헥산다이올",32,,unknown,unmatched
seed_additional_100_ko_official-081,쇠뜨기추출물,쇠뜨기추출물,33,,unknown,unmatched
seed_additional_100_ko_official-081,석송추출물,석송추출물,34,,unknown,unmatched
seed_additional_100_ko_official-081,샤프란꽃추출물,샤프란꽃추출물,35,,unknown,unmatched
seed_additional_100_ko_official-081,소두구씨추출물,소두구씨추출물,36,,unknown,unmatched
seed_additional_100_ko_official-081,회향씨추출물,회향씨추출물,37,,unknown,unmatched
seed_additional_100_ko_official-081,고수추출물,고수추출물,38,,unknown,unmatched
seed_additional_100_ko_official-082,정제수,정제수,1,,unknown,unmatched
seed_additional_100_ko_official-082,부틸렌글라이콜,부틸렌글라이콜,2,,unknown,unmatched
seed_additional_100_ko_official-082,프로판다이올,프로판다이올,3,,unknown,unmatched
seed_additional_100_ko_official-082,다이프로필렌글라이콜,다이프로필렌글라이콜,4,,unknown,unmatched
seed_additional_100_ko_official-082,글리세린,글리세린,5,,unknown,unmatched
seed_additional_100_ko_official-082,글리세레스-26,글리세레스-26,6,,unknown,unmatched
seed_additional_100_ko_official-082,"1,2-헥산다이올","1,2-헥산다이올",7,,unknown,unmatched
seed_additional_100_ko_official-082,판테놀,판테놀,8,,unknown,unmatched
seed_additional_100_ko_official-082,트레할로오스,트레할로오스,9,,unknown,unmatched
seed_additional_100_ko_official-082,카보머,카보머,10,,unknown,unmatched
seed_additional_100_ko_official-082,알지닌,알지닌,11,,unknown,unmatched
seed_additional_100_ko_official-082,소듐하이알루로네이트(0.1%),소듐하이알루로네이트,12,0.1%,known,unmatched
seed_additional_100_ko_official-082,알란토인,알란토인,13,,unknown,unmatched
seed_additional_100_ko_official-082,폴리글리세릴-10라우레이트,폴리글리세릴-10라우레이트,14,,unknown,unmatched
seed_additional_100_ko_official-082,에틸헥실글리세린,에틸헥실글리세린,15,,unknown,unmatched
seed_additional_100_ko_official-082,다이포타슘글리시리제이트,다이포타슘글리시리제이트,16,,unknown,unmatched
seed_additional_100_ko_official-082,빙하수,빙하수,17,,unknown,unmatched
seed_additional_100_ko_official-082,소듐파이테이트,소듐파이테이트,18,,unknown,unmatched
seed_additional_100_ko_official-082,덱스트린,덱스트린,19,,unknown,unmatched
seed_additional_100_ko_official-082,베타인,베타인,20,,unknown,unmatched
seed_additional_100_ko_official-082,치자추출물,치자추출물,21,,unknown,unmatched
seed_additional_100_ko_official-082,멕시칸치아씨추출물,멕시칸치아씨추출물,22,,unknown,unmatched
seed_additional_100_ko_official-082,병풀추출물,병풀추출물,23,,unknown,unmatched
seed_additional_100_ko_official-082,약모밀추출물,약모밀추출물,24,,unknown,unmatched
seed_additional_100_ko_official-082,하이드롤라이즈드하이알루로닉애씨드(22.5ppm),하이드롤라이즈드하이알루로닉애씨드,25,22.5ppm,known,unmatched
seed_additional_100_ko_official-082,소듐하이알루로네이트크로스폴리머(21ppm),소듐하이알루로네이트크로스폴리머,26,21ppm,known,unmatched
seed_additional_100_ko_official-082,포타슘하이알루로네이트(21ppm),포타슘하이알루로네이트,27,21ppm,known,unmatched
seed_additional_100_ko_official-082,하이드록시프로필트라이모늄하이알루로네이트(21ppm),하이드록시프로필트라이모늄하이알루로네이트,28,21ppm,known,unmatched
seed_additional_100_ko_official-082,하이드롤라이즈드소듐하이알루로네이트(21ppm),하이드롤라이즈드소듐하이알루로네이트,29,21ppm,known,unmatched
seed_additional_100_ko_official-082,하이알루로닉애씨드(21ppm),하이알루로닉애씨드,30,21ppm,known,unmatched
seed_additional_100_ko_official-082,펜틸렌글라이콜,펜틸렌글라이콜,31,,unknown,unmatched
seed_additional_100_ko_official-082,카프릴릴글라이콜,카프릴릴글라이콜,32,,unknown,unmatched
seed_additional_100_ko_official-082,카프릴릭/카프릭트라이글리세라이드,카프릴릭/카프릭트라이글리세라이드,33,,unknown,unmatched
seed_additional_100_ko_official-082,스쿠알란,스쿠알란,34,,unknown,unmatched
seed_additional_100_ko_official-082,소듐아세틸레이티드하이알루로네이트(0.7ppm),소듐아세틸레이티드하이알루로네이트,35,0.7ppm,known,unmatched
seed_additional_100_ko_official-082,하이드로제네이티드레시틴,하이드로제네이티드레시틴,36,,unknown,unmatched
seed_additional_100_ko_official-082,폴리글리세릴-10미리스테이트,폴리글리세릴-10미리스테이트,37,,unknown,unmatched
seed_additional_100_ko_official-082,세라마이드엔피,세라마이드엔피,38,,unknown,unmatched
seed_additional_100_ko_official-082,수크로오스다이스테아레이트,수크로오스다이스테아레이트,39,,unknown,unmatched
seed_additional_100_ko_official-082,글라이신,글라이신,40,,unknown,unmatched
seed_additional_100_ko_official-082,라우릭애씨드,라우릭애씨드,41,,unknown,unmatched
seed_additional_100_ko_official-082,피토스테롤,피토스테롤,42,,unknown,unmatched
seed_additional_100_ko_official-082,글루타믹애씨드,글루타믹애씨드,43,,unknown,unmatched
seed_additional_100_ko_official-083,정제수,정제수,1,,unknown,unmatched
seed_additional_100_ko_official-083,다이프로필렌글라이콜,다이프로필렌글라이콜,2,,unknown,unmatched
seed_additional_100_ko_official-083,글리세린,글리세린,3,,unknown,unmatched
seed_additional_100_ko_official-083,나이아신아마이드,나이아신아마이드,4,,unknown,unmatched
seed_additional_100_ko_official-083,"1,2-헥산다이올","1,2-헥산다이올",5,,unknown,unmatched
seed_additional_100_ko_official-083,다이페닐다이메티콘,다이페닐다이메티콘,6,,unknown,unmatched
seed_additional_100_ko_official-083,트라이에틸헥사노인,트라이에틸헥사노인,7,,unknown,unmatched
seed_additional_100_ko_official-083,하이드록시에틸아크릴레이트/소듐아크릴로일다이메틸타우레이트코폴리머,하이드록시에틸아크릴레이트/소듐아크릴로일다이메틸타우레이트코폴리머,8,,unknown,unmatched
seed_additional_100_ko_official-083,암모늄아크릴로일다이메틸타우레이트/브이피코폴리머,암모늄아크릴로일다이메틸타우레이트/브이피코폴리머,9,,unknown,unmatched
seed_additional_100_ko_official-083,하이드로제네이티드레시틴,하이드로제네이티드레시틴,10,,unknown,unmatched
seed_additional_100_ko_official-083,폴리글리세릴-10올리에이트,폴리글리세릴-10올리에이트,11,,unknown,unmatched
seed_additional_100_ko_official-083,판테놀,판테놀,12,,unknown,unmatched
seed_additional_100_ko_official-083,알란토인,알란토인,13,,unknown,unmatched
seed_additional_100_ko_official-083,에틸헥실글리세린,에틸헥실글리세린,14,,unknown,unmatched
seed_additional_100_ko_official-083,소듐파이테이트,소듐파이테이트,15,,unknown,unmatched
seed_additional_100_ko_official-083,솔비탄아이소스테아레이트,솔비탄아이소스테아레이트,16,,unknown,unmatched
seed_additional_100_ko_official-083,시트릭애씨드,시트릭애씨드,17,,unknown,unmatched
seed_additional_100_ko_official-083,부틸렌글라이콜,부틸렌글라이콜,18,,unknown,unmatched
seed_additional_100_ko_official-083,베타-글루칸,베타-글루칸,19,,unknown,unmatched
seed_additional_100_ko_official-083,카프릴릭/카프릭트라이글리세라이드,카프릴릭/카프릭트라이글리세라이드,20,,unknown,unmatched
seed_additional_100_ko_official-083,락토바실러스/소이밀크발효여과물,락토바실러스/소이밀크발효여과물,21,,unknown,unmatched
seed_additional_100_ko_official-083,병풀추출물,병풀추출물,22,,unknown,unmatched
seed_additional_100_ko_official-083,소듐시트레이트,소듐시트레이트,23,,unknown,unmatched
seed_additional_100_ko_official-083,세라마이드엔피,세라마이드엔피,24,,unknown,unmatched
seed_additional_100_ko_official-083,하이드로제네이티드폴리데센,하이드로제네이티드폴리데센,25,,unknown,unmatched
seed_additional_100_ko_official-083,세라마이드에이피,세라마이드에이피,26,,unknown,unmatched
seed_additional_100_ko_official-083,세라마이드엔지,세라마이드엔지,27,,unknown,unmatched
seed_additional_100_ko_official-083,세테아릴알코올,세테아릴알코올,28,,unknown,unmatched
seed_additional_100_ko_official-083,스쿠알란,스쿠알란,29,,unknown,unmatched
seed_additional_100_ko_official-083,포스포리피드,포스포리피드,30,,unknown,unmatched
seed_additional_100_ko_official-083,콜레스테롤,콜레스테롤,31,,unknown,unmatched
seed_additional_100_ko_official-083,글리세릴스테아레이트,글리세릴스테아레이트,32,,unknown,unmatched
seed_additional_100_ko_official-083,피토스핑고신,피토스핑고신,33,,unknown,unmatched
seed_additional_100_ko_official-083,세라마이드이오피,세라마이드이오피,34,,unknown,unmatched
seed_additional_100_ko_official-083,세라마이드에이에스,세라마이드에이에스,35,,unknown,unmatched
seed_additional_100_ko_official-083,스테아릭애씨드,스테아릭애씨드,36,,unknown,unmatched
seed_additional_100_ko_official-083,테트라아세틸피토스핑고신,테트라아세틸피토스핑고신,37,,unknown,unmatched
seed_additional_100_ko_official-083,잔탄검,잔탄검,38,,unknown,unmatched
seed_additional_100_ko_official-083,글라이코스핑고리피드,글라이코스핑고리피드,39,,unknown,unmatched
seed_additional_100_ko_official-084,정제수,정제수,1,,unknown,unmatched
seed_additional_100_ko_official-084,카프릴릭/카프릭트라이글리세라이드,카프릴릭/카프릭트라이글리세라이드,2,,unknown,unmatched
seed_additional_100_ko_official-084,사이클로헥사실록세인,사이클로헥사실록세인,3,,unknown,unmatched
seed_additional_100_ko_official-084,부틸렌글라이콜,부틸렌글라이콜,4,,unknown,unmatched
seed_additional_100_ko_official-084,글리세린,글리세린,5,,unknown,unmatched
seed_additional_100_ko_official-084,다이프로필렌글라이콜,다이프로필렌글라이콜,6,,unknown,unmatched
seed_additional_100_ko_official-084,베헤닐알코올,베헤닐알코올,7,,unknown,unmatched
seed_additional_100_ko_official-084,"1,2-헥산다이올","1,2-헥산다이올",8,,unknown,unmatched
seed_additional_100_ko_official-084,페닐트라이메티콘,페닐트라이메티콘,9,,unknown,unmatched
seed_additional_100_ko_official-084,아라키딜알코올,아라키딜알코올,10,,unknown,unmatched
seed_additional_100_ko_official-084,글리세릴스테아레이트에스이,글리세릴스테아레이트에스이,11,,unknown,unmatched
seed_additional_100_ko_official-084,베타인,베타인,12,,unknown,unmatched
seed_additional_100_ko_official-084,소듐아크릴레이트/소듐아크릴로일다이메틸타우레이트코폴리머,소듐아크릴레이트/소듐아크릴로일다이메틸타우레이트코폴리머,13,,unknown,unmatched
seed_additional_100_ko_official-084,아라키딜글루코사이드,아라키딜글루코사이드,14,,unknown,unmatched
seed_additional_100_ko_official-084,다이메티콘,다이메티콘,15,,unknown,unmatched
seed_additional_100_ko_official-084,아이소헥사디칸,아이소헥사디칸,16,,unknown,unmatched
seed_additional_100_ko_official-084,비스-다이글리세릴폴리아실아디페이트-2,비스-다이글리세릴폴리아실아디페이트-2,17,,unknown,unmatched
seed_additional_100_ko_official-084,하이드로제네이티드레시틴,하이드로제네이티드레시틴,18,,unknown,unmatched
seed_additional_100_ko_official-084,판테놀,판테놀,19,,unknown,unmatched
seed_additional_100_ko_official-084,잔탄검,잔탄검,20,,unknown,unmatched
seed_additional_100_ko_official-084,아크릴레이트/C10-20알킬아크릴레이트크로스폴리머,아크릴레이트/C10-20알킬아크릴레이트크로스폴리머,21,,unknown,unmatched
seed_additional_100_ko_official-084,에틸헥실글리세린,에틸헥실글리세린,22,,unknown,unmatched
seed_additional_100_ko_official-084,알지닌,알지닌,23,,unknown,unmatched
seed_additional_100_ko_official-084,세라마이드엔피,세라마이드엔피,24,,unknown,unmatched
seed_additional_100_ko_official-084,폴리솔베이트80,폴리솔베이트80,25,,unknown,unmatched
seed_additional_100_ko_official-084,다이메티콘/비닐다이메티콘크로스폴리머,다이메티콘/비닐다이메티콘크로스폴리머,26,,unknown,unmatched
seed_additional_100_ko_official-084,트라이에틸헥사노인,트라이에틸헥사노인,27,,unknown,unmatched
seed_additional_100_ko_official-084,솔비탄올리베이트,솔비탄올리베이트,28,,unknown,unmatched
seed_additional_100_ko_official-084,세테아릴올리베이트,세테아릴올리베이트,29,,unknown,unmatched
seed_additional_100_ko_official-084,하이드로제네이티드폴리데센,하이드로제네이티드폴리데센,30,,unknown,unmatched
seed_additional_100_ko_official-084,세테아릴알코올,세테아릴알코올,31,,unknown,unmatched
seed_additional_100_ko_official-084,스쿠알란,스쿠알란,32,,unknown,unmatched
seed_additional_100_ko_official-084,솔비탄올리에이트,솔비탄올리에이트,33,,unknown,unmatched
seed_additional_100_ko_official-084,포스포리피드,포스포리피드,34,,unknown,unmatched
seed_additional_100_ko_official-084,다이소듐이디티에이,다이소듐이디티에이,35,,unknown,unmatched
seed_additional_100_ko_official-084,콜레스테롤,콜레스테롤,36,,unknown,unmatched
seed_additional_100_ko_official-084,피토스핑고신,피토스핑고신,37,,unknown,unmatched
seed_additional_100_ko_official-084,락토바실러스/소이밀크발효여과물,락토바실러스/소이밀크발효여과물,38,,unknown,unmatched
seed_additional_100_ko_official-084,나이아신아마이드,나이아신아마이드,39,,unknown,unmatched
seed_additional_100_ko_official-084,알란토인,알란토인,40,,unknown,unmatched
seed_additional_100_ko_official-084,토코페롤,토코페롤,41,,unknown,unmatched
seed_additional_100_ko_official-084,세라마이드에이피,세라마이드에이피,42,,unknown,unmatched
seed_additional_100_ko_official-084,세라마이드엔지,세라마이드엔지,43,,unknown,unmatched
seed_additional_100_ko_official-084,글리세릴스테아레이트,글리세릴스테아레이트,44,,unknown,unmatched
seed_additional_100_ko_official-084,세라마이드이오피,세라마이드이오피,45,,unknown,unmatched
seed_additional_100_ko_official-084,세라마이드에이에스,세라마이드에이에스,46,,unknown,unmatched
seed_additional_100_ko_official-084,병풀추출물,병풀추출물,47,,unknown,unmatched
seed_additional_100_ko_official-084,스테아릭애씨드,스테아릭애씨드,48,,unknown,unmatched
seed_additional_100_ko_official-084,베타-글루칸,베타-글루칸,49,,unknown,unmatched
seed_additional_100_ko_official-084,테트라아세틸피토스핑고신,테트라아세틸피토스핑고신,50,,unknown,unmatched
seed_additional_100_ko_official-084,글라이코스핑고리피드,글라이코스핑고리피드,51,,unknown,unmatched
seed_additional_100_ko_official-085,정제수,정제수,1,,unknown,unmatched
seed_additional_100_ko_official-085,글리세린,글리세린,2,,unknown,unmatched
seed_additional_100_ko_official-085,부틸렌글라이콜,부틸렌글라이콜,3,,unknown,unmatched
seed_additional_100_ko_official-085,메틸프로판다이올,메틸프로판다이올,4,,unknown,unmatched
seed_additional_100_ko_official-085,카프릴릭/카프릭트라이글리세라이드,카프릴릭/카프릭트라이글리세라이드,5,,unknown,unmatched
seed_additional_100_ko_official-085,하이드로제네이티드폴리(C6-14올레핀),하이드로제네이티드폴리(C6-14올레핀),6,,unknown,unmatched
seed_additional_100_ko_official-085,비닐다이메티콘,비닐다이메티콘,7,,unknown,unmatched
seed_additional_100_ko_official-085,다이카프릴릴카보네이트,다이카프릴릴카보네이트,8,,unknown,unmatched
seed_additional_100_ko_official-085,프로판다이올,프로판다이올,9,,unknown,unmatched
seed_additional_100_ko_official-085,글리세릴스테아레이트시트레이트,글리세릴스테아레이트시트레이트,10,,unknown,unmatched
seed_additional_100_ko_official-085,나이아신아마이드,나이아신아마이드,11,,unknown,unmatched
seed_additional_100_ko_official-085,아이소노닐아이소노나노에이트,아이소노닐아이소노나노에이트,12,,unknown,unmatched
seed_additional_100_ko_official-085,글리세레스-26,글리세레스-26,13,,unknown,unmatched
seed_additional_100_ko_official-085,다이아이소스테아릴말레이트,다이아이소스테아릴말레이트,14,,unknown,unmatched
seed_additional_100_ko_official-085,세테아릴알코올,세테아릴알코올,15,,unknown,unmatched
seed_additional_100_ko_official-085,"1,2-헥산다이올","1,2-헥산다이올",16,,unknown,unmatched
seed_additional_100_ko_official-085,병풀추출물(1.2%),병풀추출물,17,1.2%,known,unmatched
seed_additional_100_ko_official-085,시어버터,시어버터,18,,unknown,unmatched
seed_additional_100_ko_official-085,스테아릭애씨드,스테아릭애씨드,19,,unknown,unmatched
seed_additional_100_ko_official-085,하이드록시프로필비스팔미타마이드엠이에이,하이드록시프로필비스팔미타마이드엠이에이,20,,unknown,unmatched
seed_additional_100_ko_official-085,만니톨,만니톨,21,,unknown,unmatched
seed_additional_100_ko_official-085,글리세릴스테아레이트,글리세릴스테아레이트,22,,unknown,unmatched
seed_additional_100_ko_official-085,다이메티콘올,다이메티콘올,23,,unknown,unmatched
seed_additional_100_ko_official-085,세테아릴올리베이트,세테아릴올리베이트,24,,unknown,unmatched
seed_additional_100_ko_official-085,솔비탄올리베이트,솔비탄올리베이트,25,,unknown,unmatched
seed_additional_100_ko_official-085,소듐스테아로일글루타메이트,소듐스테아로일글루타메이트,26,,unknown,unmatched
seed_additional_100_ko_official-085,아크릴레이트/C10-30알킬아크릴레이트크로스폴리머,아크릴레이트/C10-30알킬아크릴레이트크로스폴리머,27,,unknown,unmatched
seed_additional_100_ko_official-085,마카다미아씨오일,마카다미아씨오일,28,,unknown,unmatched
seed_additional_100_ko_official-085,트로메타민,트로메타민,29,,unknown,unmatched
seed_additional_100_ko_official-085,글루코오스,글루코오스,30,,unknown,unmatched
seed_additional_100_ko_official-085,에틸헥실글리세린,에틸헥실글리세린,31,,unknown,unmatched
seed_additional_100_ko_official-085,아크릴레이트/암모늄메타크릴레이트코폴리머,아크릴레이트/암모늄메타크릴레이트코폴리머,32,,unknown,unmatched
seed_additional_100_ko_official-085,카카오씨추출물,카카오씨추출물,33,,unknown,unmatched
seed_additional_100_ko_official-085,덱스트린,덱스트린,34,,unknown,unmatched
seed_additional_100_ko_official-085,세라마이드엔피,세라마이드엔피,35,,unknown,unmatched
seed_additional_100_ko_official-085,아데노신,아데노신,36,,unknown,unmatched
seed_additional_100_ko_official-085,다이소듐이디티에이,다이소듐이디티에이,37,,unknown,unmatched
seed_additional_100_ko_official-085,콜레스테롤,콜레스테롤,38,,unknown,unmatched
seed_additional_100_ko_official-085,피토스핑고신,피토스핑고신,39,,unknown,unmatched
seed_additional_100_ko_official-085,실리카,실리카,40,,unknown,unmatched
seed_additional_100_ko_official-085,하이드로제네이티드레시틴,하이드로제네이티드레시틴,41,,unknown,unmatched
seed_additional_100_ko_official-085,베타-시토스테롤,베타-시토스테롤,42,,unknown,unmatched
seed_additional_100_ko_official-085,판테놀,판테놀,43,,unknown,unmatched
seed_additional_100_ko_official-085,다이포타슘글리시리제이트,다이포타슘글리시리제이트,44,,unknown,unmatched
seed_additional_100_ko_official-085,알란토인,알란토인,45,,unknown,unmatched
seed_additional_100_ko_official-085,피토스테롤,피토스테롤,46,,unknown,unmatched
seed_additional_100_ko_official-085,펜틸렌글라이콜,펜틸렌글라이콜,47,,unknown,unmatched
seed_additional_100_ko_official-085,"병풀잎추출물(1,750ppb)",병풀잎추출물,48,"1,750ppb",known,unmatched
seed_additional_100_ko_official-085,소듐하이알루로네이트,소듐하이알루로네이트,49,,unknown,unmatched
seed_additional_100_ko_official-085,마데카소사이드,마데카소사이드,50,,unknown,unmatched
seed_additional_100_ko_official-085,백미꽃추출물,백미꽃추출물,51,,unknown,unmatched
seed_additional_100_ko_official-085,마데카식애씨드,마데카식애씨드,52,,unknown,unmatched
seed_additional_100_ko_official-085,아시아티코사이드,아시아티코사이드,53,,unknown,unmatched
seed_additional_100_ko_official-085,아시아틱애씨드,아시아틱애씨드,54,,unknown,unmatched
seed_additional_100_ko_official-085,시트릭애씨드,시트릭애씨드,55,,unknown,unmatched
seed_additional_100_ko_official-086,정제수,정제수,1,,unknown,unmatched
seed_additional_100_ko_official-086,프로판다이올,프로판다이올,2,,unknown,unmatched
seed_additional_100_ko_official-086,다이프로필렌글라이콜,다이프로필렌글라이콜,3,,unknown,unmatched
seed_additional_100_ko_official-086,글리세린,글리세린,4,,unknown,unmatched
seed_additional_100_ko_official-086,"1,2-헥산다이올","1,2-헥산다이올",5,,unknown,unmatched
seed_additional_100_ko_official-086,트레할로오스,트레할로오스,6,,unknown,unmatched
seed_additional_100_ko_official-086,하이드록시아세토페논,하이드록시아세토페논,7,,unknown,unmatched
seed_additional_100_ko_official-086,카보머,카보머,8,,unknown,unmatched
seed_additional_100_ko_official-086,알지닌,알지닌,9,,unknown,unmatched
seed_additional_100_ko_official-086,폴리글리세릴-10라우레이트,폴리글리세릴-10라우레이트,10,,unknown,unmatched
seed_additional_100_ko_official-086,폴리글리세릴-4라우레이트,폴리글리세릴-4라우레이트,11,,unknown,unmatched
seed_additional_100_ko_official-086,아데노신,아데노신,12,,unknown,unmatched
seed_additional_100_ko_official-086,에틸헥실글리세린,에틸헥실글리세린,13,,unknown,unmatched
seed_additional_100_ko_official-086,병풀추출물,병풀추출물,14,,unknown,unmatched
seed_additional_100_ko_official-086,다이소듐이디티에이,다이소듐이디티에이,15,,unknown,unmatched
seed_additional_100_ko_official-086,옥틸도데세스-16,옥틸도데세스-16,16,,unknown,unmatched
seed_additional_100_ko_official-086,잔탄검,잔탄검,17,,unknown,unmatched
seed_additional_100_ko_official-086,소듐하이알루로네이트,소듐하이알루로네이트,18,,unknown,unmatched
seed_additional_100_ko_official-086,다마스크장미꽃수,다마스크장미꽃수,19,,unknown,unmatched
seed_additional_100_ko_official-086,폴리쿼터늄-51,폴리쿼터늄-51,20,,unknown,unmatched
seed_additional_100_ko_official-086,글리세릴아크릴레이트/아크릴릭애씨드코폴리머,글리세릴아크릴레이트/아크릴릭애씨드코폴리머,21,,unknown,unmatched
seed_additional_100_ko_official-086,치자꽃추출물,치자꽃추출물,22,,unknown,unmatched
seed_additional_100_ko_official-086,로즈마리잎오일,로즈마리잎오일,23,,unknown,unmatched
seed_additional_100_ko_official-086,검정콩추출물,검정콩추출물,24,,unknown,unmatched
seed_additional_100_ko_official-086,양까막까치밥나무잎추출물,양까막까치밥나무잎추출물,25,,unknown,unmatched
seed_additional_100_ko_official-086,첨차잎추출물,첨차잎추출물,26,,unknown,unmatched
seed_additional_100_ko_official-086,마데카소사이드,마데카소사이드,27,,unknown,unmatched
seed_additional_100_ko_official-086,서양송악잎/줄기추출물,서양송악잎/줄기추출물,28,,unknown,unmatched
seed_additional_100_ko_official-086,하이알루로닉애씨드,하이알루로닉애씨드,29,,unknown,unmatched
seed_additional_100_ko_official-086,하이드롤라이즈드하이알루로닉애씨드,하이드롤라이즈드하이알루로닉애씨드,30,,unknown,unmatched
seed_additional_100_ko_official-086,하이드롤라이즈드소듐하이알루로네이트,하이드롤라이즈드소듐하이알루로네이트,31,,unknown,unmatched
seed_additional_100_ko_official-086,하이드록시프로필트라이모늄하이알루로네이트,하이드록시프로필트라이모늄하이알루로네이트,32,,unknown,unmatched
seed_additional_100_ko_official-086,포타슘하이알루로네이트,포타슘하이알루로네이트,33,,unknown,unmatched
seed_additional_100_ko_official-086,소듐하이알루로네이트크로스폴리머,소듐하이알루로네이트크로스폴리머,34,,unknown,unmatched
seed_additional_100_ko_official-086,아시아티코사이드,아시아티코사이드,35,,unknown,unmatched
seed_additional_100_ko_official-086,마데카식애씨드,마데카식애씨드,36,,unknown,unmatched
seed_additional_100_ko_official-086,아시아틱애씨드,아시아틱애씨드,37,,unknown,unmatched
seed_additional_100_ko_official-086,펜틸렌글라이콜,펜틸렌글라이콜,38,,unknown,unmatched
seed_additional_100_ko_official-086,소듐아세틸레이티드하이알루로네이트,소듐아세틸레이티드하이알루로네이트,39,,unknown,unmatched
seed_additional_100_ko_official-086,다이메틸실란올하이알루로네이트,다이메틸실란올하이알루로네이트,40,,unknown,unmatched
seed_additional_100_ko_official-086,소듐하이알루로네이트다이메틸실란올,소듐하이알루로네이트다이메틸실란올,41,,unknown,unmatched
seed_additional_100_ko_official-087,하이드로제네이티드폴리아이소부텐,하이드로제네이티드폴리아이소부텐,1,,unknown,unmatched
seed_additional_100_ko_official-087,페트롤라툼,페트롤라툼,2,,unknown,unmatched
seed_additional_100_ko_official-087,다이펜타에리스리틸헥사C5-9애씨드에스터,다이펜타에리스리틸헥사C5-9애씨드에스터,3,,unknown,unmatched
seed_additional_100_ko_official-087,해바라기씨왁스,해바라기씨왁스,4,,unknown,unmatched
seed_additional_100_ko_official-087,에틸렌/프로필렌/스타이렌코폴리머,에틸렌/프로필렌/스타이렌코폴리머,5,,unknown,unmatched
seed_additional_100_ko_official-087,솔비탄세스퀴올리에이트,솔비탄세스퀴올리에이트,6,,unknown,unmatched
seed_additional_100_ko_official-087,카프릴릭/카프릭트라이글리세라이드,카프릴릭/카프릭트라이글리세라이드,7,,unknown,unmatched
seed_additional_100_ko_official-087,호호바씨오일,호호바씨오일,8,,unknown,unmatched
seed_additional_100_ko_official-087,시어버터,시어버터,9,,unknown,unmatched
seed_additional_100_ko_official-087,메도우폼씨오일,메도우폼씨오일,10,,unknown,unmatched
seed_additional_100_ko_official-087,글리세린,글리세린,11,,unknown,unmatched
seed_additional_100_ko_official-087,부틸렌/에틸렌/스타이렌코폴리머,부틸렌/에틸렌/스타이렌코폴리머,12,,unknown,unmatched
seed_additional_100_ko_official-087,글리세릴카프릴레이트,글리세릴카프릴레이트,13,,unknown,unmatched
seed_additional_100_ko_official-087,쌀겨오일,쌀겨오일,14,,unknown,unmatched
seed_additional_100_ko_official-087,정제수,정제수,15,,unknown,unmatched
seed_additional_100_ko_official-087,세라마이드엔피(40ppm),세라마이드엔피,16,40ppm,known,unmatched
seed_additional_100_ko_official-087,펜타에리스리틸테트라-다이-t-부틸하이드록시하이드로신나메이트,펜타에리스리틸테트라-다이-t-부틸하이드록시하이드로신나메이트,17,,unknown,unmatched
seed_additional_100_ko_official-087,피토스핑고신,피토스핑고신,18,,unknown,unmatched
seed_additional_100_ko_official-087,하이드로제네이티드레시틴,하이드로제네이티드레시틴,19,,unknown,unmatched
seed_additional_100_ko_official-087,검정콩추출물,검정콩추출물,20,,unknown,unmatched
seed_additional_100_ko_official-088,정제수,정제수,1,,unknown,unmatched
seed_additional_100_ko_official-088,글리세린,글리세린,2,,unknown,unmatched
seed_additional_100_ko_official-088,시어버터,시어버터,3,,unknown,unmatched
seed_additional_100_ko_official-088,카프릴릭/카프릭트라이글리세라이드,카프릴릭/카프릭트라이글리세라이드,4,,unknown,unmatched
seed_additional_100_ko_official-088,폴리글리세릴-3메틸글루코오스다이스테아레이트,폴리글리세릴-3메틸글루코오스다이스테아레이트,5,,unknown,unmatched
seed_additional_100_ko_official-088,베타인,베타인,6,,unknown,unmatched
seed_additional_100_ko_official-088,사이클로헥사실록세인,사이클로헥사실록세인,7,,unknown,unmatched
seed_additional_100_ko_official-088,베헤닐알코올,베헤닐알코올,8,,unknown,unmatched
seed_additional_100_ko_official-088,세틸알코올,세틸알코올,9,,unknown,unmatched
seed_additional_100_ko_official-088,글리세릴스테아레이트,글리세릴스테아레이트,10,,unknown,unmatched
seed_additional_100_ko_official-088,하이드로제네이티드폴리데센,하이드로제네이티드폴리데센,11,,unknown,unmatched
seed_additional_100_ko_official-088,나이아신아마이드,나이아신아마이드,12,,unknown,unmatched
seed_additional_100_ko_official-088,펜타에리스리틸다이스테아레이트,펜타에리스리틸다이스테아레이트,13,,unknown,unmatched
seed_additional_100_ko_official-088,다이메티콘/비닐다이메티콘크로스폴리머,다이메티콘/비닐다이메티콘크로스폴리머,14,,unknown,unmatched
seed_additional_100_ko_official-088,"1,2-헥산다이올","1,2-헥산다이올",15,,unknown,unmatched
seed_additional_100_ko_official-088,하이드로제네이티드폴리(C6-14올레핀),하이드로제네이티드폴리(C6-14올레핀),16,,unknown,unmatched
seed_additional_100_ko_official-088,부틸렌글라이콜,부틸렌글라이콜,17,,unknown,unmatched
seed_additional_100_ko_official-088,폴리글리세릴-10라우레이트,폴리글리세릴-10라우레이트,18,,unknown,unmatched
seed_additional_100_ko_official-088,피토스테릴/베헤닐/옥틸도데실라우로일글루타메이트,피토스테릴/베헤닐/옥틸도데실라우로일글루타메이트,19,,unknown,unmatched
seed_additional_100_ko_official-088,녹두추출물,녹두추출물,20,,unknown,unmatched
seed_additional_100_ko_official-088,판테놀,판테놀,21,,unknown,unmatched
seed_additional_100_ko_official-088,하이드록시아세토페논,하이드록시아세토페논,22,,unknown,unmatched
seed_additional_100_ko_official-088,에틸헥실글리세린,에틸헥실글리세린,23,,unknown,unmatched
seed_additional_100_ko_official-088,아보카도오일,아보카도오일,24,,unknown,unmatched
seed_additional_100_ko_official-088,폴리글리세릴-10미리스테이트,폴리글리세릴-10미리스테이트,25,,unknown,unmatched
seed_additional_100_ko_official-088,폴리쿼터늄-51,폴리쿼터늄-51,26,,unknown,unmatched
seed_additional_100_ko_official-088,인도멀구슬나무잎추출물,인도멀구슬나무잎추출물,27,,unknown,unmatched
seed_additional_100_ko_official-088,아데노신,아데노신,28,,unknown,unmatched
seed_additional_100_ko_official-088,다이소듐이디티에이,다이소듐이디티에이,29,,unknown,unmatched
seed_additional_100_ko_official-088,소듐하이알루로네이트,소듐하이알루로네이트,30,,unknown,unmatched
seed_additional_100_ko_official-088,인도멀구슬나무꽃추출물,인도멀구슬나무꽃추출물,31,,unknown,unmatched
seed_additional_100_ko_official-088,덱스트린,덱스트린,32,,unknown,unmatched
seed_additional_100_ko_official-088,카카오씨추출물,카카오씨추출물,33,,unknown,unmatched
seed_additional_100_ko_official-088,아크릴레이트/C10-30알킬아크릴레이트크로스폴리머,아크릴레이트/C10-30알킬아크릴레이트크로스폴리머,34,,unknown,unmatched
seed_additional_100_ko_official-088,알란토인,알란토인,35,,unknown,unmatched
seed_additional_100_ko_official-088,암모늄아크릴로일다이메틸타우레이트/브이피코폴리머,암모늄아크릴로일다이메틸타우레이트/브이피코폴리머,36,,unknown,unmatched
seed_additional_100_ko_official-088,소듐스테아로일글루타메이트,소듐스테아로일글루타메이트,37,,unknown,unmatched
seed_additional_100_ko_official-088,카프릴릴글라이콜,카프릴릴글라이콜,38,,unknown,unmatched
seed_additional_100_ko_official-088,알지닌,알지닌,39,,unknown,unmatched
seed_additional_100_ko_official-088,카보머,카보머,40,,unknown,unmatched
seed_additional_100_ko_official-088,아세틸헥사펩타이드-8,아세틸헥사펩타이드-8,41,,unknown,unmatched
seed_additional_100_ko_official-088,토코페롤,토코페롤,42,,unknown,unmatched
seed_additional_100_ko_official-088,사철쑥추출물(976ppb),사철쑥추출물,43,976ppb,known,unmatched
seed_additional_100_ko_official-088,말토덱스트린,말토덱스트린,44,,unknown,unmatched
seed_additional_100_ko_official-088,아보카도열매추출물,아보카도열매추출물,45,,unknown,unmatched
seed_additional_100_ko_official-089,정제수,정제수,1,,unknown,unmatched
seed_additional_100_ko_official-089,다이부틸아디페이트,다이부틸아디페이트,2,,unknown,unmatched
seed_additional_100_ko_official-089,다이프로필렌글라이콜,다이프로필렌글라이콜,3,,unknown,unmatched
seed_additional_100_ko_official-089,프로판다이올,프로판다이올,4,,unknown,unmatched
seed_additional_100_ko_official-089,디에칠아미노하이드록시벤조일헥실벤조에이트,디에칠아미노하이드록시벤조일헥실벤조에이트,5,,unknown,unmatched
seed_additional_100_ko_official-089,에칠헥실트리아존,에칠헥실트리아존,6,,unknown,unmatched
seed_additional_100_ko_official-089,티타늄디옥사이드,티타늄디옥사이드,7,,unknown,unmatched
seed_additional_100_ko_official-089,비스-에칠헥실옥시페놀메톡시페닐트리아진,비스-에칠헥실옥시페놀메톡시페닐트리아진,8,,unknown,unmatched
seed_additional_100_ko_official-089,프로필렌글라이콜다이벤조에이트,프로필렌글라이콜다이벤조에이트,9,,unknown,unmatched
seed_additional_100_ko_official-089,나이아신아마이드,나이아신아마이드,10,,unknown,unmatched
seed_additional_100_ko_official-089,세틸에틸헥사노에이트,세틸에틸헥사노에이트,11,,unknown,unmatched
seed_additional_100_ko_official-089,"1,2-헥산다이올","1,2-헥산다이올",12,,unknown,unmatched
seed_additional_100_ko_official-089,메틸트라이메티콘,메틸트라이메티콘,13,,unknown,unmatched
seed_additional_100_ko_official-089,펜틸렌글라이콜,펜틸렌글라이콜,14,,unknown,unmatched
seed_additional_100_ko_official-089,글리세린,글리세린,15,,unknown,unmatched
seed_additional_100_ko_official-089,실리카,실리카,16,,unknown,unmatched
seed_additional_100_ko_official-089,시어버터,시어버터,17,,unknown,unmatched
seed_additional_100_ko_official-089,판테놀,판테놀,18,,unknown,unmatched
seed_additional_100_ko_official-089,암모늄폴리아크릴로일다이메틸타우레이트,암모늄폴리아크릴로일다이메틸타우레이트,19,,unknown,unmatched
seed_additional_100_ko_official-089,카프릴릴메티콘,카프릴릴메티콘,20,,unknown,unmatched
seed_additional_100_ko_official-089,소듐폴리아크릴로일다이메틸타우레이트,소듐폴리아크릴로일다이메틸타우레이트,21,,unknown,unmatched
seed_additional_100_ko_official-089,트라이에톡시카프릴릴실레인,트라이에톡시카프릴릴실레인,22,,unknown,unmatched
seed_additional_100_ko_official-089,에틸헥실글리세린,에틸헥실글리세린,23,,unknown,unmatched
seed_additional_100_ko_official-089,하이드록시프로필메틸셀룰로오스스테아록시에터,하이드록시프로필메틸셀룰로오스스테아록시에터,24,,unknown,unmatched
seed_additional_100_ko_official-089,폴리솔베이트20,폴리솔베이트20,25,,unknown,unmatched
seed_additional_100_ko_official-089,메틸프로판다이올,메틸프로판다이올,26,,unknown,unmatched
seed_additional_100_ko_official-089,폴리글리세릴-5폴리리시놀리에이트,폴리글리세릴-5폴리리시놀리에이트,27,,unknown,unmatched
seed_additional_100_ko_official-089,폴리에터-1,폴리에터-1,28,,unknown,unmatched
seed_additional_100_ko_official-089,아데노신,아데노신,29,,unknown,unmatched
seed_additional_100_ko_official-089,다이메티콘/비닐다이메티콘크로스폴리머,다이메티콘/비닐다이메티콘크로스폴리머,30,,unknown,unmatched
seed_additional_100_ko_official-089,황색산화철,황색산화철,31,,unknown,unmatched
seed_additional_100_ko_official-089,다이소듐이디티에이,다이소듐이디티에이,32,,unknown,unmatched
seed_additional_100_ko_official-089,소듐폴리아크릴레이트,소듐폴리아크릴레이트,33,,unknown,unmatched
seed_additional_100_ko_official-089,폴리글리세릴-10미리스테이트,폴리글리세릴-10미리스테이트,34,,unknown,unmatched
seed_additional_100_ko_official-089,레몬즙,레몬즙,35,,unknown,unmatched
seed_additional_100_ko_official-089,글루타티온,글루타티온,36,,unknown,unmatched
seed_additional_100_ko_official-089,부틸렌글라이콜,부틸렌글라이콜,37,,unknown,unmatched
seed_additional_100_ko_official-089,포스파티딜콜린,포스파티딜콜린,38,,unknown,unmatched
seed_additional_100_ko_official-089,폴리글리세릴-10라우레이트,폴리글리세릴-10라우레이트,39,,unknown,unmatched
seed_additional_100_ko_official-089,t-부틸알코올,t-부틸알코올,40,,unknown,unmatched
seed_additional_100_ko_official-089,메도우폼씨오일,메도우폼씨오일,41,,unknown,unmatched
seed_additional_100_ko_official-089,3-O-에틸아스코빅애씨드,3-O-에틸아스코빅애씨드,42,,unknown,unmatched
seed_additional_100_ko_official-089,알지닌,알지닌,43,,unknown,unmatched
seed_additional_100_ko_official-089,카보머,카보머,44,,unknown,unmatched
seed_additional_100_ko_official-089,세라마이드엔피,세라마이드엔피,45,,unknown,unmatched
seed_additional_100_ko_official-089,토코페롤,토코페롤,46,,unknown,unmatched
seed_additional_100_ko_official-089,다이메틸실란올하이알루로네이트,다이메틸실란올하이알루로네이트,47,,unknown,unmatched
seed_additional_100_ko_official-089,하이드롤라이즈드하이알루로닉애씨드,하이드롤라이즈드하이알루로닉애씨드,48,,unknown,unmatched
seed_additional_100_ko_official-089,하이드롤라이즈드소듐하이알루로네이트,하이드롤라이즈드소듐하이알루로네이트,49,,unknown,unmatched
seed_additional_100_ko_official-089,피토스핑고신,피토스핑고신,50,,unknown,unmatched
seed_additional_100_ko_official-089,하이알루로닉애씨드,하이알루로닉애씨드,51,,unknown,unmatched
seed_additional_100_ko_official-089,하이드로제네이티드레시틴,하이드로제네이티드레시틴,52,,unknown,unmatched
seed_additional_100_ko_official-089,포타슘하이알루로네이트,포타슘하이알루로네이트,53,,unknown,unmatched
seed_additional_100_ko_official-089,소듐하이알루로네이트,소듐하이알루로네이트,54,,unknown,unmatched
seed_additional_100_ko_official-089,하이드록시프로필트라이모늄하이알루로네이트,하이드록시프로필트라이모늄하이알루로네이트,55,,unknown,unmatched
seed_additional_100_ko_official-089,소듐하이알루로네이트크로스폴리머,소듐하이알루로네이트크로스폴리머,56,,unknown,unmatched
seed_additional_100_ko_official-089,쌀겨오일,쌀겨오일,57,,unknown,unmatched
seed_additional_100_ko_official-089,소듐하이알루로네이트다이메틸실란올,소듐하이알루로네이트다이메틸실란올,58,,unknown,unmatched
seed_additional_100_ko_official-089,소듐아세틸레이티드하이알루로네이트,소듐아세틸레이티드하이알루로네이트,59,,unknown,unmatched
seed_additional_100_ko_official-089,판토테닉애씨드,판토테닉애씨드,60,,unknown,unmatched
seed_additional_100_ko_official-089,아스코빅애씨드,아스코빅애씨드,61,,unknown,unmatched
seed_additional_100_ko_official-089,리놀레닉애씨드,리놀레닉애씨드,62,,unknown,unmatched
seed_additional_100_ko_official-089,바이오틴,바이오틴,63,,unknown,unmatched
seed_additional_100_ko_official-089,토코페릴아세테이트,토코페릴아세테이트,64,,unknown,unmatched
seed_additional_100_ko_official-089,사이아노코발아민,사이아노코발아민,65,,unknown,unmatched
seed_additional_100_ko_official-090,정제수,정제수,1,,unknown,unmatched
seed_additional_100_ko_official-090,부틸렌글라이콜,부틸렌글라이콜,2,,unknown,unmatched
seed_additional_100_ko_official-090,프로판다이올,프로판다이올,3,,unknown,unmatched
seed_additional_100_ko_official-090,다이프로필렌글라이콜,다이프로필렌글라이콜,4,,unknown,unmatched
seed_additional_100_ko_official-090,글리세린,글리세린,5,,unknown,unmatched
seed_additional_100_ko_official-090,글리세레스-26,글리세레스-26,6,,unknown,unmatched
seed_additional_100_ko_official-090,"1,2-헥산다이올","1,2-헥산다이올",7,,unknown,unmatched
seed_additional_100_ko_official-090,판테놀,판테놀,8,,unknown,unmatched
seed_additional_100_ko_official-090,트레할로오스,트레할로오스,9,,unknown,unmatched
seed_additional_100_ko_official-090,카보머,카보머,10,,unknown,unmatched
seed_additional_100_ko_official-090,알지닌,알지닌,11,,unknown,unmatched
seed_additional_100_ko_official-090,소듐하이알루로네이트,소듐하이알루로네이트,12,,unknown,unmatched
seed_additional_100_ko_official-090,알란토인,알란토인,13,,unknown,unmatched
seed_additional_100_ko_official-090,폴리글리세릴-10라우레이트,폴리글리세릴-10라우레이트,14,,unknown,unmatched
seed_additional_100_ko_official-090,에틸헥실글리세린,에틸헥실글리세린,15,,unknown,unmatched
seed_additional_100_ko_official-090,다이포타슘글리시리제이트,다이포타슘글리시리제이트,16,,unknown,unmatched
seed_additional_100_ko_official-090,빙하수,빙하수,17,,unknown,unmatched
seed_additional_100_ko_official-090,소듐파이테이트,소듐파이테이트,18,,unknown,unmatched
seed_additional_100_ko_official-090,덱스트린,덱스트린,19,,unknown,unmatched
seed_additional_100_ko_official-090,베타인,베타인,20,,unknown,unmatched
seed_additional_100_ko_official-090,치자추출물,치자추출물,21,,unknown,unmatched
seed_additional_100_ko_official-090,멕시칸치아씨추출물,멕시칸치아씨추출물,22,,unknown,unmatched
seed_additional_100_ko_official-090,병풀추출물,병풀추출물,23,,unknown,unmatched
seed_additional_100_ko_official-090,약모밀추출물,약모밀추출물,24,,unknown,unmatched
seed_additional_100_ko_official-090,하이드롤라이즈드하이알루로닉애씨드,하이드롤라이즈드하이알루로닉애씨드,25,,unknown,unmatched
seed_additional_100_ko_official-090,소듐하이알루로네이트크로스폴리머,소듐하이알루로네이트크로스폴리머,26,,unknown,unmatched
seed_additional_100_ko_official-090,포타슘하이알루로네이트,포타슘하이알루로네이트,27,,unknown,unmatched
seed_additional_100_ko_official-090,하이드록시프로필트라이모늄하이알루로네이트,하이드록시프로필트라이모늄하이알루로네이트,28,,unknown,unmatched
seed_additional_100_ko_official-090,하이드롤라이즈드소듐하이알루로네이트,하이드롤라이즈드소듐하이알루로네이트,29,,unknown,unmatched
seed_additional_100_ko_official-090,하이알루로닉애씨드,하이알루로닉애씨드,30,,unknown,unmatched
seed_additional_100_ko_official-090,펜틸렌글라이콜,펜틸렌글라이콜,31,,unknown,unmatched
seed_additional_100_ko_official-090,카프릴릴글라이콜,카프릴릴글라이콜,32,,unknown,unmatched
seed_additional_100_ko_official-090,카프릴릭/카프릭트라이글리세라이드,카프릴릭/카프릭트라이글리세라이드,33,,unknown,unmatched
seed_additional_100_ko_official-090,스쿠알란,스쿠알란,34,,unknown,unmatched
seed_additional_100_ko_official-090,소듐아세틸레이티드하이알루로네이트,소듐아세틸레이티드하이알루로네이트,35,,unknown,unmatched
seed_additional_100_ko_official-090,하이드로제네이티드레시틴,하이드로제네이티드레시틴,36,,unknown,unmatched
seed_additional_100_ko_official-090,폴리글리세릴-10미리스테이트,폴리글리세릴-10미리스테이트,37,,unknown,unmatched
seed_additional_100_ko_official-090,세라마이드엔피,세라마이드엔피,38,,unknown,unmatched
seed_additional_100_ko_official-090,수크로오스다이스테아레이트,수크로오스다이스테아레이트,39,,unknown,unmatched
seed_additional_100_ko_official-090,글라이신,글라이신,40,,unknown,unmatched
seed_additional_100_ko_official-090,라우릭애씨드,라우릭애씨드,41,,unknown,unmatched
seed_additional_100_ko_official-090,피토스테롤,피토스테롤,42,,unknown,unmatched
seed_additional_100_ko_official-090,글루타믹애씨드,글루타믹애씨드,43,,unknown,unmatched
seed_additional_100_ko_official-091,정제수,정제수,1,,unknown,unmatched
seed_additional_100_ko_official-091,카프릴릭/카프릭트라이글리세라이드,카프릴릭/카프릭트라이글리세라이드,2,,unknown,unmatched
seed_additional_100_ko_official-091,글리세린,글리세린,3,,unknown,unmatched
seed_additional_100_ko_official-091,시어버터,시어버터,4,,unknown,unmatched
seed_additional_100_ko_official-091,스쿠알란,스쿠알란,5,,unknown,unmatched
seed_additional_100_ko_official-091,나이아신아마이드,나이아신아마이드,6,,unknown,unmatched
seed_additional_100_ko_official-091,시메티콘,시메티콘,7,,unknown,unmatched
seed_additional_100_ko_official-091,"1,2-헥산다이올","1,2-헥산다이올",8,,unknown,unmatched
seed_additional_100_ko_official-091,세테아릴알코올,세테아릴알코올,9,,unknown,unmatched
seed_additional_100_ko_official-091,폴리글리세릴-2스테아레이트,폴리글리세릴-2스테아레이트,10,,unknown,unmatched
seed_additional_100_ko_official-091,아라키딜알코올,아라키딜알코올,11,,unknown,unmatched
seed_additional_100_ko_official-091,글리세릴스테아레이트,글리세릴스테아레이트,12,,unknown,unmatched
seed_additional_100_ko_official-091,부틸렌글라이콜,부틸렌글라이콜,13,,unknown,unmatched
seed_additional_100_ko_official-091,스테아릴알코올,스테아릴알코올,14,,unknown,unmatched
seed_additional_100_ko_official-091,베헤닐알코올,베헤닐알코올,15,,unknown,unmatched
seed_additional_100_ko_official-091,C12-16알코올,C12-16알코올,16,,unknown,unmatched
seed_additional_100_ko_official-091,아라키딜글루코사이드,아라키딜글루코사이드,17,,unknown,unmatched
seed_additional_100_ko_official-091,카보머,카보머,18,,unknown,unmatched
seed_additional_100_ko_official-091,트로메타민,트로메타민,19,,unknown,unmatched
seed_additional_100_ko_official-091,에틸헥실글리세린,에틸헥실글리세린,20,,unknown,unmatched
seed_additional_100_ko_official-091,팔미틱애씨드,팔미틱애씨드,21,,unknown,unmatched
seed_additional_100_ko_official-091,펜타에리스리틸테트라-다이-t-부틸하이드록시하이드로신나메이트,펜타에리스리틸테트라-다이-t-부틸하이드록시하이드로신나메이트,22,,unknown,unmatched
seed_additional_100_ko_official-091,하이드로제네이티드레시틴,하이드로제네이티드레시틴,23,,unknown,unmatched
seed_additional_100_ko_official-091,인도멀구슬나무잎추출물,인도멀구슬나무잎추출물,24,,unknown,unmatched
seed_additional_100_ko_official-091,인도멀구슬나무꽃추출물,인도멀구슬나무꽃추출물,25,,unknown,unmatched
seed_additional_100_ko_official-091,잔탄검,잔탄검,26,,unknown,unmatched
seed_additional_100_ko_official-091,아데노신,아데노신,27,,unknown,unmatched
seed_additional_100_ko_official-091,아이비고드열매추출물,아이비고드열매추출물,28,,unknown,unmatched
seed_additional_100_ko_official-091,가지열매추출물,가지열매추출물,29,,unknown,unmatched
seed_additional_100_ko_official-091,호박가루,호박가루,30,,unknown,unmatched
seed_additional_100_ko_official-091,울금뿌리추출물,울금뿌리추출물,31,,unknown,unmatched
seed_additional_100_ko_official-091,홀리바질잎추출물,홀리바질잎추출물,32,,unknown,unmatched
seed_additional_100_ko_official-091,병풀추출물,병풀추출물,33,,unknown,unmatched
seed_additional_100_ko_official-091,소듐디엔에이,소듐디엔에이,34,,unknown,unmatched
seed_additional_100_ko_official-091,글루코오스,글루코오스,35,,unknown,unmatched
seed_additional_100_ko_official-091,참산호말추출물,참산호말추출물,36,,unknown,unmatched
seed_additional_100_ko_official-091,드럼스틱씨오일,드럼스틱씨오일,37,,unknown,unmatched
seed_additional_100_ko_official-091,알로에베라꽃추출물,알로에베라꽃추출물,38,,unknown,unmatched
seed_additional_100_ko_official-091,호호바씨오일,호호바씨오일,39,,unknown,unmatched
seed_additional_100_ko_official-091,마데카소사이드,마데카소사이드,40,,unknown,unmatched
seed_additional_100_ko_official-091,아시아티코사이드,아시아티코사이드,41,,unknown,unmatched
seed_additional_100_ko_official-091,마데카식애씨드,마데카식애씨드,42,,unknown,unmatched
seed_additional_100_ko_official-091,병풀잎추출물,병풀잎추출물,43,,unknown,unmatched
seed_additional_100_ko_official-091,아시아틱애씨드,아시아틱애씨드,44,,unknown,unmatched
seed_additional_100_ko_official-092,정제수,정제수,1,,unknown,unmatched
seed_additional_100_ko_official-092,글리세린,글리세린,2,,unknown,unmatched
seed_additional_100_ko_official-092,미리스틱애씨드,미리스틱애씨드,3,,unknown,unmatched
seed_additional_100_ko_official-092,포타슘하이드록사이드,포타슘하이드록사이드,4,,unknown,unmatched
seed_additional_100_ko_official-092,라우릭애씨드,라우릭애씨드,5,,unknown,unmatched
seed_additional_100_ko_official-092,팔미틱애씨드,팔미틱애씨드,6,,unknown,unmatched
seed_additional_100_ko_official-092,스테아릭애씨드,스테아릭애씨드,7,,unknown,unmatched
seed_additional_100_ko_official-092,메틸프로판다이올,메틸프로판다이올,8,,unknown,unmatched
seed_additional_100_ko_official-092,포타슘라우레이트,포타슘라우레이트,9,,unknown,unmatched
seed_additional_100_ko_official-092,글리세릴스테아레이트,글리세릴스테아레이트,10,,unknown,unmatched
seed_additional_100_ko_official-092,라우릴베타인,라우릴베타인,11,,unknown,unmatched
seed_additional_100_ko_official-092,아크릴레이트코폴리머,아크릴레이트코폴리머,12,,unknown,unmatched
seed_additional_100_ko_official-092,포타슘코코일글리시네이트,포타슘코코일글리시네이트,13,,unknown,unmatched
seed_additional_100_ko_official-092,살리실릭애씨드,살리실릭애씨드,14,,unknown,unmatched
seed_additional_100_ko_official-092,솔비탄올리베이트,솔비탄올리베이트,15,,unknown,unmatched
seed_additional_100_ko_official-092,에틸헥실글리세린,에틸헥실글리세린,16,,unknown,unmatched
seed_additional_100_ko_official-092,소듐클로라이드,소듐클로라이드,17,,unknown,unmatched
seed_additional_100_ko_official-092,폴리쿼터늄-7,폴리쿼터늄-7,18,,unknown,unmatched
seed_additional_100_ko_official-092,소듐파이테이트,소듐파이테이트,19,,unknown,unmatched
seed_additional_100_ko_official-092,소듐폴리아크릴레이트,소듐폴리아크릴레이트,20,,unknown,unmatched
seed_additional_100_ko_official-092,부틸렌글라이콜,부틸렌글라이콜,21,,unknown,unmatched
seed_additional_100_ko_official-092,소듐벤조에이트,소듐벤조에이트,22,,unknown,unmatched
seed_additional_100_ko_official-092,"1,2-헥산다이올","1,2-헥산다이올",23,,unknown,unmatched
seed_additional_100_ko_official-092,하이드로제네이티드레시틴,하이드로제네이티드레시틴,24,,unknown,unmatched
seed_additional_100_ko_official-092,병풀추출물(15ppm),병풀추출물,25,15ppm,known,unmatched
seed_additional_100_ko_official-092,무화과추출물,무화과추출물,26,,unknown,unmatched
seed_additional_100_ko_official-092,베타-글루칸,베타-글루칸,27,,unknown,unmatched
seed_additional_100_ko_official-092,세라마이드엔피,세라마이드엔피,28,,unknown,unmatched
seed_additional_100_ko_official-092,폴리글리세릴-4카프레이트,폴리글리세릴-4카프레이트,29,,unknown,unmatched
seed_additional_100_ko_official-092,병풀잎추출물(701ppb),병풀잎추출물,30,701ppb,known,unmatched
seed_additional_100_ko_official-092,다이메틸실란올하이알루로네이트(15ppb),다이메틸실란올하이알루로네이트,31,15ppb,known,unmatched
seed_additional_100_ko_official-092,하이드롤라이즈드하이알루로닉애씨드(15ppb),하이드롤라이즈드하이알루로닉애씨드,32,15ppb,known,unmatched
seed_additional_100_ko_official-092,하이드롤라이즈드소듐하이알루로네이트(15ppb),하이드롤라이즈드소듐하이알루로네이트,33,15ppb,known,unmatched
seed_additional_100_ko_official-092,소듐하이알루로네이트(10ppb),소듐하이알루로네이트,34,10ppb,known,unmatched
seed_additional_100_ko_official-092,아크릴레이트/C10-30알킬아크릴레이트크로스폴리머,아크릴레이트/C10-30알킬아크릴레이트크로스폴리머,35,,unknown,unmatched
seed_additional_100_ko_official-092,카보머,카보머,36,,unknown,unmatched
seed_additional_100_ko_official-092,하이알루로닉애씨드(10ppb),하이알루로닉애씨드,37,10ppb,known,unmatched
seed_additional_100_ko_official-092,포타슘하이알루로네이트(10ppb),포타슘하이알루로네이트,38,10ppb,known,unmatched
seed_additional_100_ko_official-092,소듐하이알루로네이트크로스폴리머(8ppb),소듐하이알루로네이트크로스폴리머,39,8ppb,known,unmatched
seed_additional_100_ko_official-092,하이드록시프로필트라이모늄하이알루로네이트(8ppb),하이드록시프로필트라이모늄하이알루로네이트,40,8ppb,known,unmatched
seed_additional_100_ko_official-092,소듐하이알루로네이트다이메틸실란올(5ppb),소듐하이알루로네이트다이메틸실란올,41,5ppb,known,unmatched
seed_additional_100_ko_official-092,에난티아 클로란타껍질추출물,에난티아 클로란타껍질추출물,42,,unknown,unmatched
seed_additional_100_ko_official-092,소듐아세틸레이티드하이알루로네이트(4ppb),소듐아세틸레이티드하이알루로네이트,43,4ppb,known,unmatched
seed_additional_100_ko_official-092,피토스테롤,피토스테롤,44,,unknown,unmatched
seed_additional_100_ko_official-092,칡뿌리추출물,칡뿌리추출물,45,,unknown,unmatched
seed_additional_100_ko_official-092,대왕소나무잎추출물,대왕소나무잎추출물,46,,unknown,unmatched
seed_additional_100_ko_official-092,당느릅나무뿌리추출물,당느릅나무뿌리추출물,47,,unknown,unmatched
seed_additional_100_ko_official-092,달맞이꽃꽃추출물,달맞이꽃꽃추출물,48,,unknown,unmatched
seed_additional_100_ko_official-092,올레아놀릭애씨드,올레아놀릭애씨드,49,,unknown,unmatched
seed_additional_100_ko_official-093,정제수,정제수,1,,unknown,unmatched
seed_additional_100_ko_official-093,부틸렌글라이콜,부틸렌글라이콜,2,,unknown,unmatched
seed_additional_100_ko_official-093,글리세린,글리세린,3,,unknown,unmatched
seed_additional_100_ko_official-093,다이프로필렌글라이콜,다이프로필렌글라이콜,4,,unknown,unmatched
seed_additional_100_ko_official-093,나이아신아마이드,나이아신아마이드,5,,unknown,unmatched
seed_additional_100_ko_official-093,"1,2-헥산다이올","1,2-헥산다이올",6,,unknown,unmatched
seed_additional_100_ko_official-093,프로판다이올,프로판다이올,7,,unknown,unmatched
seed_additional_100_ko_official-093,하이드록시아세토페논,하이드록시아세토페논,8,,unknown,unmatched
seed_additional_100_ko_official-093,병풀추출물,병풀추출물,9,,unknown,unmatched
seed_additional_100_ko_official-093,소듐시트레이트,소듐시트레이트,10,,unknown,unmatched
seed_additional_100_ko_official-093,판테놀,판테놀,11,,unknown,unmatched
seed_additional_100_ko_official-093,옥수수커넬추출물,옥수수커넬추출물,12,,unknown,unmatched
seed_additional_100_ko_official-093,시트릭애씨드,시트릭애씨드,13,,unknown,unmatched
seed_additional_100_ko_official-093,에틸헥실글리세린,에틸헥실글리세린,14,,unknown,unmatched
seed_additional_100_ko_official-093,잔탄검,잔탄검,15,,unknown,unmatched
seed_additional_100_ko_official-093,하이드록시에틸셀룰로오스,하이드록시에틸셀룰로오스,16,,unknown,unmatched
seed_additional_100_ko_official-093,황련뿌리추출물,황련뿌리추출물,17,,unknown,unmatched
seed_additional_100_ko_official-093,알란토인,알란토인,18,,unknown,unmatched
seed_additional_100_ko_official-093,글리세레스-25피씨에이아이소스테아레이트,글리세레스-25피씨에이아이소스테아레이트,19,,unknown,unmatched
seed_additional_100_ko_official-093,트라이소듐에틸렌다이아민다이석시네이트,트라이소듐에틸렌다이아민다이석시네이트,20,,unknown,unmatched
seed_additional_100_ko_official-093,카카오씨추출물,카카오씨추출물,21,,unknown,unmatched
seed_additional_100_ko_official-093,덱스트린,덱스트린,22,,unknown,unmatched
seed_additional_100_ko_official-093,프룩탄,프룩탄,23,,unknown,unmatched
seed_additional_100_ko_official-093,백미꽃추출물,백미꽃추출물,24,,unknown,unmatched
seed_additional_100_ko_official-093,하이알루로닉애씨드,하이알루로닉애씨드,25,,unknown,unmatched
seed_additional_100_ko_official-093,하이드롤라이즈드하이알루로닉애씨드,하이드롤라이즈드하이알루로닉애씨드,26,,unknown,unmatched
seed_additional_100_ko_official-093,소듐하이알루로네이트,소듐하이알루로네이트,27,,unknown,unmatched
seed_additional_100_ko_official-093,글루코오스,글루코오스,28,,unknown,unmatched
seed_additional_100_ko_official-093,4-터피네올,4-터피네올,29,,unknown,unmatched
seed_additional_100_ko_official-093,비사보롤,비사보롤,30,,unknown,unmatched
seed_additional_100_ko_official-093,마데카식애씨드,마데카식애씨드,31,,unknown,unmatched
seed_additional_100_ko_official-093,아시아티코사이드,아시아티코사이드,32,,unknown,unmatched
seed_additional_100_ko_official-093,아시아틱애씨드,아시아틱애씨드,33,,unknown,unmatched
seed_additional_100_ko_official-093,베타-시토스테롤,베타-시토스테롤,34,,unknown,unmatched
seed_additional_100_ko_official-093,아스코빅애씨드,아스코빅애씨드,35,,unknown,unmatched
seed_additional_100_ko_official-093,마데카소사이드,마데카소사이드,36,,unknown,unmatched
seed_additional_100_ko_official-094,정제수,정제수,1,,unknown,unmatched
seed_additional_100_ko_official-094,부틸렌글라이콜,부틸렌글라이콜,2,,unknown,unmatched
seed_additional_100_ko_official-094,프로판다이올,프로판다이올,3,,unknown,unmatched
seed_additional_100_ko_official-094,다이프로필렌글라이콜,다이프로필렌글라이콜,4,,unknown,unmatched
seed_additional_100_ko_official-094,글리세린,글리세린,5,,unknown,unmatched
seed_additional_100_ko_official-094,"1,2-헥산다이올","1,2-헥산다이올",6,,unknown,unmatched
seed_additional_100_ko_official-094,글리세레스-26,글리세레스-26,7,,unknown,unmatched
seed_additional_100_ko_official-094,하이드록시아세토페논,하이드록시아세토페논,8,,unknown,unmatched
seed_additional_100_ko_official-094,하이드록시에틸우레아,하이드록시에틸우레아,9,,unknown,unmatched
seed_additional_100_ko_official-094,카보머,카보머,10,,unknown,unmatched
seed_additional_100_ko_official-094,알지닌,알지닌,11,,unknown,unmatched
seed_additional_100_ko_official-094,판테놀,판테놀,12,,unknown,unmatched
seed_additional_100_ko_official-094,아데노신,아데노신,13,,unknown,unmatched
seed_additional_100_ko_official-094,잔탄검,잔탄검,14,,unknown,unmatched
seed_additional_100_ko_official-094,소듐하이알루로네이트,소듐하이알루로네이트,15,,unknown,unmatched
seed_additional_100_ko_official-094,트라이소듐에틸렌다이아민다이석시네이트,트라이소듐에틸렌다이아민다이석시네이트,16,,unknown,unmatched
seed_additional_100_ko_official-094,글리세릴아크릴레이트/아크릴릭애씨드코폴리머,글리세릴아크릴레이트/아크릴릭애씨드코폴리머,17,,unknown,unmatched
seed_additional_100_ko_official-094,검정콩추출물,검정콩추출물,18,,unknown,unmatched
seed_additional_100_ko_official-094,글리세릴글루코사이드,글리세릴글루코사이드,19,,unknown,unmatched
seed_additional_100_ko_official-094,흰목이버섯폴리사카라이드,흰목이버섯폴리사카라이드,20,,unknown,unmatched
seed_additional_100_ko_official-094,하이알루로닉애씨드,하이알루로닉애씨드,21,,unknown,unmatched
seed_additional_100_ko_official-094,하이드롤라이즈드하이알루로닉애씨드,하이드롤라이즈드하이알루로닉애씨드,22,,unknown,unmatched
seed_additional_100_ko_official-094,하이드롤라이즈드소듐하이알루로네이트,하이드롤라이즈드소듐하이알루로네이트,23,,unknown,unmatched
seed_additional_100_ko_official-094,하이드록시프로필트라이모늄하이알루로네이트,하이드록시프로필트라이모늄하이알루로네이트,24,,unknown,unmatched
seed_additional_100_ko_official-094,포타슘하이알루로네이트,포타슘하이알루로네이트,25,,unknown,unmatched
seed_additional_100_ko_official-094,소듐하이알루로네이트크로스폴리머,소듐하이알루로네이트크로스폴리머,26,,unknown,unmatched
seed_additional_100_ko_official-094,판토락톤,판토락톤,27,,unknown,unmatched
seed_additional_100_ko_official-094,판토테닉애씨드,판토테닉애씨드,28,,unknown,unmatched
seed_additional_100_ko_official-094,펜틸렌글라이콜,펜틸렌글라이콜,29,,unknown,unmatched
seed_additional_100_ko_official-094,소듐아세틸레이티드하이알루로네이트,소듐아세틸레이티드하이알루로네이트,30,,unknown,unmatched
seed_additional_100_ko_official-094,다이메틸실란올하이알루로네이트,다이메틸실란올하이알루로네이트,31,,unknown,unmatched
seed_additional_100_ko_official-094,소듐하이알루로네이트다이메틸실란올,소듐하이알루로네이트다이메틸실란올,32,,unknown,unmatched
seed_additional_100_ko_official-095,정제수,정제수,1,,unknown,unmatched
seed_additional_100_ko_official-095,트라이에틸헥사노인,트라이에틸헥사노인,2,,unknown,unmatched
seed_additional_100_ko_official-095,글리세린,글리세린,3,,unknown,unmatched
seed_additional_100_ko_official-095,라우릴폴리글리세릴-3폴리다이메틸실록시에틸다이메티콘,라우릴폴리글리세릴-3폴리다이메틸실록시에틸다이메티콘,4,,unknown,unmatched
seed_additional_100_ko_official-095,프로판다이올,프로판다이올,5,,unknown,unmatched
seed_additional_100_ko_official-095,보론나이트라이드,보론나이트라이드,6,,unknown,unmatched
seed_additional_100_ko_official-095,C12-15알킬벤조에이트,C12-15알킬벤조에이트,7,,unknown,unmatched
seed_additional_100_ko_official-095,펜틸렌글라이콜,펜틸렌글라이콜,8,,unknown,unmatched
seed_additional_100_ko_official-095,폴리메틸실세스퀴옥세인,폴리메틸실세스퀴옥세인,9,,unknown,unmatched
seed_additional_100_ko_official-095,병풀추출물(2.4%),병풀추출물,10,2.4%,known,unmatched
seed_additional_100_ko_official-095,다이프로필렌글라이콜,다이프로필렌글라이콜,11,,unknown,unmatched
seed_additional_100_ko_official-095,메틸프로판다이올,메틸프로판다이올,12,,unknown,unmatched
seed_additional_100_ko_official-095,아이소도데케인,아이소도데케인,13,,unknown,unmatched
seed_additional_100_ko_official-095,다이스테아다이모늄헥토라이트,다이스테아다이모늄헥토라이트,14,,unknown,unmatched
seed_additional_100_ko_official-095,판테놀,판테놀,15,,unknown,unmatched
seed_additional_100_ko_official-095,"1,2-헥산다이올","1,2-헥산다이올",16,,unknown,unmatched
seed_additional_100_ko_official-095,아크릴레이트/폴리트라이메틸실록시메타크릴레이트코폴리머,아크릴레이트/폴리트라이메틸실록시메타크릴레이트코폴리머,17,,unknown,unmatched
seed_additional_100_ko_official-095,마그네슘설페이트,마그네슘설페이트,18,,unknown,unmatched
seed_additional_100_ko_official-095,카프릴로일살리실릭애씨드,카프릴로일살리실릭애씨드,19,,unknown,unmatched
seed_additional_100_ko_official-095,다이카프릴릴카보네이트,다이카프릴릴카보네이트,20,,unknown,unmatched
seed_additional_100_ko_official-095,알란토인,알란토인,21,,unknown,unmatched
seed_additional_100_ko_official-095,다이포타슘글리시리제이트,다이포타슘글리시리제이트,22,,unknown,unmatched
seed_additional_100_ko_official-095,하이드록시아세토페논,하이드록시아세토페논,23,,unknown,unmatched
seed_additional_100_ko_official-095,마데카식애씨드,마데카식애씨드,24,,unknown,unmatched
seed_additional_100_ko_official-095,카프릴릭/카프릭트라이글리세라이드,카프릴릭/카프릭트라이글리세라이드,25,,unknown,unmatched
seed_additional_100_ko_official-095,하이드로제네이티드레시틴,하이드로제네이티드레시틴,26,,unknown,unmatched
seed_additional_100_ko_official-095,아시아티코사이드,아시아티코사이드,27,,unknown,unmatched
seed_additional_100_ko_official-095,아시아틱애씨드,아시아틱애씨드,28,,unknown,unmatched
seed_additional_100_ko_official-095,칸디다 봄비콜라/글루코오스/메틸레이프씨데이트발효물,칸디다 봄비콜라/글루코오스/메틸레이프씨데이트발효물,29,,unknown,unmatched
seed_additional_100_ko_official-095,베타-시토스테롤,베타-시토스테롤,30,,unknown,unmatched
seed_additional_100_ko_official-095,카라멜,카라멜,31,,unknown,unmatched
seed_additional_100_ko_official-095,마데카소사이드,마데카소사이드,32,,unknown,unmatched
seed_additional_100_ko_official-095,인도멀구슬나무꽃추출물,인도멀구슬나무꽃추출물,33,,unknown,unmatched
seed_additional_100_ko_official-095,포도씨오일,포도씨오일,34,,unknown,unmatched
seed_additional_100_ko_official-095,홀리바질잎추출물,홀리바질잎추출물,35,,unknown,unmatched
seed_additional_100_ko_official-095,인도멀구슬나무잎추출물,인도멀구슬나무잎추출물,36,,unknown,unmatched
seed_additional_100_ko_official-095,토타롤,토타롤,37,,unknown,unmatched
seed_additional_100_ko_official-095,병풀잎추출물(117ppm),병풀잎추출물,38,117ppm,known,unmatched
seed_additional_100_ko_official-095,울금뿌리추출물,울금뿌리추출물,39,,unknown,unmatched
seed_additional_100_ko_official-095,참산호말추출물,참산호말추출물,40,,unknown,unmatched
seed_additional_100_ko_official-095,세라마이드엔피,세라마이드엔피,41,,unknown,unmatched
seed_additional_100_ko_official-095,토코페롤,토코페롤,42,,unknown,unmatched
seed_additional_100_ko_official-095,해바라기씨오일,해바라기씨오일,43,,unknown,unmatched
seed_additional_100_ko_official-096,정제수,정제수,1,,unknown,unmatched
seed_additional_100_ko_official-096,글리세린,글리세린,2,,unknown,unmatched
seed_additional_100_ko_official-096,프로판다이올,프로판다이올,3,,unknown,unmatched
seed_additional_100_ko_official-096,메틸프로판다이올,메틸프로판다이올,4,,unknown,unmatched
seed_additional_100_ko_official-096,"1,2-헥산다이올","1,2-헥산다이올",5,,unknown,unmatched
seed_additional_100_ko_official-096,하이드록시아세토페논,하이드록시아세토페논,6,,unknown,unmatched
seed_additional_100_ko_official-096,아크릴레이트/C10-30알킬아크릴레이트크로스폴리머,아크릴레이트/C10-30알킬아크릴레이트크로스폴리머,7,,unknown,unmatched
seed_additional_100_ko_official-096,아미노부티릭애씨드,아미노부티릭애씨드,8,,unknown,unmatched
seed_additional_100_ko_official-096,알지닌,알지닌,9,,unknown,unmatched
seed_additional_100_ko_official-096,에리스리톨,에리스리톨,10,,unknown,unmatched
seed_additional_100_ko_official-096,에틸헥실글리세린,에틸헥실글리세린,11,,unknown,unmatched
seed_additional_100_ko_official-096,폴리글리세릴-10라우레이트,폴리글리세릴-10라우레이트,12,,unknown,unmatched
seed_additional_100_ko_official-096,부틸렌글라이콜,부틸렌글라이콜,13,,unknown,unmatched
seed_additional_100_ko_official-096,메틸다이아이소프로필프로피온아마이드,메틸다이아이소프로필프로피온아마이드,14,,unknown,unmatched
seed_additional_100_ko_official-096,잔탄검,잔탄검,15,,unknown,unmatched
seed_additional_100_ko_official-096,다이소듐이디티에이,다이소듐이디티에이,16,,unknown,unmatched
seed_additional_100_ko_official-096,소듐하이알루로네이트,소듐하이알루로네이트,17,,unknown,unmatched
seed_additional_100_ko_official-096,하이드로제네이티드레시틴,하이드로제네이티드레시틴,18,,unknown,unmatched
seed_additional_100_ko_official-096,글리세릴글루코사이드,글리세릴글루코사이드,19,,unknown,unmatched
seed_additional_100_ko_official-096,녹두싹추출물(10ppm),녹두싹추출물,20,10ppm,known,unmatched
seed_additional_100_ko_official-096,녹두추출물(10ppm),녹두추출물,21,10ppm,known,unmatched
seed_additional_100_ko_official-096,팥추출물,팥추출물,22,,unknown,unmatched
seed_additional_100_ko_official-096,녹두씨추출물(5ppm),녹두씨추출물,23,5ppm,known,unmatched
seed_additional_100_ko_official-096,흰목이버섯폴리사카라이드,흰목이버섯폴리사카라이드,24,,unknown,unmatched
seed_additional_100_ko_official-096,밤부사 불가리스잎추출물,밤부사 불가리스잎추출물,25,,unknown,unmatched
seed_additional_100_ko_official-096,아마씨추출물,아마씨추출물,26,,unknown,unmatched
seed_additional_100_ko_official-096,트루로즈오브예리코추출물,트루로즈오브예리코추출물,27,,unknown,unmatched
seed_additional_100_ko_official-096,당호박추출물,당호박추출물,28,,unknown,unmatched
seed_additional_100_ko_official-096,감나무잎추출물,감나무잎추출물,29,,unknown,unmatched
seed_additional_100_ko_official-096,포도추출물,포도추출물,30,,unknown,unmatched
seed_additional_100_ko_official-096,잇꽃꽃추출물,잇꽃꽃추출물,31,,unknown,unmatched
seed_additional_100_ko_official-096,커피콩추출물,커피콩추출물,32,,unknown,unmatched
seed_additional_100_ko_official-096,호장근뿌리추출물,호장근뿌리추출물,33,,unknown,unmatched
seed_additional_100_ko_official-096,녹차추출물,녹차추출물,34,,unknown,unmatched
seed_additional_100_ko_official-096,밤껍질추출물,밤껍질추출물,35,,unknown,unmatched
seed_additional_100_ko_official-096,초피나무열매추출물,초피나무열매추출물,36,,unknown,unmatched
seed_additional_100_ko_official-096,소두구씨오일,소두구씨오일,37,,unknown,unmatched
seed_additional_100_ko_official-096,하이알루로닉애씨드,하이알루로닉애씨드,38,,unknown,unmatched
seed_additional_100_ko_official-096,하이드롤라이즈드하이알루로닉애씨드,하이드롤라이즈드하이알루로닉애씨드,39,,unknown,unmatched
seed_additional_100_ko_official-096,하이드롤라이즈드소듐하이알루로네이트,하이드롤라이즈드소듐하이알루로네이트,40,,unknown,unmatched
seed_additional_100_ko_official-096,하이드록시프로필트라이모늄하이알루로네이트,하이드록시프로필트라이모늄하이알루로네이트,41,,unknown,unmatched
seed_additional_100_ko_official-096,포타슘하이알루로네이트,포타슘하이알루로네이트,42,,unknown,unmatched
seed_additional_100_ko_official-096,소듐하이알루로네이트크로스폴리머,소듐하이알루로네이트크로스폴리머,43,,unknown,unmatched
seed_additional_100_ko_official-096,팔미토일펜타펩타이드-4,팔미토일펜타펩타이드-4,44,,unknown,unmatched
seed_additional_100_ko_official-096,팔미토일트라이펩타이드-1,팔미토일트라이펩타이드-1,45,,unknown,unmatched
seed_additional_100_ko_official-096,헥사펩타이드-9,헥사펩타이드-9,46,,unknown,unmatched
seed_additional_100_ko_official-096,아세틸헥사펩타이드-8,아세틸헥사펩타이드-8,47,,unknown,unmatched
seed_additional_100_ko_official-096,펜틸렌글라이콜,펜틸렌글라이콜,48,,unknown,unmatched
seed_additional_100_ko_official-096,소듐아세틸레이티드하이알루로네이트,소듐아세틸레이티드하이알루로네이트,49,,unknown,unmatched
seed_additional_100_ko_official-096,트라이펩타이드-1,트라이펩타이드-1,50,,unknown,unmatched
seed_additional_100_ko_official-096,카퍼트라이펩타이드-1,카퍼트라이펩타이드-1,51,,unknown,unmatched
seed_additional_100_ko_official-096,다이메틸실란올하이알루로네이트,다이메틸실란올하이알루로네이트,52,,unknown,unmatched
seed_additional_100_ko_official-096,소듐하이알루로네이트다이메틸실란올,소듐하이알루로네이트다이메틸실란올,53,,unknown,unmatched
seed_additional_100_ko_official-097,정제수,정제수,1,,unknown,unmatched
seed_additional_100_ko_official-097,부틸렌글라이콜,부틸렌글라이콜,2,,unknown,unmatched
seed_additional_100_ko_official-097,글리세린,글리세린,3,,unknown,unmatched
seed_additional_100_ko_official-097,다이프로필렌글라이콜,다이프로필렌글라이콜,4,,unknown,unmatched
seed_additional_100_ko_official-097,"1,2-헥산다이올","1,2-헥산다이올",5,,unknown,unmatched
seed_additional_100_ko_official-097,나이아신아마이드,나이아신아마이드,6,,unknown,unmatched
seed_additional_100_ko_official-097,카보머,카보머,7,,unknown,unmatched
seed_additional_100_ko_official-097,알란토인,알란토인,8,,unknown,unmatched
seed_additional_100_ko_official-097,암모늄아크릴로일다이메틸타우레이트/브이피코폴리머,암모늄아크릴로일다이메틸타우레이트/브이피코폴리머,9,,unknown,unmatched
seed_additional_100_ko_official-097,흰목이버섯폴리사카라이드,흰목이버섯폴리사카라이드,10,,unknown,unmatched
seed_additional_100_ko_official-097,메도우폼씨오일,메도우폼씨오일,11,,unknown,unmatched
seed_additional_100_ko_official-097,잔탄검,잔탄검,12,,unknown,unmatched
seed_additional_100_ko_official-097,아데노신,아데노신,13,,unknown,unmatched
seed_additional_100_ko_official-097,하이드록시아세토페논,하이드록시아세토페논,14,,unknown,unmatched
seed_additional_100_ko_official-097,소듐하이알루로네이트(300ppm),소듐하이알루로네이트,15,300ppm,known,unmatched
seed_additional_100_ko_official-097,알지닌,알지닌,16,,unknown,unmatched
seed_additional_100_ko_official-097,소듐파이테이트,소듐파이테이트,17,,unknown,unmatched
seed_additional_100_ko_official-097,카프릴릴글라이콜,카프릴릴글라이콜,18,,unknown,unmatched
seed_additional_100_ko_official-097,글리세릴아크릴레이트/아크릴릭애씨드코폴리머,글리세릴아크릴레이트/아크릴릭애씨드코폴리머,19,,unknown,unmatched
seed_additional_100_ko_official-097,판테놀,판테놀,20,,unknown,unmatched
seed_additional_100_ko_official-097,피브이엠/엠에이코폴리머,피브이엠/엠에이코폴리머,21,,unknown,unmatched
seed_additional_100_ko_official-097,치자추출물,치자추출물,22,,unknown,unmatched
seed_additional_100_ko_official-097,폴리글리세릴-3메틸글루코오스다이스테아레이트,폴리글리세릴-3메틸글루코오스다이스테아레이트,23,,unknown,unmatched
seed_additional_100_ko_official-097,하이드록시프로필트라이모늄하이알루로네이트,하이드록시프로필트라이모늄하이알루로네이트,24,,unknown,unmatched
seed_additional_100_ko_official-097,하이드로제네이티드레시틴,하이드로제네이티드레시틴,25,,unknown,unmatched
seed_additional_100_ko_official-097,블루아가베잎추출물,블루아가베잎추출물,26,,unknown,unmatched
seed_additional_100_ko_official-097,모란뿌리추출물,모란뿌리추출물,27,,unknown,unmatched
seed_additional_100_ko_official-097,메틸글루코오스세스퀴스테아레이트,메틸글루코오스세스퀴스테아레이트,28,,unknown,unmatched
seed_additional_100_ko_official-097,황련뿌리추출물,황련뿌리추출물,29,,unknown,unmatched
seed_additional_100_ko_official-097,세테아릴글루코사이드,세테아릴글루코사이드,30,,unknown,unmatched
seed_additional_100_ko_official-097,하이드롤라이즈드하이알루로닉애씨드,하이드롤라이즈드하이알루로닉애씨드,31,,unknown,unmatched
seed_additional_100_ko_official-097,소듐아세틸레이티드하이알루로네이트,소듐아세틸레이티드하이알루로네이트,32,,unknown,unmatched
seed_additional_100_ko_official-097,비사보롤,비사보롤,33,,unknown,unmatched
seed_additional_100_ko_official-097,다이포타슘글리시리제이트,다이포타슘글리시리제이트,34,,unknown,unmatched
seed_additional_100_ko_official-097,에틸헥실글리세린,에틸헥실글리세린,35,,unknown,unmatched
seed_additional_100_ko_official-097,베타인,베타인,36,,unknown,unmatched
seed_additional_100_ko_official-097,하이알루로닉애씨드,하이알루로닉애씨드,37,,unknown,unmatched
seed_additional_100_ko_official-097,소듐하이알루로네이트크로스폴리머,소듐하이알루로네이트크로스폴리머,38,,unknown,unmatched
seed_additional_100_ko_official-097,하이드롤라이즈드소듐하이알루로네이트,하이드롤라이즈드소듐하이알루로네이트,39,,unknown,unmatched
seed_additional_100_ko_official-097,포타슘하이알루로네이트,포타슘하이알루로네이트,40,,unknown,unmatched
seed_additional_100_ko_official-098,정제수,정제수,1,,unknown,unmatched
seed_additional_100_ko_official-098,부틸렌글라이콜,부틸렌글라이콜,2,,unknown,unmatched
seed_additional_100_ko_official-098,글리세린,글리세린,3,,unknown,unmatched
seed_additional_100_ko_official-098,"1,2-헥산다이올","1,2-헥산다이올",4,,unknown,unmatched
seed_additional_100_ko_official-098,"병풀추출물(4,190ppm)",병풀추출물,5,"4,190ppm",known,unmatched
seed_additional_100_ko_official-098,판테놀,판테놀,6,,unknown,unmatched
seed_additional_100_ko_official-098,카보머,카보머,7,,unknown,unmatched
seed_additional_100_ko_official-098,트로메타민,트로메타민,8,,unknown,unmatched
seed_additional_100_ko_official-098,다이포타슘글리시리제이트,다이포타슘글리시리제이트,9,,unknown,unmatched
seed_additional_100_ko_official-098,알란토인,알란토인,10,,unknown,unmatched
seed_additional_100_ko_official-098,하이드록시아세토페논,하이드록시아세토페논,11,,unknown,unmatched
seed_additional_100_ko_official-098,다이소듐이디티에이,다이소듐이디티에이,12,,unknown,unmatched
seed_additional_100_ko_official-098,판토락톤,판토락톤,13,,unknown,unmatched
seed_additional_100_ko_official-098,프로판다이올,프로판다이올,14,,unknown,unmatched
seed_additional_100_ko_official-099,정제수,정제수,1,,unknown,unmatched
seed_additional_100_ko_official-099,부틸렌글라이콜,부틸렌글라이콜,2,,unknown,unmatched
seed_additional_100_ko_official-099,글리세린,글리세린,3,,unknown,unmatched
seed_additional_100_ko_official-099,카프릴릭/카프릭트라이글리세라이드,카프릴릭/카프릭트라이글리세라이드,4,,unknown,unmatched
seed_additional_100_ko_official-099,"1,2-헥산다이올","1,2-헥산다이올",5,,unknown,unmatched
seed_additional_100_ko_official-099,폴리글리세릴-3메틸글루코오스다이스테아레이트,폴리글리세릴-3메틸글루코오스다이스테아레이트,6,,unknown,unmatched
seed_additional_100_ko_official-099,스쿠알란,스쿠알란,7,,unknown,unmatched
seed_additional_100_ko_official-099,글리세릴스테아레이트에스이,글리세릴스테아레이트에스이,8,,unknown,unmatched
seed_additional_100_ko_official-099,아크릴레이트/C10-30알킬아크릴레이트크로스폴리머,아크릴레이트/C10-30알킬아크릴레이트크로스폴리머,9,,unknown,unmatched
seed_additional_100_ko_official-099,알란토인,알란토인,10,,unknown,unmatched
seed_additional_100_ko_official-099,판테놀,판테놀,11,,unknown,unmatched
seed_additional_100_ko_official-099,트레할로오스,트레할로오스,12,,unknown,unmatched
seed_additional_100_ko_official-099,트로메타민,트로메타민,13,,unknown,unmatched
seed_additional_100_ko_official-099,카보머,카보머,14,,unknown,unmatched
seed_additional_100_ko_official-099,다이포타슘글리시리제이트,다이포타슘글리시리제이트,15,,unknown,unmatched
seed_additional_100_ko_official-099,캐모마일꽃추출물(515ppm),캐모마일꽃추출물,16,515ppm,known,unmatched
seed_additional_100_ko_official-099,에틸헥실글리세린,에틸헥실글리세린,17,,unknown,unmatched
seed_additional_100_ko_official-099,다이소듐이디티에이,다이소듐이디티에이,18,,unknown,unmatched
seed_additional_100_ko_official-099,잔탄검,잔탄검,19,,unknown,unmatched
seed_additional_100_ko_official-099,귀리단백질추출물,귀리단백질추출물,20,,unknown,unmatched
seed_additional_100_ko_official-099,락토바실러스/소이밀크발효여과물,락토바실러스/소이밀크발효여과물,21,,unknown,unmatched
seed_additional_100_ko_official-099,세라마이드엔피,세라마이드엔피,22,,unknown,unmatched
seed_additional_100_ko_official-100,정제수,정제수,1,,unknown,unmatched
seed_additional_100_ko_official-100,글리세린,글리세린,2,,unknown,unmatched
seed_additional_100_ko_official-100,포타슘스테아레이트,포타슘스테아레이트,3,,unknown,unmatched
seed_additional_100_ko_official-100,포타슘미리스테이트,포타슘미리스테이트,4,,unknown,unmatched
seed_additional_100_ko_official-100,포타슘팔미테이트,포타슘팔미테이트,5,,unknown,unmatched
seed_additional_100_ko_official-100,포타슘라우레이트,포타슘라우레이트,6,,unknown,unmatched
seed_additional_100_ko_official-100,스테아릭애씨드,스테아릭애씨드,7,,unknown,unmatched
seed_additional_100_ko_official-100,미리스틱애씨드,미리스틱애씨드,8,,unknown,unmatched
seed_additional_100_ko_official-100,팔미틱애씨드,팔미틱애씨드,9,,unknown,unmatched
seed_additional_100_ko_official-100,나이아신아마이드,나이아신아마이드,10,,unknown,unmatched
seed_additional_100_ko_official-100,라우릭애씨드,라우릭애씨드,11,,unknown,unmatched
seed_additional_100_ko_official-100,코코-베타인,코코-베타인,12,,unknown,unmatched
seed_additional_100_ko_official-100,폴리글리세릴-3다이스테아레이트,폴리글리세릴-3다이스테아레이트,13,,unknown,unmatched
seed_additional_100_ko_official-100,"살리실릭애씨드(5,000ppm)",살리실릭애씨드,14,"5,000ppm",known,unmatched
seed_additional_100_ko_official-100,글리세릴스테아레이트,글리세릴스테아레이트,15,,unknown,unmatched
seed_additional_100_ko_official-100,소듐클로라이드,소듐클로라이드,16,,unknown,unmatched
seed_additional_100_ko_official-100,만니톨,만니톨,17,,unknown,unmatched
seed_additional_100_ko_official-100,폴리쿼터늄-67,폴리쿼터늄-67,18,,unknown,unmatched
seed_additional_100_ko_official-100,소듐코코일알라니네이트,소듐코코일알라니네이트,19,,unknown,unmatched
seed_additional_100_ko_official-100,글리세릴스테아레이트시트레이트,글리세릴스테아레이트시트레이트,20,,unknown,unmatched
seed_additional_100_ko_official-100,마이크로크리스탈린셀룰로오스,마이크로크리스탈린셀룰로오스,21,,unknown,unmatched
seed_additional_100_ko_official-100,"1,2-헥산다이올","1,2-헥산다이올",22,,unknown,unmatched
seed_additional_100_ko_official-100,치자추출물,치자추출물,23,,unknown,unmatched
seed_additional_100_ko_official-100,수크로오스,수크로오스,24,,unknown,unmatched
seed_additional_100_ko_official-100,덱스트린,덱스트린,25,,unknown,unmatched
seed_additional_100_ko_official-100,옥수수전분,옥수수전분,26,,unknown,unmatched
seed_additional_100_ko_official-100,하이드록시프로필메틸셀룰로오스,하이드록시프로필메틸셀룰로오스,27,,unknown,unmatched
seed_additional_100_ko_official-100,적색산화철,적색산화철,28,,unknown,unmatched
seed_additional_100_ko_official-100,소듐아세테이트,소듐아세테이트,29,,unknown,unmatched
seed_additional_100_ko_official-100,미네랄솔트(10ppm),미네랄솔트,30,10ppm,known,unmatched
seed_additional_100_ko_official-100,코치닐선인장열매추출물,코치닐선인장열매추출물,31,,unknown,unmatched
seed_additional_100_ko_official-100,히비스커스꽃추출물(10ppm),히비스커스꽃추출물,32,10ppm,known,unmatched
seed_additional_100_ko_official-100,소듐하이알루로네이트,소듐하이알루로네이트,33,,unknown,unmatched
seed_additional_100_ko_official-100,판테놀,판테놀,34,,unknown,unmatched
seed_additional_100_ko_official-100,파스향나무잎추출물(100ppb),파스향나무잎추출물,35,100ppb,known,unmatched
seed_additional_100_ko_official-100,시트릭애씨드(100ppb),시트릭애씨드,36,100ppb,known,unmatched
seed_additional_100_ko_official-100,알란토인,알란토인,37,,unknown,unmatched
